ProjectId,CustomerId,ProjectName,Status,BudgetUsd,SpentUsd,StartDate,TargetEndDate
1,154,Streamlined discrete ability,Paused,3326758,804383,2025-12-19,2027-10-05
2,271,User-centric discrete focus group,Active,13929147,7329818,2025-07-24,2027-10-14
3,102,Open-architected executive matrix,At Risk,22279862,22571892,2025-04-05,2027-08-23
4,277,Up-sized mission-critical customer loyalty,At Risk,18453325,11499836,2025-07-19,2028-05-28
5,230,Realigned bandwidth-monitored database,Planned,3022124,1869065,2026-03-02,2028-04-24
6,115,Phased solution-oriented capacity,Completed,38926142,38978119,2026-03-09,2026-10-29
7,164,Pre-emptive tangible time-frame,Active,18809374,10501378,2025-07-18,2027-08-07
8,5,Multi-lateral grid-enabled database,Active,11685868,2976530,2025-09-27,2026-11-15
9,103,Team-oriented motivating monitoring,Active,33395279,25702508,2024-12-10,2028-04-29
10,8,Cross-group dedicated infrastructure,Planned,24510846,23265934,2025-05-28,2027-04-22
11,107,Streamlined disintermediate encryption,Planned,15016579,3027973,2025-06-09,2026-08-27
12,10,Up-sized methodical task-force,Active,37212147,23472217,2025-06-21,2027-04-19
13,150,Distributed multimedia methodology,Paused,27465415,15829767,2025-01-22,2028-06-11
14,57,Phased cohesive installation,Paused,724085,146835,2026-03-27,2027-11-05
15,293,Progressive multimedia archive,Planned,38526433,39658957,2024-06-18,2027-11-12
16,130,Fully-configurable optimizing array,Planned,8393400,4508437,2025-04-08,2027-07-23
17,12,Enhanced multi-tasking migration,Planned,39299321,39008676,2025-10-04,2027-05-18
18,197,Sharable directional portal,Active,38498870,31760178,2025-09-19,2027-02-25
19,121,Sharable non-volatile definition,Active,9718986,7473648,2026-04-16,2028-06-12
20,234,Vision-oriented next generation collaboration,Paused,39455497,29938867,2026-05-03,2028-01-20
21,236,Organized secondary model,Paused,3401740,1776421,2024-08-23,2027-05-05
22,173,Monitored dynamic parallelism,Planned,20546186,13374768,2025-01-27,2028-02-14
23,281,Operative optimizing model,At Risk,28938541,17317517,2025-11-16,2026-12-26
24,199,Vision-oriented context-sensitive analyzer,Planned,16837903,3935409,2025-04-23,2027-09-28
25,264,Profound intangible attitude,Active,19011302,14600042,2026-02-17,2026-09-05
26,223,Optional systematic toolset,Active,8368553,7857773,2025-12-23,2026-10-28
27,229,Business-focused system-worthy info-mediaries,Paused,5935268,5766364,2025-06-05,2026-07-27
28,44,Synergistic object-oriented focus group,Paused,21763487,6022991,2025-03-17,2026-08-02
29,285,Configurable even-keeled strategy,At Risk,25188673,19553246,2026-05-16,2028-02-29
30,257,Realigned 24hour extranet,At Risk,9897355,8216393,2025-01-11,2026-09-19
31,77,Diverse 5thgeneration open architecture,At Risk,1619442,578081,2024-11-06,2027-05-01
32,7,Horizontal neutral knowledge user,At Risk,4991158,2502095,2025-01-20,2027-02-26
33,123,Enterprise-wide didactic knowledge user,Planned,19038419,10331855,2025-07-08,2028-05-29
34,229,Optimized tangible architecture,Paused,21985676,11241304,2025-05-23,2026-12-11
35,129,De-engineered local knowledgebase,At Risk,19417548,13263425,2026-05-05,2026-07-24
36,208,Operative well-modulated core,Planned,29387166,16649060,2025-08-24,2027-10-11
37,49,Managed scalable architecture,At Risk,4329907,2844511,2025-10-30,2027-04-22
38,9,Re-contextualized optimal application,Paused,9746865,7663591,2025-04-15,2028-01-06
39,47,Implemented asynchronous standardization,Active,34423900,11233629,2025-04-05,2027-07-31
40,114,Stand-alone directional instruction set,At Risk,34849592,19891897,2025-03-30,2027-11-21
41,1,Synergistic dynamic leverage,Completed,10418803,10393871,2025-11-25,2028-02-18
42,73,Operative zero-defect artificial intelligence,Paused,2660273,1704248,2026-03-22,2027-07-02
43,36,Multi-channeled directional Graphical User Interface,At Risk,33745096,14089467,2025-05-24,2027-06-13
44,70,Proactive multi-tasking hierarchy,At Risk,31778023,12353492,2025-07-21,2027-11-07
45,99,Grass-roots global middleware,Active,28021057,12850614,2024-11-29,2026-08-28
46,177,Synergized multimedia standardization,At Risk,30896536,6625434,2024-10-30,2027-01-30
47,45,Quality-focused non-volatile concept,Paused,11101874,7931141,2024-10-29,2027-09-19
48,72,Multi-tiered 5thgeneration forecast,Planned,37421307,29263918,2024-09-16,2027-01-12
49,282,Adaptive contextually-based hardware,Planned,8197738,6311384,2026-01-28,2027-04-09
50,91,Sharable analyzing collaboration,Planned,22369024,10896841,2024-09-09,2027-06-12
51,147,Programmable context-sensitive process improvement,Planned,27081326,7988191,2025-02-07,2028-05-18
52,32,Realigned needs-based archive,Active,31582017,22086583,2026-03-27,2027-12-27
53,29,Up-sized 24hour emulation,Planned,18150440,10054809,2025-04-23,2027-04-24
54,28,Virtual cohesive parallelism,Active,6121235,1873483,2025-01-09,2026-12-12
55,268,Profound uniform algorithm,Planned,10018328,5814371,2025-01-18,2027-06-20
56,46,Cross-group responsive complexity,Active,12196465,4469006,2025-04-22,2028-03-31
57,291,Reactive 24/7 migration,Planned,29069960,7470233,2025-11-17,2027-02-18
58,65,Decentralized 24/7 moderator,At Risk,2370656,1762670,2025-04-05,2028-03-03
59,273,Seamless optimizing Local Area Network,Completed,25516248,5347402,2026-03-30,2026-07-09
60,223,Proactive uniform synergy,At Risk,22217246,8581241,2025-06-08,2027-09-23
61,160,Expanded systematic artificial intelligence,At Risk,26024557,20873960,2024-11-30,2027-09-21
62,91,Automated composite service-desk,Completed,10085591,10207925,2025-05-16,2027-03-24
63,113,Implemented contextually-based help-desk,Planned,20522308,10625221,2026-03-19,2026-08-22
64,55,Open-architected holistic knowledge user,Planned,6313135,3006970,2025-03-02,2027-02-18
65,188,Innovative multi-state implementation,Active,33902126,27017219,2024-11-13,2026-10-20
66,159,Compatible 24/7 software,At Risk,33405353,30119460,2026-03-22,2027-06-23
67,121,User-friendly web-enabled ability,Completed,23869468,15835421,2025-12-25,2027-04-12
68,43,Mandatory foreground matrices,Paused,33361795,34339752,2024-11-12,2027-11-28
69,87,Virtual executive budgetary management,Planned,11350951,11128098,2024-07-22,2027-04-20
70,65,Vision-oriented 4thgeneration synergy,Active,31192721,23537657,2025-04-18,2027-04-02
71,202,Customizable incremental website,Paused,30804556,31392876,2025-10-08,2026-08-23
72,201,Mandatory content-based artificial intelligence,Completed,28472009,22321533,2025-04-25,2027-04-21
73,180,Team-oriented composite frame,Active,27256253,27003967,2025-01-09,2027-03-29
74,142,Right-sized maximized standardization,Paused,5539760,5505446,2025-08-09,2027-07-04
75,227,Implemented didactic emulation,Completed,27832074,25255103,2025-12-07,2028-04-03
76,262,Networked regional knowledge user,At Risk,18490032,15823561,2025-02-04,2027-02-28
77,243,Multi-lateral empowering infrastructure,Active,31745310,28214963,2025-12-26,2027-04-05
78,297,Ergonomic encompassing time-frame,At Risk,4432539,3237805,2026-05-27,2027-04-29
79,8,Multi-layered content-based encoding,Planned,2849435,1546126,2026-02-25,2027-07-30
80,262,Self-enabling fault-tolerant portal,Completed,20754659,12774426,2025-10-29,2028-05-13
81,155,Reverse-engineered impactful implementation,At Risk,10169334,3093611,2025-11-14,2027-07-30
82,140,Up-sized systemic budgetary management,At Risk,14457622,6582665,2025-06-16,2027-12-27
83,215,Programmable next generation alliance,Planned,25794242,16884330,2025-01-07,2027-01-28
84,78,Ameliorated content-based instruction set,Completed,6230461,2985082,2026-05-14,2028-05-02
85,130,Progressive leadingedge firmware,At Risk,24309568,8163404,2025-02-08,2026-10-13
86,295,User-friendly human-resource capability,Completed,11947257,2559930,2026-03-23,2028-03-22
87,142,Organized reciprocal approach,Planned,19395493,14227350,2026-02-21,2026-10-27
88,64,User-friendly real-time database,Paused,7183051,5434566,2026-03-03,2027-09-06
89,253,Team-oriented explicit frame,Planned,13524130,8841570,2024-11-16,2028-05-04
90,272,Synergized cohesive artificial intelligence,Planned,10248341,5993100,2025-12-30,2027-01-18
91,220,Universal fresh-thinking groupware,At Risk,16070035,7305117,2026-01-28,2027-09-10
92,148,Right-sized 4thgeneration analyzer,Paused,33984147,31461781,2025-05-20,2027-03-07
93,92,Networked zero tolerance system engine,At Risk,4746834,3030545,2025-07-17,2026-10-08
94,215,Fully-configurable analyzing implementation,Completed,36426745,7986755,2025-09-14,2028-05-05
95,208,Monitored local moderator,Planned,17826183,16380875,2026-05-10,2027-05-16
96,178,Compatible secondary software,Planned,6999457,6143729,2025-03-06,2028-05-22
97,94,Business-focused executive attitude,At Risk,6514156,2173306,2024-11-30,2027-06-16
98,160,Polarized homogeneous matrix,At Risk,13558257,10099607,2025-08-21,2028-01-29
99,43,Switchable system-worthy project,Planned,12915005,5232148,2024-11-06,2026-10-06
100,61,De-engineered encompassing policy,Paused,27340758,6624526,2025-03-15,2026-12-08
101,271,Configurable optimizing instruction set,Active,28846370,5869623,2025-05-17,2027-02-25
102,255,Organized optimal capability,Paused,9948089,2819273,2026-01-12,2026-07-28
103,198,Robust fault-tolerant groupware,Active,3948138,4025470,2024-12-20,2026-07-23
104,84,Diverse national strategy,Active,4593094,4728990,2025-09-03,2027-11-07
105,54,Innovative demand-driven open architecture,Paused,30378993,19962941,2026-04-05,2027-07-17
106,26,Multi-tiered optimizing knowledge user,At Risk,5780916,1585452,2025-03-30,2027-01-20
107,17,Decentralized disintermediate service-desk,Completed,1286262,481294,2025-03-19,2027-06-17
108,60,Visionary needs-based model,Completed,16553228,4779883,2025-04-15,2027-07-01
109,51,Reduced hybrid portal,Paused,39973694,35288281,2026-02-25,2027-07-10
110,213,Polarized multi-state interface,Planned,3459303,2933349,2024-11-27,2028-04-15
111,199,Innovative bottom-line moratorium,At Risk,10841339,9012020,2025-10-21,2027-02-21
112,27,Automated value-added success,Paused,34446121,14276109,2026-03-17,2027-01-25
113,146,Business-focused systemic forecast,At Risk,31716977,27968815,2025-12-29,2027-01-07
114,187,Grass-roots contextually-based knowledgebase,Planned,1032540,745297,2024-07-23,2026-10-12
115,106,Innovative encompassing Graphical User Interface,At Risk,29763450,14369873,2025-11-14,2027-06-13
116,272,Open-source asymmetric approach,Planned,11516480,9053336,2025-08-17,2027-01-02
117,242,Streamlined cohesive neural-net,Completed,11571463,7674572,2025-05-19,2028-04-09
118,268,Persevering foreground array,Completed,632405,374060,2026-02-26,2026-12-28
119,29,Decentralized eco-centric implementation,Completed,15613418,9186889,2026-01-04,2026-12-23
120,55,Quality-focused composite open architecture,Paused,29038840,6470347,2026-04-15,2026-07-29
121,57,Intuitive incremental model,Active,31939934,32260508,2026-04-22,2027-09-12
122,67,Customizable systematic adapter,Paused,14009852,10672456,2025-07-19,2027-10-09
123,197,Public-key modular matrices,Planned,17265411,10347697,2025-05-08,2028-03-30
124,275,Phased heuristic algorithm,Active,13685238,8247910,2024-08-30,2027-08-19
125,21,Synergistic regional data-warehouse,Paused,30425089,28264741,2026-02-01,2027-09-06
126,55,Enhanced fresh-thinking infrastructure,At Risk,868024,304772,2026-05-05,2027-05-23
127,281,Seamless mission-critical solution,Paused,1401556,1064063,2025-12-16,2028-01-06
128,188,Object-based dynamic array,Paused,24015474,14082273,2025-12-10,2027-06-12
129,17,Polarized asymmetric model,At Risk,1388545,473305,2025-03-29,2027-04-21
130,151,Upgradable leadingedge support,Active,13429498,11585280,2025-12-12,2027-07-16
131,110,Cloned impactful emulation,Active,26925541,26928967,2026-01-02,2028-01-01
132,63,Object-based demand-driven utilization,Completed,26619639,18250865,2025-06-30,2026-12-25
133,196,Exclusive client-server synergy,Completed,37409601,18424288,2026-01-05,2026-10-07
134,133,Synergized reciprocal model,Planned,27136895,20436711,2025-04-11,2026-07-26
135,200,Function-based impactful infrastructure,At Risk,30094599,23060269,2025-03-03,2028-02-12
136,34,Re-contextualized mobile knowledge user,Planned,29721920,21232962,2024-07-07,2027-02-14
137,126,Object-based exuding flexibility,At Risk,39193230,35479855,2026-05-02,2028-01-28
138,73,Function-based non-volatile projection,Planned,6402397,2990808,2025-02-10,2026-09-18
139,209,Customer-focused solution-oriented Local Area Network,Completed,20411312,18032673,2025-03-13,2026-08-10
140,38,Quality-focused solution-oriented alliance,Planned,696072,416727,2026-02-08,2027-11-16
141,112,Progressive reciprocal encryption,Paused,13662385,6859914,2026-03-15,2028-04-18
142,133,Diverse national access,Active,10905271,4734169,2026-03-30,2028-01-18
143,58,Reverse-engineered cohesive adapter,Paused,36517560,33542587,2025-02-23,2028-03-07
144,71,Inverse 4thgeneration forecast,At Risk,19764826,12841569,2025-09-09,2027-04-16
145,258,Optimized regional instruction set,Planned,4826394,1848143,2025-08-15,2026-08-03
146,155,Configurable radical concept,Paused,7589837,6170764,2026-03-01,2026-11-17
147,39,Intuitive client-driven workforce,Active,1438192,665316,2025-01-15,2028-05-11
148,24,Decentralized foreground productivity,Planned,10289169,2919811,2025-05-06,2027-07-06
149,194,Future-proofed system-worthy website,Paused,32362017,25803756,2024-09-27,2027-05-03
150,199,Operative background projection,Active,19915368,10665721,2026-01-13,2027-06-13
151,119,Upgradable object-oriented synergy,Paused,22545579,8863077,2026-02-10,2028-01-29
152,47,Face-to-face disintermediate groupware,Planned,6672826,1351957,2025-04-21,2028-02-24
153,61,Integrated coherent adapter,Completed,18931259,18117777,2024-08-21,2027-01-13
154,133,Inverse local infrastructure,Paused,10833287,6577806,2026-05-01,2026-09-04
155,218,Universal static conglomeration,Active,8606037,4007380,2026-03-06,2028-02-24
156,283,Universal zero administration hierarchy,Planned,23013005,10733031,2024-07-23,2027-04-27
157,71,Cloned 24/7 data-warehouse,Completed,37042020,31095130,2024-08-10,2027-02-09
158,253,Sharable solution-oriented matrix,Active,22513430,19585770,2026-03-09,2027-10-24
159,120,Sharable incremental hub,Completed,25372282,21186205,2026-01-24,2026-12-04
160,260,Sharable interactive hub,At Risk,7007698,3387058,2025-10-27,2028-04-04
161,80,Horizontal interactive synergy,Planned,25658470,23320675,2024-07-31,2028-02-07
162,237,Centralized directional task-force,Completed,11189505,4346884,2025-12-07,2027-01-22
163,10,Open-source logistical service-desk,At Risk,10701766,4766328,2024-10-17,2027-01-07
164,223,Synergistic actuating archive,Completed,25217644,21195746,2026-02-26,2028-05-06
165,237,Versatile multimedia process improvement,At Risk,31844785,10104908,2024-10-16,2028-06-05
166,34,Robust bifurcated framework,Completed,30031445,8542410,2025-10-12,2028-02-14
167,105,Extended global productivity,Completed,4503447,3991564,2024-12-19,2026-11-11
168,63,Self-enabling transitional Internet solution,At Risk,24670175,12802525,2024-09-13,2028-06-05
169,247,Synchronized interactive workforce,Active,36072296,37002008,2025-11-29,2026-07-08
170,247,Team-oriented multimedia artificial intelligence,Completed,4507158,1711394,2026-01-31,2026-12-30
171,163,Profit-focused executive structure,Paused,20995416,21254102,2025-05-05,2027-02-28
172,9,Compatible dynamic support,At Risk,12862947,12060219,2025-12-11,2028-01-07
173,38,Persistent systematic flexibility,At Risk,20647691,12754110,2025-08-29,2027-06-29
174,236,User-centric foreground adapter,Active,12551260,6503533,2025-03-09,2028-03-20
175,289,Devolved static firmware,Completed,11993614,5706975,2024-07-22,2027-03-09
176,271,Intuitive zero administration flexibility,Completed,27433238,27829650,2025-04-08,2027-03-13
177,96,De-engineered analyzing initiative,At Risk,37645455,23657961,2025-08-28,2027-10-19
178,24,Stand-alone intermediate benchmark,At Risk,30511403,16652945,2024-08-23,2028-05-09
179,70,Up-sized grid-enabled throughput,Completed,1090254,621025,2025-08-10,2026-12-09
180,106,Organic coherent groupware,Planned,10051384,6000021,2024-12-02,2026-07-07
181,106,Decentralized foreground monitoring,Paused,23100063,8612720,2024-12-27,2027-02-11
182,206,Virtual radical toolset,Active,32336302,17674448,2024-12-10,2028-03-31
183,184,Virtual clear-thinking neural-net,Paused,8814132,3356836,2024-06-27,2027-02-19
184,221,Synergistic 3rdgeneration approach,Paused,34219491,30585153,2025-08-05,2026-11-01
185,27,Upgradable web-enabled database,Planned,27675523,26115019,2024-08-31,2027-03-15
186,135,Business-focused methodical open architecture,Paused,35096119,33775582,2025-06-04,2026-07-17
187,202,Mandatory systemic core,At Risk,16087096,5572294,2025-08-03,2028-02-29
188,190,Front-line well-modulated flexibility,At Risk,16191859,6728653,2025-09-09,2027-12-31
189,14,Expanded contextually-based synergy,Paused,35620496,35021355,2025-09-01,2028-03-22
190,75,Digitized 4thgeneration groupware,Completed,32227410,11795627,2025-10-13,2028-01-03
191,43,Multi-layered tertiary hardware,Completed,22369555,15543046,2026-04-14,2027-12-03
192,220,Multi-tiered client-server middleware,At Risk,17671967,14924058,2025-01-16,2027-06-25
193,99,Networked grid-enabled superstructure,Planned,21986843,11906753,2026-04-04,2027-07-29
194,243,Face-to-face discrete policy,Completed,33967291,23578883,2024-12-05,2027-08-23
195,256,Implemented demand-driven archive,Active,23149967,11244804,2024-07-06,2027-11-03
196,224,Configurable needs-based middleware,Planned,5565667,3823380,2025-06-12,2027-12-29
197,124,Reactive leadingedge moderator,Active,35764273,14861047,2026-04-01,2028-01-15
198,245,Progressive 24/7 service-desk,Active,14496746,13250897,2026-02-07,2027-03-05
199,234,Enterprise-wide uniform migration,Active,14240669,4978791,2024-12-05,2027-05-19
200,90,Exclusive 24/7 software,Planned,10280105,6169919,2026-02-13,2027-08-09
201,39,Realigned intermediate hierarchy,Completed,31591431,28085091,2025-09-07,2027-08-28
202,219,Visionary systemic model,Planned,8499503,8533764,2025-01-09,2027-12-25
203,217,Sharable system-worthy superstructure,At Risk,11431467,2829072,2024-06-28,2027-05-23
204,81,Implemented global instruction set,At Risk,36853221,18747882,2024-10-05,2027-02-18
205,138,User-friendly homogeneous productivity,Paused,37476787,20066687,2025-05-14,2028-04-03
206,120,Diverse local attitude,Planned,2573115,1315071,2026-04-14,2028-01-31
207,218,Profit-focused local help-desk,Paused,39228171,8101669,2025-06-21,2028-02-10
208,92,Business-focused optimal neural-net,Active,12961467,2910601,2026-02-25,2027-10-21
209,212,Automated mobile Graphical User Interface,Planned,38560710,33147255,2026-03-07,2027-10-20
210,49,De-engineered 6thgeneration extranet,Completed,18260425,6446648,2025-03-27,2028-04-01
211,138,Business-focused maximized forecast,Planned,33649466,29878200,2024-11-10,2026-07-21
212,217,Open-architected empowering monitoring,Planned,37066081,8190744,2024-12-11,2028-06-12
213,231,Ergonomic reciprocal concept,Planned,31575631,29470692,2024-07-15,2027-02-03
214,111,Function-based zero-defect flexibility,Active,5794550,3082999,2024-06-25,2027-06-11
215,229,Sharable bandwidth-monitored orchestration,Planned,3039905,2848947,2025-05-25,2028-04-12
216,17,Streamlined regional synergy,Active,19942456,13643453,2025-10-07,2026-09-30
217,95,Enterprise-wide analyzing system engine,Active,28134001,25128122,2024-11-02,2027-04-15
218,130,Enterprise-wide reciprocal software,Active,19167864,9827175,2026-05-06,2026-08-27
219,58,Object-based regional workforce,At Risk,29966124,9970479,2025-09-07,2028-04-25
220,228,Optional attitude-oriented productivity,Paused,29473656,29841397,2025-12-20,2027-04-11
221,3,Switchable intangible focus group,Paused,36634172,14085937,2025-05-25,2028-06-09
222,17,Pre-emptive system-worthy orchestration,At Risk,27089096,22420903,2024-11-19,2026-11-13
223,134,Mandatory intangible hierarchy,At Risk,4484619,1478611,2024-09-20,2027-11-16
224,282,Assimilated needs-based encryption,Paused,22213735,6447366,2024-08-30,2027-11-05
225,113,Virtual web-enabled core,Active,15490524,4733796,2024-06-24,2026-07-10
226,253,User-centric human-resource artificial intelligence,Planned,12491833,8106725,2025-09-10,2027-07-14
227,82,Enhanced background groupware,Completed,38825993,11563721,2024-10-06,2027-08-14
228,114,Balanced analyzing methodology,At Risk,23758023,17612783,2025-01-11,2028-01-31
229,289,Networked homogeneous structure,Completed,29205672,7283448,2025-10-23,2026-12-03
230,215,Automated neutral implementation,At Risk,30770955,16245841,2024-07-03,2027-02-02
231,88,Realigned stable encoding,Paused,30841740,28260301,2024-08-23,2027-06-20
232,156,Extended clear-thinking framework,Paused,24283891,24553473,2025-03-14,2027-12-14
233,251,Grass-roots methodical budgetary management,Paused,18168748,13035092,2024-07-13,2026-08-10
234,192,Object-based analyzing Internet solution,Planned,1970006,1134120,2025-05-04,2027-10-07
235,259,Pre-emptive logistical moderator,Planned,37050269,20782411,2025-06-28,2027-09-19
236,215,Compatible eco-centric capability,Completed,33629739,34463264,2025-07-07,2026-08-03
237,12,Persevering cohesive workforce,Planned,11784761,2793150,2025-08-22,2027-06-29
238,53,Function-based methodical process improvement,Active,38319510,38191497,2026-01-12,2028-02-17
239,24,Up-sized 6thgeneration success,Planned,11533625,4088920,2024-08-29,2026-09-12
240,191,Centralized user-facing hardware,Active,20485218,19095436,2025-12-13,2027-01-15
241,17,Sharable systematic interface,Paused,19156446,7950114,2025-11-24,2027-07-24
242,18,Multi-layered logistical system engine,Active,39644027,15337939,2025-03-02,2027-08-31
243,179,Face-to-face upward-trending definition,Active,13313658,5395106,2025-03-26,2027-05-30
244,4,Upgradable foreground productivity,Planned,11659036,4699561,2025-08-08,2027-12-05
245,21,Grass-roots zero administration matrix,At Risk,10732364,9358166,2026-04-09,2028-05-30
246,177,Ameliorated optimal task-force,Active,4384895,1290138,2025-08-29,2027-09-19
247,173,Self-enabling didactic synergy,Planned,19437436,9188182,2026-01-23,2027-06-14
248,116,Horizontal needs-based structure,Paused,27567018,18804650,2026-02-12,2027-02-15
249,287,Extended zero administration analyzer,Active,19515090,15162607,2025-07-03,2027-01-28
250,100,Extended content-based firmware,Active,16882155,6077253,2026-03-01,2026-07-24
251,151,Seamless needs-based conglomeration,Active,16928227,8923119,2024-07-04,2027-05-31
252,219,Automated 24hour algorithm,Paused,9275999,1910960,2024-10-03,2028-05-13
253,14,Persistent grid-enabled Graphical User Interface,Paused,23674670,15824017,2024-12-19,2027-03-10
254,119,Triple-buffered zero-defect pricing structure,At Risk,8617403,2627017,2025-04-20,2027-01-29
255,139,Universal background interface,Paused,6471061,2162658,2024-11-12,2026-10-14
256,30,Configurable bi-directional leverage,Paused,30218549,25609098,2026-02-13,2026-10-15
257,202,Sharable dedicated application,Paused,21408894,20410576,2024-10-30,2028-02-01
258,69,Profit-focused cohesive array,Active,4187747,1247365,2025-05-19,2028-05-17
259,255,Networked directional software,Completed,27343437,9964303,2024-12-09,2026-07-27
260,236,Visionary actuating toolset,At Risk,21135968,14542358,2026-04-19,2028-04-18
261,82,Reactive scalable productivity,Completed,4800095,4571245,2024-06-25,2028-03-29
262,94,Profound transitional interface,Paused,18398711,13467144,2026-03-04,2026-09-01
263,105,Down-sized zero administration hub,Planned,30473946,14742539,2025-06-08,2027-02-06
264,68,Total discrete approach,Planned,12534052,6621542,2025-03-25,2027-02-18
265,118,Vision-oriented maximized matrices,Active,7102468,4259652,2024-09-14,2026-09-15
266,206,Organic bi-directional standardization,At Risk,8997238,8850114,2025-03-30,2026-09-20
267,243,Re-contextualized multi-tasking attitude,Paused,21774302,7086450,2026-05-02,2028-03-02
268,205,Persevering intangible interface,Active,17303012,8962423,2026-05-09,2028-04-15
269,14,De-engineered attitude-oriented groupware,Active,28969816,8690550,2024-10-02,2027-04-29
270,14,Exclusive solution-oriented knowledge user,Active,702625,473567,2024-09-05,2026-07-15
271,273,Virtual 24hour infrastructure,Active,18424078,8507984,2025-06-30,2027-07-15
272,139,Optional even-keeled instruction set,Planned,4499306,1613329,2026-05-22,2028-02-17
273,33,Cross-platform explicit leverage,At Risk,24145322,18678799,2026-03-08,2027-03-12
274,182,Robust fault-tolerant interface,At Risk,1066598,494656,2025-07-11,2027-03-02
275,108,Sharable maximized frame,Planned,9766653,2766941,2026-05-11,2027-03-07
276,154,Intuitive logistical intranet,Planned,16355990,12315046,2026-04-04,2027-07-24
277,265,Re-contextualized scalable solution,Paused,30036388,18101279,2025-05-31,2027-06-14
278,237,Versatile directional software,Paused,9772260,4070835,2026-01-26,2027-03-29
279,65,Networked responsive info-mediaries,At Risk,25522990,19772967,2024-07-10,2027-12-03
280,68,Synchronized solution-oriented encryption,Paused,10689494,10750645,2025-09-25,2027-12-14
281,280,Assimilated bandwidth-monitored firmware,At Risk,16255609,12806212,2025-10-09,2026-07-19
282,165,Seamless heuristic structure,Paused,36618695,31371603,2025-09-18,2026-08-19
283,93,Organic secondary workforce,Paused,898193,405160,2024-08-09,2027-10-07
284,248,Visionary bandwidth-monitored process improvement,Completed,33460388,7843158,2025-08-23,2027-04-02
285,196,Synchronized responsive support,Active,38959485,14203367,2024-11-21,2026-12-12
286,121,Streamlined fault-tolerant matrix,Paused,11818944,8140849,2026-03-25,2026-10-22
287,221,Universal optimizing instruction set,Paused,24176009,6746998,2024-08-08,2026-09-09
288,30,Sharable secondary portal,Paused,11535317,5565138,2026-05-11,2027-03-08
289,149,Synergized responsive emulation,Paused,29477666,12622271,2024-11-26,2028-01-10
290,171,Vision-oriented explicit array,At Risk,34186372,29128717,2025-03-22,2028-04-23
291,270,Synergized optimal software,Paused,35994864,12938264,2026-05-08,2028-04-07
292,88,Ameliorated intermediate contingency,Completed,21917719,17108110,2025-07-10,2027-12-31
293,70,Cross-group fresh-thinking success,Planned,27547601,23539011,2025-10-23,2027-04-23
294,261,Business-focused stable utilization,Active,18259379,9682142,2026-03-23,2026-07-25
295,300,Re-engineered national approach,Active,11693197,5855981,2025-02-20,2026-09-04
296,164,Programmable didactic firmware,Paused,25447186,6782363,2026-04-08,2027-01-17
297,201,Re-contextualized demand-driven installation,Active,11726164,7751261,2024-12-10,2027-05-11
298,94,Centralized system-worthy model,Planned,23912467,4953634,2025-06-05,2027-09-17
299,274,Versatile dynamic forecast,Completed,12704479,6259688,2025-05-28,2027-02-01
300,87,Total empowering attitude,Paused,20524319,11723375,2025-10-29,2027-06-01
301,211,Digitized bandwidth-monitored website,At Risk,13063640,8998958,2025-07-02,2027-12-18
302,93,Front-line 3rdgeneration process improvement,Active,1253113,344895,2025-04-01,2027-06-26
303,84,De-engineered real-time productivity,Planned,16887565,16301705,2024-11-05,2027-04-10
304,148,Front-line upward-trending framework,Paused,38634040,26113523,2025-06-22,2026-07-24
305,6,Up-sized scalable conglomeration,Completed,1302260,914905,2025-08-05,2027-03-02
306,202,Operative systematic concept,Completed,11824675,10525432,2025-07-19,2027-08-29
307,21,Realigned fault-tolerant hardware,Planned,9418013,5087843,2024-12-21,2028-01-18
308,135,Multi-tiered client-driven intranet,Planned,23397613,20759904,2025-05-20,2026-11-30
309,298,Customer-focused contextually-based Graphical User Interface,Active,24646869,13732153,2025-06-21,2026-10-07
310,35,Visionary next generation Local Area Network,Planned,32425292,28983078,2025-03-22,2027-04-18
311,10,Future-proofed 24hour extranet,Planned,15942367,11319945,2026-01-03,2027-09-22
312,44,User-friendly eco-centric firmware,At Risk,38982283,14901874,2026-04-01,2027-06-04
313,103,Mandatory transitional contingency,Active,36554451,26097142,2026-02-10,2026-10-06
314,83,Open-architected reciprocal initiative,Planned,20390296,18232467,2025-06-17,2027-02-27
315,45,Virtual bifurcated installation,Planned,15311105,7920845,2025-08-11,2026-08-23
316,24,Multi-layered asynchronous Local Area Network,Paused,28577134,28606429,2024-08-29,2027-03-27
317,74,Switchable client-server product,Planned,31364270,18920760,2025-07-14,2027-02-24
318,165,Stand-alone logistical algorithm,Planned,27241817,11801669,2025-11-04,2028-02-19
319,215,Adaptive responsive adapter,Completed,4083800,2423414,2025-02-23,2028-03-26
320,67,Fundamental systemic groupware,Paused,26634352,11547205,2025-11-02,2028-05-15
321,182,Pre-emptive intangible instruction set,At Risk,1092789,231913,2025-01-24,2027-05-29
322,117,Innovative bifurcated definition,At Risk,31473339,10826049,2025-07-08,2026-12-31
323,217,Enhanced logistical Internet solution,Completed,6448637,3669887,2024-07-19,2027-07-22
324,76,Front-line dedicated hardware,Active,15360672,11656234,2025-08-21,2027-07-25
325,102,Sharable zero tolerance capacity,Paused,27939236,8246906,2026-04-01,2027-03-21
326,133,Horizontal web-enabled moratorium,Completed,19399478,15353087,2025-07-02,2027-04-07
327,154,Advanced stable core,Planned,9608469,9407783,2026-03-03,2028-01-30
328,200,Integrated bi-directional matrix,At Risk,23818715,10220564,2025-04-13,2028-02-16
329,60,Integrated incremental benchmark,Completed,13595441,7907194,2026-01-11,2026-09-15
330,241,Stand-alone zero administration paradigm,Completed,26462498,16787488,2025-09-25,2026-07-30
331,216,Cross-platform explicit service-desk,Active,2523732,1388687,2025-12-19,2028-03-11
332,129,Re-contextualized secondary protocol,Planned,20017094,6994981,2025-10-12,2026-09-01
333,143,Down-sized object-oriented middleware,Completed,29160636,25409037,2026-01-19,2026-12-21
334,168,Intuitive multi-state extranet,Paused,23229152,6575523,2025-01-02,2028-06-04
335,226,Triple-buffered 24/7 service-desk,Completed,1726931,1775879,2024-08-25,2027-05-28
336,290,Compatible client-driven intranet,Active,13069189,4484319,2026-05-13,2027-11-14
337,22,Inverse human-resource project,Active,11721271,5136681,2025-06-07,2027-03-04
338,228,Robust 24hour parallelism,At Risk,21046206,8866455,2024-08-23,2027-05-23
339,40,Future-proofed mobile open system,At Risk,33700106,11445269,2026-03-25,2027-01-02
340,177,Progressive 24hour protocol,Active,29149480,24723160,2024-10-30,2028-01-21
341,257,Versatile national policy,Completed,26486636,17885301,2025-11-19,2026-11-02
342,292,Sharable 6thgeneration initiative,At Risk,1123451,379020,2024-12-18,2026-09-13
343,275,Secured well-modulated info-mediaries,Completed,25211698,20639469,2025-02-02,2027-12-20
344,71,Automated coherent solution,Planned,28452955,18901636,2025-07-22,2027-06-01
345,144,Function-based fresh-thinking capacity,Paused,31780808,10918423,2026-01-21,2027-10-04
346,223,Realigned local capacity,Planned,18265749,4611590,2025-06-24,2028-04-26
347,2,Front-line neutral info-mediaries,At Risk,23143432,8991762,2025-01-29,2026-11-10
348,161,Open-source 6thgeneration access,At Risk,32726929,26698378,2025-07-15,2027-03-23
349,90,Quality-focused 4thgeneration secured line,At Risk,6531753,3425096,2026-02-23,2028-03-10
350,121,Visionary neutral migration,Paused,21961211,18614120,2024-06-25,2027-11-15
351,9,Adaptive 24hour groupware,Active,2581130,1762104,2026-04-06,2027-05-26
352,245,Distributed needs-based infrastructure,Completed,36211338,9576147,2026-02-21,2027-12-11
353,26,Self-enabling cohesive toolset,Completed,20849728,12627530,2025-11-13,2028-02-28
354,49,Distributed actuating system engine,Paused,20103163,7726993,2026-05-26,2026-07-14
355,268,Compatible analyzing moratorium,Completed,17977424,7710878,2024-07-30,2027-12-31
356,27,Re-engineered user-facing concept,Planned,26987142,21698347,2026-04-15,2026-11-29
357,278,Triple-buffered optimizing Local Area Network,At Risk,30691079,27618604,2025-03-12,2027-10-09
358,213,Down-sized bifurcated hierarchy,Completed,17607196,16616982,2024-12-24,2027-03-11
359,68,Total asymmetric paradigm,Completed,26418069,21838899,2026-05-22,2026-08-18
360,284,Adaptive zero-defect service-desk,At Risk,4905928,2478605,2026-03-14,2027-05-25
361,45,Devolved regional protocol,Paused,35260854,17961759,2024-10-12,2028-02-10
362,293,Right-sized fault-tolerant collaboration,Active,2652043,2595972,2025-09-29,2027-04-23
363,232,Managed national throughput,Active,32302073,31247001,2026-02-11,2027-02-09
364,296,Down-sized tertiary info-mediaries,Paused,7781743,1627996,2024-11-05,2027-08-24
365,158,Sharable needs-based matrix,Completed,22849358,5347619,2025-09-17,2027-01-14
366,288,Inverse grid-enabled portal,Active,26240855,5693218,2024-08-17,2027-09-12
367,187,Visionary zero-defect synergy,Completed,28041969,23131987,2024-11-26,2026-12-24
368,18,Multi-lateral multi-tasking middleware,Active,23046619,21814154,2025-02-18,2028-02-27
369,127,Distributed multimedia projection,Completed,30210229,12737161,2024-11-20,2027-04-17
370,261,Extended secondary model,Completed,16885099,6337947,2026-01-17,2026-09-14
371,248,Optional attitude-oriented protocol,Planned,29930021,22527539,2025-08-16,2027-03-12
372,208,Realigned mobile hierarchy,Planned,32008489,25021027,2024-11-10,2027-11-14
373,281,Distributed optimizing installation,Active,9502600,3344156,2024-08-16,2027-11-29
374,216,Right-sized static task-force,Completed,27935613,26173368,2024-07-26,2028-01-18
375,295,Synergistic reciprocal framework,Paused,19271635,16268425,2024-07-31,2027-06-04
376,9,Inverse responsive protocol,Paused,34753077,19992097,2024-10-05,2026-08-05
377,221,Persistent radical time-frame,At Risk,22485314,8566115,2026-03-29,2027-09-16
378,24,Upgradable system-worthy attitude,Active,26385278,15585899,2024-12-28,2028-03-02
379,294,Quality-focused attitude-oriented workforce,Active,28230719,10434377,2024-08-05,2028-05-13
380,264,Decentralized methodical product,Completed,34203743,28301178,2024-10-08,2027-01-21
381,13,Programmable exuding monitoring,At Risk,21533427,18583790,2025-11-23,2027-01-15
382,12,Function-based 6thgeneration analyzer,Active,20712733,13958961,2025-07-30,2026-11-07
383,61,Enterprise-wide neutral time-frame,Paused,30962133,7700488,2025-06-18,2027-04-15
384,217,User-centric needs-based adapter,Completed,5617680,3664996,2026-05-13,2027-06-22
385,227,Enterprise-wide 3rdgeneration approach,Active,2395787,1288746,2025-07-17,2027-10-20
386,96,Multi-channeled logistical website,Completed,4506542,3753523,2024-06-30,2027-08-15
387,84,Proactive executive database,Planned,39180899,38110242,2026-05-02,2027-10-16
388,243,Inverse local Graphic Interface,Paused,13261940,13037938,2025-10-16,2027-10-16
389,298,Seamless clear-thinking groupware,Paused,12299163,10286925,2025-02-15,2028-02-08
390,42,Total well-modulated hub,Active,38427261,33724260,2026-02-26,2027-05-02
391,252,Assimilated tangible solution,Completed,8452931,5632504,2025-07-10,2027-05-04
392,166,Right-sized upward-trending access,Active,14095142,11857826,2024-06-17,2027-03-05
393,238,Streamlined next generation budgetary management,Planned,6469125,3750534,2024-09-14,2026-12-03
394,274,Distributed encompassing strategy,At Risk,28779576,25399633,2024-10-27,2027-09-20
395,135,Synergized executive toolset,At Risk,11916932,6391489,2025-05-25,2026-08-02
396,81,Devolved grid-enabled budgetary management,Paused,2427159,900924,2025-07-27,2026-08-04
397,275,Streamlined local challenge,Planned,16131492,16246916,2025-01-21,2027-01-14
398,122,Optimized actuating process improvement,Paused,22333521,10073850,2026-04-14,2028-02-01
399,10,Phased system-worthy matrix,Paused,7980263,3465747,2026-03-16,2028-02-21
400,215,Public-key mission-critical matrix,Completed,30574907,6794684,2025-01-07,2027-04-07
401,92,Business-focused systemic monitoring,Paused,4662043,3319617,2024-11-14,2027-05-15
402,225,Synchronized national portal,At Risk,13140679,2649859,2024-07-07,2027-09-18
403,272,Synergistic analyzing alliance,At Risk,11298887,11249507,2025-11-07,2028-02-15
404,119,Fully-configurable encompassing project,At Risk,38075666,36451514,2025-05-09,2027-09-25
405,126,Synergistic attitude-oriented middleware,Planned,4044245,3149743,2024-06-26,2027-01-10
406,239,Vision-oriented client-driven analyzer,Completed,36556725,10698918,2025-10-11,2026-10-26
407,258,Advanced foreground time-frame,Completed,774493,403265,2026-02-23,2027-06-10
408,139,Monitored logistical encryption,At Risk,15284343,11655453,2024-11-15,2028-01-09
409,271,Optional next generation time-frame,Planned,39316320,36047910,2025-09-22,2026-11-16
410,53,Profit-focused mission-critical implementation,At Risk,25875442,19145442,2025-02-15,2027-05-22
411,298,Upgradable heuristic hardware,Paused,9923879,9408230,2024-09-22,2027-07-03
412,48,Realigned fresh-thinking info-mediaries,Completed,22449796,4517400,2026-03-01,2027-03-19
413,24,Up-sized interactive task-force,Paused,8079780,4807806,2025-03-16,2028-06-05
414,80,Profit-focused mission-critical moderator,Planned,28066722,20308320,2024-10-13,2027-04-17
415,229,Profound methodical budgetary management,Paused,3616131,1334270,2024-11-22,2026-08-12
416,277,Enhanced global help-desk,Planned,2510269,1580446,2024-12-18,2027-10-05
417,233,Mandatory dynamic encoding,Paused,11092725,5920767,2025-01-05,2027-09-21
418,85,Monitored client-driven paradigm,At Risk,28224616,18535733,2024-12-21,2027-09-24
419,154,Profound executive forecast,Planned,35738006,16824976,2025-05-05,2027-01-26
420,10,Decentralized system-worthy standardization,Paused,31111920,10026229,2025-01-23,2026-08-01
421,297,Synchronized value-added info-mediaries,Active,23141788,22902730,2024-11-13,2026-11-23
422,240,Balanced interactive portal,Completed,18895879,5172149,2026-03-24,2027-10-10
423,277,Cloned multi-state benchmark,Paused,546447,301133,2025-08-09,2027-10-10
424,58,Exclusive national project,Active,26228755,23936913,2025-04-25,2028-03-19
425,242,Streamlined reciprocal hardware,Planned,27655896,14527307,2025-02-02,2027-01-21
426,286,Enhanced object-oriented moderator,Planned,2620874,1677932,2026-04-14,2027-10-22
427,123,Fully-configurable secondary collaboration,Active,8456210,4893780,2025-01-07,2027-09-17
428,216,Seamless logistical Local Area Network,At Risk,13460615,10205701,2025-11-09,2026-09-02
429,144,Adaptive bi-directional structure,Paused,18473994,7042727,2025-10-22,2027-05-16
430,196,Persevering explicit core,At Risk,12740006,9335847,2025-03-12,2028-02-16
431,268,Quality-focused regional ability,Planned,32917799,31172889,2026-02-21,2027-07-11
432,92,Robust coherent intranet,At Risk,1134977,920127,2024-08-25,2027-01-06
433,74,Synergized intangible orchestration,At Risk,20415661,6833412,2025-12-15,2027-06-05
434,111,Robust demand-driven productivity,Paused,27768461,19305653,2025-01-19,2027-06-12
435,47,Total multi-state monitoring,Completed,10883082,10819571,2025-08-04,2027-11-26
436,187,Operative attitude-oriented infrastructure,Paused,17086217,3544238,2025-09-08,2026-09-09
437,137,Progressive static matrices,Planned,38643745,22205461,2026-01-09,2027-04-05
438,128,Upgradable foreground moderator,Completed,25681420,18970631,2025-10-08,2027-07-25
439,1,Ergonomic attitude-oriented utilization,At Risk,9248918,8899136,2025-08-29,2027-09-30
440,125,Diverse uniform architecture,At Risk,25594857,11879684,2026-03-21,2027-05-20
441,22,Re-contextualized user-facing alliance,Completed,24017661,11877541,2025-09-14,2026-07-26
442,131,Inverse content-based protocol,Paused,34037120,28105687,2024-08-01,2028-06-10
443,226,Ameliorated holistic functionalities,At Risk,25043497,21198671,2025-10-24,2027-06-19
444,9,Centralized client-driven product,At Risk,16712256,15461749,2026-05-24,2027-07-19
445,262,Innovative global process improvement,At Risk,37094076,11940667,2025-03-04,2027-12-30
446,292,Organic interactive orchestration,Active,30717733,31590251,2025-01-30,2027-08-12
447,266,Cross-platform scalable concept,Completed,25192610,10818954,2025-04-07,2026-09-09
448,211,Automated modular model,Active,10618677,10928976,2024-12-04,2028-03-13
449,119,Customer-focused zero tolerance model,Completed,29115046,6751939,2025-10-23,2026-12-25
450,238,Reduced fault-tolerant benchmark,Paused,35896535,19327939,2024-10-15,2026-12-21
451,38,User-friendly empowering Graphic Interface,At Risk,9080381,4626014,2025-08-04,2026-11-06
452,291,Enhanced holistic solution,Active,32921080,33028607,2025-06-18,2028-05-21
453,70,Enterprise-wide executive hardware,Active,3788844,3749410,2025-01-28,2027-06-26
454,269,Customer-focused zero administration info-mediaries,Completed,26367881,9311835,2026-05-23,2028-02-02
455,289,Persistent encompassing throughput,Completed,9044351,1892042,2024-11-10,2026-09-17
456,204,Horizontal radical capacity,Paused,5276898,5288473,2025-06-16,2027-04-25
457,299,Devolved modular standardization,At Risk,27792591,9639698,2024-07-24,2026-11-29
458,194,Persistent eco-centric productivity,Paused,39994802,38163253,2026-03-19,2026-07-30
459,80,Progressive value-added archive,Paused,39859186,38236714,2024-07-17,2027-04-03
460,281,Vision-oriented responsive matrix,Paused,17039531,6453365,2025-03-18,2028-02-16
461,245,Grass-roots demand-driven database,Completed,27231281,18012448,2024-12-31,2027-04-27
462,254,Enterprise-wide solution-oriented synergy,At Risk,30662058,21679898,2025-03-09,2028-05-18
463,223,Fully-configurable uniform hierarchy,Active,1229284,553078,2025-03-26,2026-08-28
464,131,Open-architected scalable conglomeration,Paused,35645029,12237411,2025-08-11,2027-07-30
465,129,Proactive 5thgeneration workforce,Active,16977187,4743186,2024-10-15,2026-10-22
466,271,Multi-lateral uniform success,Paused,13123799,13256612,2026-02-28,2027-01-13
467,44,Sharable upward-trending emulation,Completed,10785626,11029003,2026-04-20,2028-03-04
468,6,Cross-platform methodical capacity,Planned,2368367,482360,2025-09-20,2027-10-24
469,149,Profit-focused high-level analyzer,Completed,20364272,4912399,2024-12-20,2027-12-17
470,205,Switchable fault-tolerant monitoring,Planned,10251185,9198007,2025-03-01,2027-04-08
471,157,Sharable web-enabled circuit,At Risk,15622227,14183620,2026-01-21,2028-06-10
472,289,Managed executive projection,Planned,5145735,1959050,2025-05-16,2028-03-20
473,9,Function-based 5thgeneration functionalities,Paused,14098613,8864736,2026-04-06,2028-04-29
474,254,Front-line 6thgeneration task-force,Paused,21968598,7170852,2025-03-31,2026-08-30
475,241,Customizable directional pricing structure,Paused,9284895,2112617,2024-06-28,2027-01-12
476,277,Streamlined multi-tasking portal,Completed,29577507,21735762,2024-09-20,2027-03-22
477,153,Sharable composite customer loyalty,Active,11121909,9076531,2024-12-23,2027-07-01
478,152,Automated web-enabled hub,Active,1162123,550254,2025-04-09,2028-01-22
479,29,Synchronized directional definition,At Risk,35201999,12377047,2025-02-08,2028-05-11
480,119,Open-architected disintermediate migration,Completed,2479048,1669115,2025-03-06,2027-08-04
481,219,Progressive zero administration collaboration,Planned,29129784,20541272,2025-07-16,2028-03-24
482,134,Seamless non-volatile time-frame,Completed,37893676,36065972,2025-04-23,2027-07-18
483,65,Networked optimal open architecture,Paused,38543673,37785789,2024-07-16,2028-03-18
484,18,Universal high-level matrix,Active,25231727,13471409,2025-11-03,2026-12-02
485,3,Exclusive multi-tasking ability,At Risk,6116001,3628636,2025-05-09,2028-05-28
486,126,De-engineered impactful product,Completed,586438,335626,2025-03-19,2027-08-21
487,210,Horizontal 24/7 framework,Completed,7144711,6982177,2024-12-12,2028-03-25
488,293,Multi-layered 4thgeneration benchmark,Active,22761044,23031484,2025-05-05,2027-02-15
489,149,Managed incremental service-desk,At Risk,851479,389112,2026-02-02,2027-03-10
490,252,Inverse multi-state policy,Active,17689088,5307226,2025-12-12,2027-09-30
491,163,User-friendly 5thgeneration project,Active,15535620,15542192,2025-03-25,2027-07-21
492,247,Object-based optimizing methodology,Planned,21589525,19556845,2026-02-21,2027-12-20
493,7,Universal client-driven complexity,Completed,3878239,2372887,2024-11-06,2027-01-28
494,101,Balanced eco-centric encoding,At Risk,11778862,3072138,2024-06-28,2027-04-16
495,32,Team-oriented asymmetric orchestration,Paused,15550211,8518503,2024-08-29,2026-08-02
496,92,Optimized non-volatile leverage,At Risk,3419127,1099894,2026-02-01,2026-09-16
497,299,Fully-configurable homogeneous task-force,Paused,5163565,3564680,2024-12-05,2027-08-31
498,248,Virtual static website,Planned,13377259,5006743,2026-01-07,2028-02-27
499,98,Universal client-server application,At Risk,20416559,16483570,2026-05-10,2026-10-24
500,159,Object-based bi-directional challenge,At Risk,18859076,17024121,2026-01-16,2026-12-07
501,282,Reactive incremental service-desk,Completed,405732,343726,2026-02-14,2028-05-27
502,221,Decentralized encompassing ability,Paused,2122865,1206770,2025-11-06,2026-10-08
503,213,Horizontal full-range framework,At Risk,9034950,7614723,2024-09-20,2027-01-08
504,34,Right-sized coherent concept,Completed,744823,576654,2025-01-06,2026-07-22
505,212,Focused system-worthy capacity,Paused,21965619,5782659,2025-12-18,2026-08-15
506,37,Assimilated bandwidth-monitored core,Paused,32022837,23145984,2024-09-16,2027-07-15
507,183,Robust composite moratorium,Active,6428283,3864405,2025-09-27,2026-10-29
508,86,Switchable disintermediate groupware,Planned,36518856,25280699,2024-07-29,2027-08-27
509,138,Pre-emptive non-volatile attitude,At Risk,24000526,12440123,2025-11-05,2026-12-19
510,19,Focused well-modulated complexity,At Risk,5324083,3532134,2025-08-19,2028-05-27
511,261,Customizable scalable matrix,Paused,497685,241765,2026-05-26,2026-11-14
512,41,Grass-roots user-facing standardization,Completed,6804614,3173655,2025-06-20,2027-04-22
513,134,Pre-emptive homogeneous forecast,Paused,18603179,14811850,2024-07-25,2028-01-03
514,201,Versatile radical knowledgebase,Planned,24944759,10141725,2025-05-07,2028-04-30
515,204,Extended homogeneous architecture,Completed,3546802,2612887,2026-03-21,2026-07-09
516,2,Ergonomic 24hour project,Paused,3794260,1656561,2025-05-12,2027-09-04
517,126,Object-based dynamic encoding,At Risk,1245669,990262,2025-03-10,2026-10-06
518,160,Ergonomic bottom-line success,Planned,8267149,5355858,2026-05-06,2027-05-03
519,128,Up-sized cohesive instruction set,Planned,37036856,12006511,2024-08-03,2027-12-18
520,277,Vision-oriented dedicated interface,Paused,2019581,1545398,2024-10-26,2026-10-18
521,196,Inverse radical secured line,Planned,26817823,22479362,2025-07-08,2027-06-06
522,123,Organized logistical customer loyalty,Paused,34876609,17736491,2025-07-07,2027-12-15
523,284,Team-oriented exuding core,At Risk,27199266,20892543,2026-04-19,2026-10-25
524,11,Grass-roots intermediate concept,Planned,30251099,19462586,2025-08-12,2026-11-01
525,78,Diverse multi-tasking definition,Paused,26689370,12464139,2024-11-02,2027-11-30
526,174,Configurable dedicated middleware,Completed,6476239,6513708,2026-04-14,2027-02-23
527,145,Up-sized cohesive data-warehouse,Active,29748676,23463197,2025-02-11,2028-06-12
528,105,Networked client-server matrix,Completed,16286680,7887851,2025-10-13,2028-01-05
529,68,Triple-buffered explicit analyzer,Active,13827647,3402428,2026-03-01,2027-11-07
530,240,Grass-roots exuding archive,Planned,20531387,8599101,2024-10-16,2027-03-04
531,258,Diverse contextually-based parallelism,Completed,34439546,32614327,2026-05-19,2027-01-01
532,250,Multi-layered human-resource intranet,Paused,3256924,2018117,2025-10-09,2027-07-12
533,286,Stand-alone non-volatile definition,Planned,32811428,33588801,2025-07-30,2026-12-14
534,87,Total secondary hardware,Planned,3153226,3192987,2024-07-10,2027-04-27
535,48,Diverse system-worthy pricing structure,At Risk,36695922,32896037,2025-10-20,2026-11-23
536,114,Persevering even-keeled budgetary management,Active,5692256,1572523,2025-02-21,2026-11-23
537,200,Mandatory neutral workforce,At Risk,25805558,7308541,2025-11-15,2028-04-26
538,276,Focused demand-driven structure,Paused,18900373,12463703,2025-06-22,2027-07-03
539,25,Reduced high-level toolset,Completed,23412315,7850097,2025-09-02,2027-12-08
540,124,Seamless 3rdgeneration Graphical User Interface,Planned,12913838,9637027,2024-12-05,2026-07-29
541,207,Sharable value-added flexibility,Completed,2570874,1144226,2025-02-12,2027-06-14
542,82,Re-engineered grid-enabled approach,Active,10247558,2203371,2025-06-12,2028-06-09
543,241,Monitored mission-critical capacity,At Risk,870461,518029,2024-11-22,2027-12-15
544,187,Synergized content-based access,Planned,19090886,8512639,2024-06-20,2026-07-10
545,273,Operative asymmetric open architecture,Active,9633282,9270907,2025-04-21,2028-02-04
546,41,Profit-focused exuding infrastructure,At Risk,30182446,24842974,2025-10-13,2027-01-25
547,200,Up-sized responsive system engine,Paused,5327719,4704299,2025-02-19,2027-12-16
548,174,Cross-platform encompassing neural-net,Completed,16766567,11377132,2024-12-10,2027-03-24
549,249,Stand-alone homogeneous hierarchy,Active,26403740,27147686,2024-07-15,2027-10-02
550,209,Multi-tiered object-oriented challenge,Paused,12466306,5061365,2025-10-01,2026-10-13
551,193,Switchable 24hour synergy,Planned,586296,294051,2024-10-16,2028-02-08
552,71,Synergistic systemic hub,Paused,26194453,6840632,2026-01-07,2027-09-30
553,155,Triple-buffered empowering product,Completed,1503530,462612,2024-08-28,2026-09-23
554,285,Synchronized analyzing system engine,Completed,30493249,6248928,2026-02-27,2027-03-16
555,265,Open-source context-sensitive projection,Planned,27329765,6564268,2025-01-17,2026-08-26
556,202,Optimized stable installation,Completed,16271517,3815180,2025-04-28,2028-04-03
557,123,Profit-focused 4thgeneration toolset,At Risk,29523415,26224618,2025-09-19,2027-08-15
558,23,Fundamental actuating support,Planned,9074874,7320476,2025-01-24,2027-04-18
559,220,Polarized 5thgeneration encryption,Paused,18249742,16334583,2024-11-05,2028-02-10
560,280,Down-sized executive throughput,Active,39844466,11959990,2025-02-02,2026-11-25
561,23,Universal coherent algorithm,Planned,8336671,8506759,2025-04-17,2027-01-15
562,122,Up-sized upward-trending definition,Active,2333573,744000,2024-09-23,2027-04-22
563,12,Cloned explicit definition,Active,18002139,8665187,2025-01-14,2026-08-17
564,236,Synchronized zero administration database,Paused,25299229,16995811,2025-05-22,2027-03-09
565,188,Universal encompassing core,Paused,15919945,14514190,2026-01-02,2026-08-06
566,96,Cloned full-range service-desk,Paused,26735072,6271454,2026-02-05,2027-04-24
567,274,Fully-configurable solution-oriented algorithm,Completed,29282514,6901545,2025-08-30,2028-04-01
568,179,Multi-lateral disintermediate superstructure,At Risk,33484447,32667063,2026-05-05,2026-08-31
569,132,Enterprise-wide cohesive hierarchy,Paused,18744498,19018738,2024-10-10,2028-03-08
570,71,Open-architected even-keeled parallelism,Paused,3342371,1553496,2025-04-27,2027-05-13
571,145,Persistent analyzing Internet solution,Active,19547050,18928482,2025-04-23,2027-09-24
572,264,Multi-tiered explicit forecast,Planned,6477576,1964099,2024-10-10,2027-04-26
573,288,Focused 5thgeneration Local Area Network,Paused,8505114,6772145,2026-05-15,2027-12-12
574,200,Persevering multi-tasking artificial intelligence,Paused,23744541,17150157,2025-11-20,2027-12-08
575,109,Upgradable 5thgeneration benchmark,At Risk,19418217,18168489,2024-09-20,2028-06-15
576,170,Implemented multi-tasking throughput,Active,27118515,27489801,2024-06-22,2027-04-11
577,86,Sharable exuding capacity,Completed,25297031,8196457,2024-08-29,2027-12-13
578,254,Polarized fault-tolerant structure,Completed,3912003,1804860,2025-08-06,2026-07-21
579,195,Grass-roots eco-centric paradigm,Completed,1210112,477787,2024-08-04,2026-08-14
580,53,Vision-oriented uniform approach,At Risk,28585660,25655511,2025-04-24,2027-11-15
581,278,Team-oriented asynchronous superstructure,Planned,28790887,6486621,2026-02-03,2027-01-31
582,152,Re-contextualized context-sensitive algorithm,Active,30525822,27988057,2025-01-03,2027-09-06
583,216,Ameliorated transitional instruction set,Active,27653247,5898697,2025-01-07,2028-03-28
584,181,Configurable clear-thinking archive,At Risk,4620330,2327524,2024-07-27,2026-08-04
585,14,Grass-roots systemic database,Active,5165149,2638362,2024-08-08,2028-01-26
586,3,Multi-layered zero tolerance access,Planned,4953440,2804696,2024-11-17,2027-03-22
587,217,Programmable multimedia knowledgebase,At Risk,33756489,29416739,2025-07-11,2026-08-03
588,217,Operative 24/7 throughput,Completed,4021770,1962199,2025-04-18,2028-05-23
589,293,Multi-channeled secondary budgetary management,Active,4549903,2320169,2024-12-23,2027-01-11
590,131,Focused grid-enabled archive,Active,20681783,5424712,2025-02-07,2026-07-21
591,168,Monitored bottom-line flexibility,At Risk,21042065,11933801,2025-11-09,2028-04-28
592,29,Phased actuating software,At Risk,25591068,25692465,2024-10-04,2027-03-07
593,110,Focused needs-based info-mediaries,At Risk,6914513,5285507,2024-09-05,2028-05-21
594,240,Decentralized bottom-line artificial intelligence,Completed,39559675,9698600,2026-03-23,2027-05-11
595,64,Up-sized methodical attitude,Planned,38831200,37855291,2024-12-15,2027-12-22
596,269,Seamless content-based firmware,Completed,39026438,25022159,2024-09-03,2027-04-11
597,154,Stand-alone intangible Graphic Interface,Completed,27553302,18791662,2024-06-23,2027-01-03
598,170,Total modular contingency,Paused,26461274,24733220,2026-04-20,2027-03-10
599,121,Decentralized tangible alliance,Paused,13473362,12547993,2025-06-04,2027-06-26
600,254,Compatible contextually-based circuit,Paused,18106214,13046922,2024-06-20,2026-10-17
601,236,Upgradable 5thgeneration moratorium,Planned,26974309,17640093,2025-09-19,2027-02-09
602,192,Up-sized value-added conglomeration,Active,31854422,7671057,2025-01-15,2026-07-21
603,125,Programmable intermediate success,Planned,32496068,29359512,2025-12-30,2027-12-14
604,278,Optimized systematic parallelism,Planned,18207955,7334516,2024-09-15,2028-01-01
605,52,Focused disintermediate installation,Planned,38226713,13534363,2024-07-13,2027-10-27
606,185,Reduced user-facing projection,Active,29423687,17823727,2025-08-25,2026-12-22
607,98,Compatible optimizing attitude,Paused,10040621,7760081,2026-04-18,2027-11-19
608,246,Future-proofed zero administration approach,Active,14674151,12509584,2024-07-04,2027-09-02
609,108,Synergized motivating budgetary management,Completed,38351566,39447728,2024-10-11,2027-11-29
610,149,Secured local strategy,Paused,17786314,4146559,2024-09-02,2028-01-19
611,69,Devolved stable standardization,Active,22019792,8791636,2026-02-07,2027-10-06
612,203,Programmable multi-state knowledge user,Paused,31282783,16020898,2026-02-15,2027-02-09
613,96,Compatible full-range strategy,Completed,17733367,5980231,2025-08-10,2028-04-08
614,122,Secured coherent website,Paused,11100753,4282476,2025-02-24,2027-10-01
615,174,Innovative tertiary groupware,Active,9841637,2350077,2026-01-20,2026-10-20
616,94,Optimized empowering project,At Risk,1855664,1257105,2024-10-17,2026-12-26
617,1,Triple-buffered intermediate product,Active,4779434,2635008,2025-08-13,2027-04-12
618,117,Optional even-keeled neural-net,At Risk,12156612,7640437,2024-07-30,2026-09-03
619,71,Managed asymmetric throughput,Completed,14655118,14626800,2024-10-15,2027-10-04
620,37,Devolved tangible Local Area Network,Paused,35650356,11549330,2024-09-29,2027-01-15
621,5,Ameliorated user-facing interface,At Risk,32831795,15597122,2025-06-01,2027-06-25
622,44,Programmable discrete protocol,At Risk,22428865,20174206,2025-03-17,2027-05-28
623,65,Cloned 24/7 methodology,Completed,26505618,6567841,2024-06-18,2027-11-09
624,166,Devolved eco-centric application,Paused,29687483,19943072,2025-06-08,2028-01-20
625,36,Sharable heuristic artificial intelligence,Active,13938509,9163520,2025-11-06,2028-03-09
626,64,Face-to-face content-based synergy,Completed,2376655,482787,2025-12-09,2028-06-11
627,146,Persevering object-oriented conglomeration,Active,16899042,6373618,2024-07-24,2026-11-12
628,95,Fully-configurable intermediate info-mediaries,Active,29424312,30133526,2024-08-14,2027-11-23
629,66,Stand-alone cohesive adapter,Completed,33468774,19177683,2024-08-13,2028-02-13
630,112,Distributed optimizing workforce,Completed,14073567,13785956,2026-05-04,2027-12-09
631,260,Synergistic client-driven implementation,Completed,2666260,2646533,2025-09-17,2028-03-18
632,153,Centralized systemic open architecture,Completed,32487597,7260004,2026-03-29,2027-04-30
633,2,Reverse-engineered interactive time-frame,Planned,14314041,9498292,2024-09-02,2026-09-07
634,122,Ameliorated neutral flexibility,At Risk,25797493,22237012,2024-06-17,2026-12-23
635,161,Assimilated value-added open system,At Risk,11772651,8450892,2024-10-22,2027-10-15
636,70,Polarized hybrid matrices,Planned,19704800,5328097,2024-11-16,2027-04-25
637,243,Vision-oriented multi-tasking instruction set,Active,20365636,16377584,2024-11-25,2028-01-29
638,254,Extended optimal policy,Completed,18536079,3991877,2025-09-19,2027-03-09
639,243,Object-based hybrid standardization,Completed,25017134,15517173,2025-03-30,2028-06-14
640,233,Optimized 24/7 utilization,Paused,28602365,8989943,2025-11-07,2027-03-15
641,2,Progressive secondary algorithm,Planned,29236673,25998341,2025-09-20,2027-03-05
642,21,Business-focused systematic portal,Active,16849071,13251262,2024-07-23,2026-12-08
643,261,Operative responsive process improvement,Completed,24346467,17686806,2024-10-26,2026-08-10
644,135,Triple-buffered optimizing task-force,At Risk,28023554,22559259,2025-06-10,2026-08-01
645,294,Multi-layered intermediate frame,Paused,30452467,12845782,2025-01-23,2026-08-31
646,249,Re-engineered value-added forecast,Paused,39739077,14836925,2025-12-18,2028-02-26
647,112,Fundamental didactic instruction set,Paused,39797908,31048566,2024-08-01,2026-08-10
648,249,Advanced tangible contingency,At Risk,38941654,34894586,2025-08-13,2027-12-22
649,40,Reduced reciprocal analyzer,Paused,17693112,12331319,2025-04-24,2026-09-10
650,219,Decentralized well-modulated product,Paused,2707316,1865611,2025-06-09,2027-12-15
651,162,Integrated reciprocal monitoring,At Risk,21444178,4541684,2024-11-12,2027-06-22
652,107,Fundamental reciprocal access,Completed,9991363,8827801,2024-12-01,2028-02-21
653,152,Cross-group local intranet,Active,14927609,4565966,2024-12-31,2028-02-18
654,132,Total background capability,Planned,25968881,7380000,2025-12-13,2027-05-12
655,81,Managed holistic adapter,Paused,37179190,25510530,2026-05-05,2028-06-13
656,39,Balanced even-keeled core,At Risk,7401427,3504736,2026-01-24,2027-03-04
657,288,Exclusive user-facing benchmark,Planned,23179046,9021796,2025-02-07,2027-05-19
658,3,Stand-alone static capacity,Completed,5314664,1867761,2026-03-13,2027-09-20
659,224,Business-focused transitional monitoring,Active,11362169,3568864,2024-12-09,2027-08-07
660,272,Automated dedicated paradigm,At Risk,20813562,20384987,2024-07-27,2027-05-04
661,89,Implemented next generation interface,Completed,11245826,5432145,2025-04-26,2027-03-19
662,259,Object-based methodical hub,Paused,33397104,8459406,2026-02-12,2028-01-06
663,257,Inverse asynchronous functionalities,Active,35723119,11335494,2024-12-09,2027-10-19
664,105,Proactive executive customer loyalty,Paused,30615848,19485868,2025-08-15,2026-10-12
665,248,Adaptive multi-state benchmark,Paused,4279467,2027427,2024-10-15,2027-05-28
666,149,Balanced well-modulated structure,Planned,4922636,2569538,2024-07-04,2027-06-21
667,197,Cross-group 24hour budgetary management,Active,5569729,5678802,2024-06-18,2027-09-30
668,131,Adaptive motivating collaboration,Completed,39023469,28612790,2026-02-08,2027-01-05
669,157,Cross-platform zero administration initiative,Paused,31775986,26072276,2024-06-22,2027-11-05
670,275,Assimilated object-oriented Local Area Network,At Risk,18587751,9756235,2025-02-18,2027-11-19
671,264,Public-key heuristic budgetary management,Paused,29148185,22442930,2026-03-08,2027-04-15
672,138,Re-contextualized 3rdgeneration methodology,Completed,38475489,32445872,2026-03-03,2027-01-08
673,99,Future-proofed radical application,Planned,36744592,14712415,2025-01-01,2028-01-14
674,228,Horizontal value-added secured line,Planned,10745857,3944851,2025-10-31,2028-03-27
675,26,Universal asynchronous Internet solution,Active,36840331,9182960,2026-04-28,2026-10-15
676,214,Team-oriented composite Local Area Network,Active,6015268,3121193,2025-10-19,2028-03-23
677,4,De-engineered intermediate benchmark,At Risk,7040855,3854984,2024-06-29,2027-01-13
678,164,Stand-alone 5thgeneration concept,Completed,30573392,23481544,2025-11-12,2026-07-20
679,143,Enterprise-wide multi-state projection,Paused,22582430,13874366,2025-01-16,2028-01-22
680,205,Multi-channeled uniform groupware,At Risk,22040843,10404511,2025-08-05,2028-04-08
681,253,Triple-buffered multi-tasking parallelism,Active,24026686,6797081,2025-01-27,2027-07-26
682,131,Open-architected eco-centric process improvement,Planned,31958633,17823052,2025-07-30,2026-12-08
683,4,Ergonomic static paradigm,Completed,3910002,2036033,2025-05-01,2027-01-17
684,173,Ergonomic real-time architecture,Completed,35365027,30170756,2025-06-29,2026-11-09
685,272,Quality-focused explicit open architecture,Planned,9311548,4112642,2025-04-25,2026-09-04
686,183,Sharable exuding framework,At Risk,5184265,2821381,2024-12-14,2027-12-08
687,131,Face-to-face static service-desk,Active,22216830,6407432,2025-12-14,2028-04-08
688,132,Multi-tiered zero administration project,Paused,20702886,8608468,2025-09-18,2027-09-20
689,242,Centralized multimedia groupware,Active,20271344,4137356,2025-04-23,2026-12-12
690,104,User-centric maximized portal,Paused,35919625,19304096,2025-01-19,2027-04-11
691,219,Extended bi-directional moderator,Active,1540083,963204,2025-11-06,2027-10-14
692,163,Enterprise-wide tertiary orchestration,Planned,31937943,29377422,2024-06-27,2026-10-27
693,232,Reverse-engineered composite project,Completed,1734114,1726163,2025-05-28,2028-05-02
694,100,Mandatory cohesive customer loyalty,At Risk,3458947,3223650,2025-01-12,2027-12-03
695,138,Switchable attitude-oriented functionalities,Paused,10726907,10303567,2024-08-04,2028-05-30
696,211,Diverse bifurcated system engine,At Risk,4477745,1539840,2026-01-15,2027-06-21
697,25,User-centric 24hour model,Paused,36676189,25948943,2026-04-09,2027-04-23
698,115,Cross-group 3rdgeneration implementation,At Risk,2439894,2478905,2026-04-19,2027-05-06
699,36,Intuitive motivating process improvement,Paused,14666751,6209393,2025-04-28,2027-10-31
700,7,Triple-buffered fault-tolerant capacity,Planned,39583643,33219825,2025-11-20,2028-02-28
701,244,Multi-lateral neutral capacity,Paused,32933768,30313737,2025-12-05,2026-12-09
702,250,Managed eco-centric standardization,At Risk,9454963,8488483,2025-09-13,2026-08-05
703,79,Switchable exuding success,Active,37661436,15932396,2025-01-11,2027-03-03
704,186,Team-oriented discrete orchestration,Paused,26521494,18718767,2025-07-12,2026-11-21
705,7,Exclusive value-added extranet,Planned,20453746,9485460,2025-03-11,2028-05-10
706,238,Networked real-time system engine,Completed,14133423,6978633,2024-07-02,2026-09-30
707,252,Function-based explicit portal,Planned,20475960,20883870,2025-06-28,2028-06-13
708,294,Devolved real-time structure,Active,22000200,13498448,2025-03-30,2027-02-26
709,294,Face-to-face contextually-based software,At Risk,17258738,13147178,2025-07-16,2028-03-31
710,300,Compatible grid-enabled protocol,Completed,37209668,8836575,2026-04-12,2026-07-22
711,1,Ameliorated maximized policy,At Risk,11713600,9315808,2026-01-04,2026-09-19
712,139,Balanced explicit strategy,Planned,10274322,7603605,2025-06-25,2027-06-24
713,120,Optimized 3rdgeneration archive,Paused,6441359,3179664,2025-02-26,2027-07-08
714,72,Virtual scalable website,Paused,22688433,14341021,2024-11-23,2028-05-19
715,9,Grass-roots foreground archive,At Risk,31850155,11424782,2024-10-21,2027-07-16
716,79,Robust secondary synergy,Paused,3142673,1221578,2024-12-11,2027-01-17
717,226,Cross-group multimedia database,Paused,31259093,18476216,2024-11-04,2027-06-24
718,224,Programmable bi-directional framework,At Risk,31288590,15673599,2025-09-21,2027-12-23
719,59,Triple-buffered fault-tolerant circuit,Completed,21120705,5393293,2026-03-06,2026-07-23
720,137,Integrated directional moderator,Active,35476516,28344198,2026-02-06,2026-08-08
721,2,Exclusive radical help-desk,Active,34012162,21538040,2026-01-24,2026-08-18
722,164,Universal analyzing intranet,Paused,35296590,32658075,2025-06-12,2027-05-20
723,142,Managed full-range ability,Active,7514961,5061760,2024-07-10,2027-02-19
724,126,User-friendly foreground matrices,Completed,15149394,5146274,2026-01-02,2028-03-01
725,16,Self-enabling human-resource structure,Completed,24599087,19672736,2024-07-28,2026-12-10
726,144,Organized demand-driven data-warehouse,Completed,11523049,6696904,2026-05-26,2026-08-24
727,150,Enterprise-wide eco-centric leverage,Completed,35051912,13113732,2025-01-01,2028-06-12
728,99,Virtual background Internet solution,Active,566956,294067,2025-11-20,2026-10-21
729,110,Intuitive intermediate instruction set,Paused,6201679,3152749,2025-11-01,2027-10-05
730,47,Profound zero administration utilization,Active,31856544,20672742,2026-01-02,2026-10-25
731,151,Total empowering projection,At Risk,10243622,9584688,2024-12-05,2027-02-06
732,175,Mandatory asynchronous intranet,Paused,38190774,17541010,2025-06-26,2027-11-12
733,281,Synergized high-level synergy,Active,1970587,1921043,2025-06-03,2026-11-28
734,121,Virtual human-resource architecture,Active,9360211,5447077,2024-12-18,2028-04-14
735,113,Assimilated attitude-oriented methodology,Paused,32193306,9619652,2025-10-05,2028-01-01
736,258,Right-sized homogeneous function,Active,39274253,8734167,2024-07-04,2027-12-04
737,88,Centralized upward-trending parallelism,Paused,15700753,9284905,2024-10-04,2027-04-25
738,29,Profound dedicated service-desk,Completed,2809984,2214257,2025-02-05,2027-09-06
739,162,Optimized clear-thinking knowledge user,Paused,18702782,17291180,2025-06-20,2027-09-24
740,230,Realigned methodical matrices,Paused,4133186,3128871,2025-05-22,2027-02-25
741,144,Adaptive client-driven definition,Paused,31673767,32214676,2025-01-13,2028-06-14
742,166,Virtual bottom-line forecast,Completed,17814085,4606706,2025-02-15,2028-03-27
743,216,Organized encompassing protocol,Active,33712811,15527681,2026-03-02,2028-01-11
744,269,Public-key secondary toolset,Paused,5593818,5709785,2024-10-10,2028-02-08
745,277,Stand-alone zero administration Internet solution,Active,3070365,2762358,2026-05-02,2026-11-12
746,237,Face-to-face static implementation,Paused,34906595,8902452,2025-05-22,2027-04-08
747,34,Persevering holistic task-force,Planned,21902055,13362736,2024-12-12,2027-10-28
748,286,Fundamental 24/7 emulation,Paused,39392322,17768889,2025-12-21,2027-08-25
749,200,Profound web-enabled orchestration,Paused,11650684,6246388,2024-12-08,2027-05-21
750,108,Secured heuristic groupware,Paused,34325406,14374342,2024-12-01,2027-10-16
751,227,Self-enabling composite contingency,Planned,27983415,10366492,2025-10-16,2028-03-05
752,80,Fundamental leadingedge alliance,Completed,1533749,1179078,2025-02-06,2028-03-26
753,41,Proactive hybrid help-desk,Completed,10529256,4184011,2025-06-09,2027-11-22
754,56,Exclusive reciprocal protocol,Paused,12506889,3690139,2026-05-12,2027-11-21
755,15,Advanced asymmetric open architecture,Paused,22796887,18527691,2025-11-16,2027-06-04
756,280,Visionary system-worthy portal,Paused,7095336,2330034,2024-10-10,2027-05-19
757,277,Future-proofed disintermediate migration,Planned,35497583,26061174,2025-07-05,2028-04-09
758,262,Digitized multi-state knowledge user,Planned,9380179,8224989,2024-07-30,2028-03-19
759,251,Visionary system-worthy model,Completed,872636,837546,2024-11-28,2027-10-12
760,19,Streamlined zero-defect flexibility,Paused,8347145,1995572,2024-11-22,2026-10-08
761,68,Reduced regional solution,Active,15126776,9065016,2025-09-29,2028-04-04
762,285,Front-line neutral functionalities,Paused,10062235,5249734,2025-01-22,2028-03-17
763,119,Enhanced even-keeled approach,Paused,15425923,6604883,2024-10-04,2028-04-03
764,224,Visionary empowering monitoring,Completed,20786878,14638155,2025-12-11,2027-02-06
765,24,Optimized multimedia moderator,Planned,16681308,13219835,2025-03-16,2027-12-03
766,216,Self-enabling regional structure,Paused,33339030,15741356,2026-04-27,2027-10-01
767,212,Balanced needs-based structure,Active,35200267,29914619,2025-05-02,2026-11-25
768,98,Function-based stable conglomeration,Completed,23104218,11415331,2025-05-28,2027-02-10
769,7,Persistent bi-directional budgetary management,Planned,33071171,18753838,2025-02-20,2027-08-01
770,88,Ergonomic mission-critical toolset,At Risk,15031102,4255673,2026-04-17,2026-09-05
771,175,Open-source bottom-line initiative,At Risk,3266091,2500247,2024-10-05,2027-12-14
772,226,Extended homogeneous leverage,Planned,2596778,1289833,2026-02-06,2026-12-20
773,269,Progressive uniform methodology,Active,32507641,23172417,2024-11-03,2027-01-30
774,265,Total scalable data-warehouse,At Risk,18777658,14835362,2026-03-22,2027-08-15
775,135,Decentralized hybrid interface,Paused,3400603,1558425,2025-04-07,2028-01-08
776,276,Decentralized interactive concept,Planned,14441629,4142965,2025-01-22,2027-10-28
777,160,Object-based regional success,Completed,4687679,2138107,2025-07-08,2027-12-02
778,27,Stand-alone upward-trending Internet solution,Active,7272130,5996674,2025-05-22,2028-04-21
779,166,Enhanced user-facing archive,Paused,3703069,1350565,2025-06-08,2026-11-11
780,228,Persistent non-volatile product,Completed,8039058,3771672,2025-09-06,2026-10-04
781,274,Proactive impactful projection,Paused,5409527,4420845,2026-05-10,2028-04-26
782,225,Optimized leadingedge analyzer,Paused,30621419,21828951,2026-05-18,2027-05-26
783,28,Object-based leadingedge array,At Risk,9937755,3902161,2025-09-12,2027-07-10
784,137,Re-engineered heuristic knowledgebase,At Risk,24368635,13497102,2025-08-23,2027-03-01
785,135,Public-key holistic solution,Paused,28049771,28340118,2024-10-16,2028-05-16
786,151,Distributed radical middleware,Active,2060254,1976675,2024-07-25,2028-06-14
787,217,Secured content-based frame,Planned,29073802,28830641,2025-12-07,2026-12-12
788,34,Organic disintermediate extranet,Active,29391459,11194654,2025-02-13,2026-10-06
789,164,Horizontal mission-critical system engine,Completed,32596540,12434365,2024-08-23,2026-08-22
790,260,Intuitive multi-state contingency,At Risk,14379623,13242789,2026-02-15,2028-05-10
791,299,Realigned bifurcated open system,Active,33834942,17046812,2025-02-07,2027-05-18
792,76,Robust 24hour knowledge user,Paused,29873021,11764676,2026-01-22,2027-05-11
793,202,Phased solution-oriented interface,Active,37951454,31971794,2026-05-10,2027-09-10
794,20,Customizable demand-driven attitude,Planned,9574127,6404094,2026-01-01,2027-04-10
795,170,Innovative foreground encryption,At Risk,37927987,19179412,2025-07-14,2026-11-21
796,84,Implemented cohesive hardware,At Risk,15618186,6061581,2025-01-31,2026-07-12
797,47,Face-to-face high-level encryption,At Risk,25627246,23301964,2024-12-05,2028-04-18
798,36,User-friendly uniform conglomeration,At Risk,37309218,18206016,2026-01-16,2026-09-07
799,276,Cross-platform cohesive Graphical User Interface,Completed,17005344,11630884,2026-04-20,2027-11-14
800,13,Organized fresh-thinking throughput,At Risk,31710564,30303156,2026-02-14,2026-08-24
801,150,Reduced optimizing secured line,At Risk,26189980,23640228,2025-08-20,2028-02-29
802,200,Virtual web-enabled knowledge user,At Risk,12257195,9849134,2025-05-17,2026-12-19
803,294,Total mission-critical ability,Planned,24340186,15873660,2025-02-27,2027-07-20
804,250,Up-sized clear-thinking hub,Paused,18367376,14965749,2025-07-13,2026-11-16
805,59,Cloned encompassing website,Planned,28900784,7306779,2026-04-03,2027-02-26
806,173,Multi-layered human-resource website,Active,1281000,1264465,2026-03-28,2026-11-21
807,40,Object-based methodical pricing structure,Completed,34868473,26202110,2025-06-13,2027-11-06
808,290,Focused intermediate middleware,At Risk,37431436,9717140,2025-04-20,2027-04-30
809,51,Innovative static function,At Risk,15695893,13401476,2025-11-09,2028-04-04
810,141,Profit-focused bifurcated algorithm,Planned,32579553,16970079,2025-09-29,2028-04-27
811,131,Ergonomic web-enabled capacity,Completed,38145561,14068784,2025-12-25,2028-03-08
812,231,Virtual content-based open system,Active,19714034,4365461,2024-09-23,2026-07-26
813,65,Triple-buffered zero tolerance adapter,Active,36371326,19502542,2024-12-28,2028-03-13
814,104,Reduced explicit circuit,Completed,2324131,2031019,2025-08-27,2028-03-11
815,179,Versatile asynchronous array,Paused,2384419,1615120,2025-08-26,2026-11-08
816,197,Organized empowering data-warehouse,Active,12960403,3846094,2025-09-15,2028-01-20
817,213,Mandatory actuating Internet solution,Planned,25707529,14794901,2025-08-18,2027-06-15
818,194,Down-sized analyzing orchestration,Planned,28282919,15371942,2025-08-01,2026-12-01
819,1,Polarized client-driven capability,Completed,9765031,10036762,2024-08-22,2028-04-28
820,124,Extended multimedia collaboration,Planned,19048536,6559053,2025-11-12,2027-09-16
821,69,Ergonomic optimizing system engine,Active,8990333,2795281,2026-01-20,2027-09-03
822,138,Balanced bi-directional hub,Planned,39885721,25993557,2026-03-09,2028-01-12
823,107,Vision-oriented systematic hub,Paused,29774765,29974788,2025-09-01,2028-05-04
824,114,Pre-emptive interactive artificial intelligence,Paused,28651222,17340418,2025-04-20,2028-06-07
825,9,Centralized uniform product,Completed,6693962,3974292,2026-05-11,2027-07-06
826,37,Front-line 5thgeneration function,At Risk,22371296,7254285,2025-11-15,2028-03-04
827,142,Adaptive fresh-thinking software,At Risk,27485499,8241445,2026-05-15,2027-01-14
828,14,Operative multi-state adapter,At Risk,11419583,4286565,2024-08-11,2027-11-16
829,33,Exclusive bottom-line focus group,Completed,31130572,14082154,2024-11-13,2026-12-24
830,185,Adaptive heuristic methodology,Active,29544104,27529081,2024-12-19,2026-11-15
831,193,User-centric bi-directional capability,Completed,3926337,1143884,2026-03-25,2027-03-08
832,127,Re-engineered full-range process improvement,Completed,33257590,27398752,2025-09-07,2027-10-15
833,112,Secured clear-thinking orchestration,At Risk,4861690,3262766,2024-08-13,2027-11-04
834,196,Right-sized user-facing benchmark,Active,22871744,11332776,2025-08-13,2028-02-25
835,94,Secured stable application,Completed,33012733,25380405,2025-08-18,2026-08-23
836,135,Multi-tiered explicit architecture,Planned,6619753,2964744,2025-05-30,2027-04-28
837,14,Total non-volatile capacity,Paused,14917787,14465092,2024-06-28,2028-02-24
838,166,Multi-layered object-oriented framework,At Risk,566439,570645,2025-07-06,2026-11-28
839,176,Object-based 4thgeneration open system,Active,4664491,3753721,2026-05-20,2028-03-29
840,139,Compatible intangible model,At Risk,19764155,19132659,2024-06-25,2027-12-25
841,282,Mandatory stable data-warehouse,Active,27198595,16300723,2026-05-20,2027-04-28
842,274,Secured human-resource frame,Planned,36366571,14176266,2024-11-12,2027-02-04
843,154,Self-enabling dedicated projection,Active,31862110,26339561,2024-12-22,2027-09-11
844,34,Expanded clear-thinking approach,At Risk,17357801,16800193,2024-06-18,2027-08-25
845,194,Automated bifurcated hub,Completed,6016478,3069888,2024-11-02,2026-11-27
846,150,Self-enabling 4thgeneration help-desk,Active,39340565,34952150,2024-11-19,2028-01-22
847,184,Monitored intermediate synergy,Paused,6627366,1955066,2024-10-16,2027-02-10
848,235,Realigned needs-based support,Paused,35698130,22459787,2026-02-16,2027-10-09
849,163,Team-oriented needs-based adapter,Planned,14738229,3724762,2026-02-20,2027-02-05
850,149,Right-sized modular analyzer,At Risk,1337108,914615,2024-12-21,2027-01-19
851,125,Total full-range Graphic Interface,Completed,29982409,18328369,2025-02-24,2028-06-09
852,218,Synergized impactful open system,Planned,6759140,4234474,2025-11-18,2026-10-30
853,271,Horizontal 5thgeneration groupware,Planned,25497100,15724067,2026-03-12,2027-10-03
854,52,Organized web-enabled utilization,Active,36364549,21773321,2025-10-06,2028-01-13
855,44,Cross-platform attitude-oriented productivity,Planned,21339297,7918762,2025-07-23,2027-03-26
856,167,Re-contextualized bandwidth-monitored product,At Risk,6580673,6441192,2024-06-17,2027-07-06
857,118,Vision-oriented optimal archive,Completed,29467141,17666915,2025-10-22,2028-02-05
858,88,Open-architected modular intranet,Planned,7371584,7257984,2025-10-17,2027-09-23
859,249,Synergistic high-level collaboration,Completed,37209436,9838974,2024-08-06,2027-07-02
860,50,Managed systematic middleware,Completed,3442535,2446147,2026-02-10,2027-04-01
861,269,Universal 6thgeneration firmware,Active,21880440,12062535,2025-10-23,2026-11-18
862,170,Fundamental client-server parallelism,Completed,30876921,27675852,2024-06-25,2028-06-13
863,281,Profound systematic protocol,Completed,554323,176559,2025-06-28,2028-06-06
864,297,Inverse zero-defect toolset,Planned,13682360,5511865,2025-07-04,2027-09-30
865,191,Polarized multimedia utilization,Active,18068284,6301148,2024-11-05,2027-11-26
866,7,Quality-focused 6thgeneration core,Active,27528381,6265170,2025-05-22,2026-12-06
867,100,Phased demand-driven system engine,Paused,4039302,1428160,2024-08-13,2026-08-12
868,222,Reactive next generation installation,At Risk,22897617,23143758,2025-07-24,2027-11-07
869,10,Programmable heuristic database,Active,22307079,21412014,2025-10-20,2027-05-27
870,87,Programmable logistical neural-net,Planned,19747930,16093523,2024-08-10,2026-11-18
871,149,Ameliorated uniform parallelism,Completed,10694670,2381339,2025-02-19,2027-10-14
872,246,Grass-roots 24/7 functionalities,Planned,2860760,816948,2024-07-26,2026-08-27
873,132,Cross-platform dynamic strategy,Paused,21858629,17770722,2026-02-06,2027-04-07
874,73,Proactive 5thgeneration ability,Completed,1681330,469464,2024-07-12,2027-01-19
875,218,Multi-channeled exuding superstructure,Paused,17167067,6365883,2025-09-26,2027-12-02
876,73,Visionary user-facing challenge,Active,9038588,2825618,2025-10-13,2027-10-22
877,143,Profit-focused bi-directional access,At Risk,2907070,657436,2026-02-27,2027-08-24
878,119,Synergistic fresh-thinking concept,Active,39800030,12270672,2025-01-28,2028-03-25
879,25,Total object-oriented info-mediaries,Planned,25393907,13041244,2024-09-27,2028-02-24
880,49,Optional attitude-oriented flexibility,Planned,3510970,3180163,2024-12-24,2028-05-02
881,107,Switchable transitional task-force,Active,17581612,11311545,2025-10-21,2027-12-09
882,115,Re-contextualized needs-based knowledge user,Active,39046389,11083468,2024-07-29,2028-04-14
883,90,Centralized reciprocal core,Completed,24801937,8697405,2025-09-29,2026-10-01
884,60,Digitized optimizing extranet,Paused,14806746,4907086,2024-08-31,2028-01-30
885,131,Customizable bifurcated attitude,Completed,22917376,20416979,2026-03-07,2027-02-10
886,146,Focused cohesive extranet,At Risk,22764469,6938144,2025-12-01,2026-08-02
887,96,Open-architected value-added Graphical User Interface,At Risk,33994516,18077402,2026-04-06,2026-10-11
888,227,Synergistic incremental archive,Active,29135800,25005292,2024-09-17,2027-04-08
889,136,Open-source transitional open system,Completed,39568077,24728426,2025-01-14,2026-09-07
890,99,Total scalable approach,Planned,18359854,6321483,2024-06-17,2026-08-21
891,299,Triple-buffered demand-driven definition,Completed,24331641,9865003,2026-05-11,2026-07-23
892,243,Operative logistical paradigm,Paused,16674098,7164595,2026-01-23,2027-03-03
893,282,Multi-layered responsive info-mediaries,Completed,24594302,8539091,2025-09-21,2028-04-10
894,119,Enterprise-wide directional neural-net,Planned,24304941,13026370,2025-11-14,2028-01-25
895,172,Ergonomic human-resource middleware,Completed,12316094,12657759,2025-01-20,2027-01-31
896,190,Integrated executive infrastructure,Planned,22714745,15152053,2026-03-11,2026-11-08
897,137,Profit-focused 3rdgeneration synergy,Completed,33144111,27647007,2025-05-28,2027-10-20
898,81,Stand-alone analyzing functionalities,Paused,25212290,21522556,2026-05-14,2027-07-05
899,32,Upgradable object-oriented time-frame,Planned,28354578,15472695,2025-09-14,2027-03-07
900,137,Seamless holistic ability,At Risk,32124542,27295828,2025-08-27,2028-04-08
901,113,Upgradable encompassing complexity,Paused,17124441,9171600,2025-06-24,2026-08-24
902,190,Quality-focused discrete infrastructure,Completed,11087352,4872793,2024-10-02,2028-05-13
903,139,Pre-emptive context-sensitive artificial intelligence,At Risk,26827919,15036266,2024-07-04,2027-06-28
904,120,Enterprise-wide maximized forecast,Paused,23087082,8610419,2026-04-24,2026-10-01
905,209,Business-focused holistic paradigm,Paused,8941737,7442816,2024-08-11,2028-05-16
906,283,Monitored user-facing knowledgebase,Active,23155534,19005790,2026-03-21,2027-08-17
907,149,User-friendly value-added artificial intelligence,Completed,13992764,12989016,2025-03-08,2027-03-02
908,253,Reactive fault-tolerant parallelism,At Risk,10515624,4702402,2025-02-25,2028-05-29
909,244,Multi-layered composite process improvement,Completed,5889251,1943588,2025-04-13,2026-12-29
910,215,Intuitive client-driven challenge,Paused,13587946,11119094,2024-08-23,2026-11-24
911,115,Reactive fault-tolerant circuit,At Risk,22142035,9417148,2024-12-21,2027-07-14
912,211,Stand-alone static concept,Completed,37211142,17588761,2025-07-23,2026-08-18
913,127,Diverse 3rdgeneration collaboration,Planned,39172223,8684144,2025-08-28,2027-10-06
914,202,Persevering context-sensitive info-mediaries,Paused,36531406,11766964,2025-01-25,2026-09-20
915,241,Stand-alone dynamic success,Paused,16262134,11565730,2024-12-19,2026-07-30
916,40,Self-enabling full-range matrix,Active,28269006,7910534,2025-06-17,2026-09-23
917,257,Fully-configurable bi-directional frame,Paused,5990330,1702751,2025-03-01,2027-12-30
918,101,Multi-tiered client-driven success,Active,31397895,8582901,2025-03-08,2026-08-18
919,12,Centralized client-driven focus group,Completed,33760003,29348061,2026-02-10,2026-12-09
920,67,Advanced bifurcated budgetary management,Active,25870470,6439483,2024-11-12,2027-01-23
921,3,Innovative fault-tolerant contingency,Paused,6803448,2907193,2024-08-14,2026-12-30
922,217,Stand-alone mission-critical middleware,Planned,32744697,32610720,2025-10-10,2027-10-30
923,285,Multi-layered full-range protocol,At Risk,9791077,5099936,2026-03-23,2026-10-13
924,294,Devolved mission-critical leverage,Planned,14359075,4276052,2024-07-02,2027-10-19
925,147,Optimized actuating support,Paused,27124889,23070154,2025-01-19,2027-06-03
926,153,Secured solution-oriented leverage,At Risk,30063565,15915479,2025-08-25,2027-12-11
927,143,Programmable local standardization,Active,10073731,8274483,2024-10-24,2027-04-19
928,199,Reverse-engineered intermediate project,Completed,20300311,9864171,2025-12-22,2026-08-31
929,106,Extended grid-enabled access,Completed,13234900,9214319,2026-02-13,2027-11-09
930,72,Implemented regional process improvement,Paused,39664009,36263887,2025-03-13,2026-11-03
931,154,Organized tertiary initiative,Paused,1161562,439816,2024-10-29,2027-08-11
932,135,Profit-focused 4thgeneration analyzer,Planned,34332060,30987391,2025-04-26,2028-04-13
933,57,Seamless executive methodology,Completed,12581739,9220978,2025-01-25,2027-10-17
934,150,Vision-oriented heuristic productivity,Paused,38461259,22382014,2024-10-24,2026-08-08
935,210,Cloned client-server toolset,Planned,30699506,31354842,2026-01-28,2028-02-05
936,211,Advanced upward-trending forecast,At Risk,37357114,14422946,2024-09-25,2028-05-15
937,113,Multi-layered non-volatile success,Completed,7844893,1782948,2024-11-21,2027-10-10
938,56,Devolved demand-driven task-force,Paused,11795639,5784824,2025-07-13,2028-01-31
939,15,Focused didactic budgetary management,Active,8022800,4277133,2025-03-31,2028-05-30
940,291,Compatible intermediate initiative,Planned,18660902,15060220,2025-11-23,2027-09-21
941,42,Synchronized methodical function,At Risk,13465251,5223571,2025-10-11,2028-04-13
942,140,Open-source optimal matrix,Completed,14858213,8844760,2024-07-14,2026-09-26
943,247,Robust multi-tasking workforce,At Risk,14165269,14084638,2025-11-08,2027-02-26
944,274,Cloned bifurcated capability,Paused,7137117,3094660,2025-03-06,2027-07-29
945,280,Persevering clear-thinking encoding,Planned,18204129,4979685,2025-08-04,2028-04-15
946,37,Proactive bottom-line Graphic Interface,Active,29536008,18008333,2025-09-19,2028-05-01
947,20,Programmable impactful access,Paused,5360246,5494250,2024-10-23,2027-02-06
948,47,Expanded impactful conglomeration,At Risk,7361168,3918931,2025-11-12,2027-02-06
949,297,Profound national success,Planned,5972584,5019819,2026-05-13,2027-11-23
950,160,User-centric optimal database,Planned,11241409,10586198,2025-04-29,2028-02-03
951,78,Persistent secondary neural-net,Completed,35943326,23949456,2025-06-04,2028-03-11
952,214,Programmable static adapter,Paused,8390648,4493062,2025-02-24,2027-11-11
953,17,Self-enabling asymmetric architecture,Paused,5255575,4873084,2026-03-10,2028-02-08
954,21,Proactive multi-tasking firmware,Planned,16938832,7492753,2025-09-08,2027-01-21
955,103,Centralized coherent superstructure,At Risk,17701803,10915172,2025-05-28,2027-01-07
956,155,Profound real-time extranet,Active,37545912,15646902,2024-10-14,2027-02-09
957,31,Focused leadingedge portal,Planned,14461311,6724202,2026-01-24,2027-04-21
958,218,Optimized actuating forecast,Paused,4519370,3512219,2025-01-22,2027-12-25
959,50,User-centric logistical budgetary management,Paused,32992323,29527691,2024-09-08,2027-07-14
960,52,Open-source asymmetric moderator,Completed,14184757,13677623,2024-10-14,2027-06-19
961,31,Organic secondary definition,Completed,5757802,2699592,2025-01-12,2027-05-19
962,51,Horizontal optimizing instruction set,Planned,6198903,5308083,2025-04-23,2027-07-09
963,105,Implemented holistic standardization,Planned,9475238,8050479,2024-09-13,2028-04-03
964,299,Team-oriented dynamic project,Planned,21165970,20504849,2025-09-09,2026-09-17
965,70,Programmable multi-state benchmark,Planned,20764527,19771071,2025-01-27,2027-06-23
966,83,Horizontal bottom-line data-warehouse,Planned,35347244,23371091,2025-12-30,2027-01-19
967,149,Visionary scalable help-desk,Paused,6575065,1965693,2025-02-15,2027-05-14
968,236,Persevering scalable workforce,Completed,20470513,9482032,2024-07-07,2027-05-29
969,39,Up-sized analyzing leverage,Completed,14702694,14774661,2026-03-13,2027-10-05
970,262,Integrated responsive productivity,At Risk,25129777,15264162,2025-03-08,2028-05-24
971,220,Assimilated 3rdgeneration archive,Active,12984408,9119117,2025-05-26,2026-09-18
972,284,Fundamental bi-directional collaboration,Completed,5747978,1328545,2025-05-16,2028-05-19
973,155,Reverse-engineered context-sensitive benchmark,Completed,7862421,5863995,2025-09-12,2027-08-19
974,63,Reactive heuristic implementation,Active,39161767,40296179,2025-04-30,2026-10-05
975,128,Business-focused high-level hierarchy,At Risk,10583888,3161888,2025-02-14,2027-10-08
976,25,Self-enabling cohesive Graphic Interface,Planned,5509343,4348462,2026-02-11,2026-09-19
977,172,Phased executive productivity,Completed,15015974,7134718,2025-06-29,2027-05-09
978,222,Distributed solution-oriented initiative,Completed,12851788,6714865,2025-01-21,2026-10-25
979,281,User-friendly encompassing data-warehouse,At Risk,17396722,15235065,2025-04-23,2026-10-24
980,86,User-friendly client-driven toolset,Completed,22087905,7635022,2024-10-03,2026-11-15
981,160,Business-focused even-keeled archive,At Risk,5436640,1096427,2024-06-18,2027-01-30
982,145,Re-engineered impactful analyzer,Planned,33052408,26380814,2025-05-07,2027-03-30
983,239,Diverse transitional approach,Paused,39574764,25744448,2026-04-25,2028-03-20
984,142,Customer-focused uniform focus group,At Risk,35336633,22486141,2025-06-16,2027-04-30
985,219,Secured incremental knowledge user,Paused,26601094,18667118,2026-04-22,2027-05-14
986,292,Multi-layered 5thgeneration approach,Planned,15224731,15443421,2025-07-28,2028-06-09
987,190,Decentralized user-facing orchestration,At Risk,7511317,5185836,2025-02-14,2027-11-30
988,222,Secured content-based utilization,Completed,30694129,15001157,2024-10-21,2027-03-29
989,107,Adaptive interactive superstructure,Paused,24936364,12522323,2025-02-17,2027-04-14
990,152,Re-contextualized human-resource product,Active,10174040,9227267,2024-09-04,2027-11-30
991,230,Managed needs-based model,Completed,6199683,3584770,2024-12-13,2027-10-25
992,207,De-engineered didactic infrastructure,At Risk,9343533,7765877,2024-12-10,2028-04-10
993,208,Compatible bi-directional synergy,Completed,25026156,5543017,2024-07-05,2026-07-30
994,5,Synergistic composite alliance,Planned,32371397,7080302,2025-07-03,2027-03-30
995,43,Open-architected value-added alliance,At Risk,20134051,18382142,2025-01-13,2028-05-09
996,57,Open-source client-server encryption,Completed,15330533,3130919,2026-04-19,2026-09-13
997,261,Multi-lateral bottom-line standardization,At Risk,28651443,26208938,2026-05-01,2027-06-03
998,21,Decentralized real-time implementation,Planned,34756470,19790895,2025-05-18,2028-01-20
999,3,Re-engineered incremental algorithm,Completed,630209,632593,2025-02-10,2027-05-08
1000,210,Focused attitude-oriented flexibility,At Risk,36739139,25628826,2025-10-11,2026-12-04
1001,52,Enhanced context-sensitive alliance,Active,33005611,10315169,2025-06-03,2026-08-09
1002,4,Horizontal didactic artificial intelligence,Active,32056082,17257211,2025-12-29,2026-08-08
1003,257,Persevering logistical concept,Active,7870604,2369233,2024-10-12,2027-08-09
1004,72,Function-based regional policy,Active,15792657,5030671,2026-02-24,2028-04-14
1005,93,Re-contextualized content-based superstructure,At Risk,12143328,8033237,2025-03-27,2028-04-29
1006,7,Down-sized needs-based superstructure,At Risk,36373709,15659097,2025-03-25,2026-09-03
1007,80,Vision-oriented hybrid solution,Paused,35699855,12847019,2025-09-14,2027-10-24
1008,153,Progressive local data-warehouse,Planned,2544113,511544,2026-03-21,2027-12-30
1009,20,Programmable analyzing capability,Paused,37594738,15880790,2024-08-28,2028-01-30
1010,60,Automated solution-oriented hardware,Planned,15712432,8007233,2024-10-16,2028-04-30
1011,60,Distributed demand-driven moderator,Planned,16927215,8261061,2024-11-21,2028-04-22
1012,161,Down-sized client-server database,Completed,13435220,6240768,2025-05-12,2027-03-02
1013,75,Future-proofed executive utilization,Paused,11454976,9575203,2025-06-23,2026-07-28
1014,68,Streamlined disintermediate product,Completed,913771,783086,2024-10-27,2027-01-20
1015,149,Synergized reciprocal initiative,At Risk,8296041,6063012,2025-07-11,2027-04-23
1016,251,Grass-roots bifurcated structure,Paused,37747729,38270599,2024-10-14,2026-09-19
1017,238,Up-sized value-added hierarchy,Active,35577852,14210476,2025-02-01,2027-02-12
1018,277,Persistent optimal encryption,Planned,1553844,1408923,2024-11-02,2027-08-28
1019,154,Phased analyzing capacity,At Risk,7267026,5205439,2024-09-09,2028-03-25
1020,125,Synchronized homogeneous archive,At Risk,20618712,5444929,2025-11-25,2027-09-14
1021,65,User-friendly well-modulated alliance,Planned,34661665,28824255,2025-01-23,2027-10-25
1022,135,Compatible actuating collaboration,Completed,19721394,11629917,2026-05-03,2028-03-06
1023,233,Switchable well-modulated projection,Active,19716416,15934689,2025-09-20,2027-03-24
1024,282,Implemented attitude-oriented parallelism,Paused,2843611,982432,2025-11-29,2027-12-26
1025,285,Fundamental dedicated matrix,Active,15383574,3364932,2025-05-12,2026-07-30
1026,177,Secured stable instruction set,Paused,33801549,34292050,2025-05-07,2028-03-21
1027,13,Managed 24/7 database,Paused,15656830,9169690,2025-01-30,2028-01-10
1028,60,Down-sized disintermediate knowledge user,Paused,10191785,2861831,2026-01-18,2028-06-02
1029,228,Grass-roots hybrid secured line,Active,17216206,16749050,2024-12-23,2027-02-23
1030,207,Object-based 24/7 frame,At Risk,39035173,8252225,2025-07-03,2028-04-04
1031,283,Multi-channeled background artificial intelligence,Completed,22087094,21976480,2025-08-06,2026-07-29
1032,191,Open-architected foreground system engine,Planned,38797347,17615185,2025-03-22,2026-12-21
1033,279,Enterprise-wide systematic initiative,Planned,19073535,6768342,2025-05-26,2026-08-26
1034,215,Customizable asynchronous matrix,Planned,29251806,19602926,2025-06-12,2026-09-25
1035,153,Monitored real-time structure,Paused,24511282,23087332,2024-10-15,2027-05-25
1036,279,Reduced asynchronous initiative,Planned,29199823,6197993,2025-08-14,2028-05-07
1037,25,Virtual client-server capacity,Completed,26472283,12579479,2026-03-03,2027-09-10
1038,124,Monitored dynamic moratorium,At Risk,16071813,9248494,2024-12-15,2027-08-02
1039,191,Managed mission-critical info-mediaries,Planned,30199836,28440825,2024-08-16,2027-04-20
1040,205,Synergistic mobile complexity,Completed,21763932,6952234,2024-10-07,2027-01-06
1041,48,Multi-lateral multi-state model,Paused,15343178,8395041,2026-05-11,2028-03-20
1042,36,Optional intermediate access,Paused,20454875,14069458,2025-06-06,2027-08-08
1043,30,Front-line stable forecast,Planned,9796141,4867730,2024-07-19,2026-11-26
1044,263,Ergonomic methodical migration,Completed,19214163,6943893,2024-11-18,2028-03-01
1045,83,Customizable heuristic productivity,At Risk,27093870,12069820,2025-07-30,2028-03-02
1046,236,Operative multi-state initiative,Active,33880420,30950964,2025-03-14,2027-07-09
1047,166,Quality-focused 3rdgeneration matrices,Active,1014065,650165,2025-08-08,2027-04-29
1048,124,Front-line actuating algorithm,Active,9851518,9337189,2024-07-21,2028-02-03
1049,109,Pre-emptive high-level access,Planned,20632083,12899086,2025-08-27,2027-11-10
1050,141,Switchable 3rdgeneration focus group,Active,5769817,3329913,2025-05-16,2026-07-11
1051,158,Distributed next generation alliance,At Risk,7822974,6240553,2024-11-29,2026-12-11
1052,127,Cross-group empowering circuit,At Risk,27130821,18945252,2025-10-14,2026-12-07
1053,274,Phased executive knowledge user,At Risk,23085250,10658921,2026-01-22,2027-06-26
1054,300,Re-contextualized discrete paradigm,Completed,2332350,1210170,2024-10-18,2026-10-17
1055,289,Open-source uniform strategy,At Risk,25822423,5484822,2025-06-08,2027-01-20
1056,85,Re-engineered fresh-thinking firmware,Active,25157977,14473587,2024-10-06,2028-02-11
1057,110,User-centric clear-thinking pricing structure,Paused,15272883,11385047,2024-12-08,2027-12-06
1058,174,Fully-configurable hybrid superstructure,Active,19936508,9925074,2025-07-29,2028-05-22
1059,43,Extended client-server system engine,Active,22019691,16101454,2025-01-21,2027-11-01
1060,269,Enhanced multimedia artificial intelligence,At Risk,26362733,10225541,2025-12-23,2027-09-18
1061,11,Monitored reciprocal middleware,Completed,9783258,6870133,2024-08-29,2028-04-13
1062,95,Operative asynchronous secured line,Planned,6483141,3678379,2025-06-07,2027-08-29
1063,249,Profit-focused web-enabled algorithm,Paused,20230050,20018871,2025-08-16,2027-08-09
1064,72,Centralized empowering adapter,Planned,9192735,2040304,2025-09-03,2026-12-18
1065,209,Up-sized context-sensitive intranet,Active,31539232,20484936,2024-09-28,2027-01-13
1066,62,Innovative full-range capacity,Paused,24504336,18822577,2024-10-26,2027-03-19
1067,91,Fundamental client-driven info-mediaries,Active,27654265,14309237,2025-05-29,2028-01-24
1068,244,Team-oriented tertiary strategy,Active,732474,387375,2025-10-31,2026-11-11
1069,182,Digitized bi-directional website,Planned,2615731,2631625,2025-01-26,2027-03-11
1070,119,Digitized foreground application,Planned,39750586,13126434,2025-12-20,2027-04-11
1071,155,Reduced content-based time-frame,At Risk,36077677,30579261,2026-02-27,2027-08-13
1072,4,Organic eco-centric hierarchy,Completed,12811553,4170361,2024-08-23,2027-11-19
1073,49,Object-based global standardization,Paused,39661280,9537015,2026-05-19,2028-01-12
1074,123,Optimized 24hour moratorium,Paused,16742259,6289506,2025-03-26,2028-01-08
1075,116,Implemented optimizing toolset,Planned,33243683,23319849,2025-02-02,2026-09-20
1076,32,Exclusive optimal interface,Planned,538356,133647,2025-04-14,2027-12-01
1077,95,User-centric global Local Area Network,Completed,39441738,29102708,2025-02-01,2026-10-20
1078,51,Re-engineered impactful infrastructure,At Risk,25685470,8254453,2025-11-26,2028-04-10
1079,193,Polarized asymmetric software,Planned,19242354,15028500,2024-08-21,2026-09-05
1080,264,Devolved stable ability,Paused,25127349,12406246,2025-05-04,2026-11-21
1081,159,Re-engineered bottom-line paradigm,Paused,564910,453898,2025-11-02,2027-07-23
1082,74,Open-architected full-range hierarchy,At Risk,15627303,3131562,2026-02-17,2028-01-08
1083,112,Extended intermediate paradigm,Planned,9574884,7818916,2025-10-23,2028-03-06
1084,198,Mandatory zero tolerance architecture,Paused,31855473,18678225,2026-05-06,2027-05-28
1085,39,User-centric intangible projection,At Risk,19516887,9273313,2026-02-27,2027-03-16
1086,226,Secured web-enabled paradigm,Completed,19723316,17660837,2024-08-08,2028-05-17
1087,7,Multi-tiered incremental paradigm,At Risk,8336947,5922560,2025-04-26,2026-08-19
1088,101,Enterprise-wide client-driven customer loyalty,Completed,7406843,7137213,2025-03-11,2028-06-04
1089,256,Re-engineered tertiary orchestration,Completed,29116432,29245507,2025-12-31,2027-03-10
1090,175,Customer-focused explicit encoding,Completed,4320051,2099625,2025-05-02,2026-07-10
1091,215,Future-proofed dedicated software,Paused,4889346,1485226,2024-12-12,2026-10-25
1092,82,Robust bi-directional instruction set,At Risk,37563165,10210744,2024-10-04,2026-11-24
1093,245,Proactive maximized leverage,Planned,37138075,9121243,2025-12-11,2027-11-21
1094,31,Future-proofed client-server contingency,Planned,10860907,3362511,2024-09-27,2028-03-07
1095,59,Synergized exuding capacity,Paused,26625579,15898723,2026-05-04,2026-09-21
1096,227,Universal optimizing matrices,Completed,2013324,1048331,2024-10-30,2027-07-06
1097,219,Synchronized upward-trending website,Active,14123613,6755305,2025-10-14,2026-07-27
1098,78,Focused eco-centric intranet,Planned,13715908,10529468,2024-11-08,2027-05-25
1099,277,Cross-platform 5thgeneration protocol,Planned,24273020,16655956,2024-10-19,2028-04-25
1100,71,Quality-focused disintermediate superstructure,Paused,25804113,22696018,2025-07-18,2026-07-17
1101,146,User-centric demand-driven encoding,Active,34801933,17579724,2024-10-13,2026-09-16
1102,255,Innovative foreground database,Active,6022920,1620134,2025-11-21,2027-02-21
1103,160,Extended foreground projection,Planned,13322827,2903123,2025-04-15,2026-11-27
1104,126,Synergistic tertiary frame,Active,30837619,27416117,2026-05-25,2026-08-22
1105,292,Organic asynchronous portal,Active,36496112,24401936,2025-10-08,2027-09-29
1106,125,Cloned homogeneous emulation,At Risk,5308985,1974722,2026-04-08,2026-11-22
1107,224,Monitored empowering knowledge user,Paused,23524346,16409024,2025-09-05,2027-11-17
1108,195,Fundamental didactic encryption,Active,25900658,18349653,2026-04-13,2027-09-29
1109,246,Down-sized fresh-thinking framework,Planned,36328249,28782605,2024-08-31,2028-01-26
1110,252,Quality-focused object-oriented circuit,Completed,37561144,13800547,2025-10-19,2026-10-19
1111,212,Object-based needs-based challenge,At Risk,23384686,15742652,2025-07-25,2027-10-07
1112,108,Up-sized eco-centric Graphical User Interface,Planned,35551146,11225369,2025-12-17,2027-11-07
1113,51,Enhanced multimedia framework,Planned,18840904,14203368,2025-02-17,2026-09-29
1114,199,Realigned intangible orchestration,Completed,24096087,8092526,2026-04-25,2028-06-01
1115,202,Versatile non-volatile protocol,Completed,20051966,7072548,2025-09-17,2028-05-27
1116,113,Optimized value-added conglomeration,Active,25149765,6357843,2025-03-05,2027-01-31
1117,250,Robust dedicated benchmark,At Risk,12686203,12997538,2026-04-01,2027-02-20
1118,177,Upgradable intangible Graphical User Interface,Active,15204709,15184273,2024-08-25,2026-12-08
1119,251,Programmable intermediate budgetary management,At Risk,24923687,18899437,2025-12-27,2027-04-27
1120,198,Team-oriented explicit info-mediaries,At Risk,31891617,32250879,2024-08-13,2026-09-16
1121,271,Advanced foreground flexibility,Paused,30014257,18740503,2024-12-04,2027-05-24
1122,219,Ameliorated mission-critical system engine,Paused,11120153,3744044,2025-10-04,2027-11-11
1123,148,Front-line homogeneous leverage,Planned,25069765,22294106,2024-08-10,2027-06-25
1124,158,Fundamental mission-critical ability,At Risk,27699617,19920003,2025-04-08,2027-12-23
1125,3,Multi-layered disintermediate website,Paused,28134464,19138002,2024-08-10,2026-09-21
1126,215,Progressive zero administration policy,At Risk,22343997,11573169,2025-01-17,2026-07-07
1127,57,Synergized human-resource process improvement,Planned,9996200,8789573,2025-12-15,2026-10-14
1128,216,Right-sized interactive knowledge user,Completed,8880771,7309548,2026-05-18,2028-03-04
1129,253,Future-proofed background neural-net,Active,12434170,8650948,2025-04-17,2027-09-15
1130,164,Cloned reciprocal system engine,Paused,1861960,1321112,2026-05-12,2027-10-07
1131,111,Organic neutral product,At Risk,17673863,13580530,2025-05-03,2027-12-16
1132,71,Realigned human-resource solution,Planned,5295539,1634849,2024-12-16,2028-05-21
1133,155,Advanced zero-defect budgetary management,At Risk,29732360,27383548,2025-08-21,2026-10-17
1134,3,Multi-lateral grid-enabled encryption,Active,12885366,4152898,2026-03-01,2027-05-24
1135,150,Managed fresh-thinking website,Planned,33513372,19538943,2024-06-16,2027-04-10
1136,147,Customer-focused intermediate budgetary management,Paused,23545103,23713369,2025-01-11,2026-12-20
1137,238,Upgradable encompassing application,Paused,9589910,4891541,2024-11-24,2028-03-17
1138,150,De-engineered homogeneous matrices,Active,3885604,2257275,2025-02-10,2027-03-09
1139,118,Operative optimizing product,At Risk,35947550,11186235,2024-07-26,2027-01-31
1140,232,Fundamental clear-thinking help-desk,Active,37679012,28821673,2026-04-10,2027-12-23
1141,125,Seamless heuristic infrastructure,Active,13356565,7601316,2024-11-02,2027-10-30
1142,29,Centralized didactic migration,At Risk,38476631,30009268,2025-02-05,2027-02-20
1143,163,Profit-focused web-enabled model,Completed,4697066,3737677,2024-10-26,2026-09-27
1144,250,Expanded coherent process improvement,Completed,27257037,22779467,2025-08-30,2027-05-06
1145,7,Profound didactic function,Active,26936465,9794588,2024-11-07,2027-03-18
1146,72,Total systemic secured line,Planned,35311375,19557592,2025-03-02,2027-08-22
1147,58,Robust maximized time-frame,Active,4920695,5021100,2025-05-13,2026-12-29
1148,14,Multi-lateral multimedia infrastructure,Paused,3689029,3466998,2025-10-29,2027-10-16
1149,150,Digitized client-server groupware,Active,34181245,32883310,2025-11-04,2027-11-14
1150,199,Future-proofed discrete matrix,Paused,17387083,14636184,2025-10-21,2026-11-23
1151,105,Open-architected context-sensitive middleware,Active,14129987,14470046,2025-06-04,2026-08-30
1152,217,Customizable intermediate hub,Completed,30690180,23349915,2026-02-18,2028-05-22
1153,12,Mandatory radical system engine,Paused,34592557,11695745,2025-02-07,2028-05-30
1154,208,Robust encompassing hub,Planned,33871574,27122282,2026-01-10,2027-05-04
1155,106,Re-contextualized multi-state pricing structure,At Risk,25981267,5384447,2025-02-10,2028-01-10
1156,130,De-engineered real-time firmware,Paused,19595838,18405226,2025-07-03,2026-12-21
1157,69,Centralized real-time orchestration,At Risk,2012413,1341679,2025-11-17,2027-11-18
1158,215,Programmable full-range Graphic Interface,Planned,19185900,12886309,2025-10-22,2027-01-19
1159,59,Organized optimal database,Paused,13002858,4171631,2025-10-27,2028-01-03
1160,190,Innovative directional artificial intelligence,Active,6680162,6371006,2025-01-23,2027-08-12
1161,192,Decentralized empowering complexity,Planned,3749973,3317384,2026-03-25,2027-03-16
1162,40,Integrated uniform alliance,At Risk,7666628,7253437,2025-08-02,2027-05-31
1163,201,Networked client-server function,Paused,7763482,4614695,2026-03-24,2027-08-01
1164,31,Multi-lateral modular firmware,Active,36698739,34076735,2024-07-09,2026-07-23
1165,269,Vision-oriented holistic complexity,Planned,34596736,23490283,2025-11-27,2027-11-10
1166,147,Sharable system-worthy Local Area Network,Planned,17531610,12790845,2026-05-22,2028-01-19
1167,145,Exclusive holistic extranet,Planned,4522889,1925437,2026-04-01,2027-05-09
1168,179,Focused actuating knowledge user,Paused,27623843,14351098,2025-12-29,2027-10-17
1169,175,Organic object-oriented workforce,At Risk,5490059,4228970,2025-08-22,2027-02-19
1170,98,Synchronized secondary ability,Planned,35460400,25761040,2025-08-04,2027-04-13
1171,141,Streamlined heuristic throughput,Completed,34964527,25732240,2026-01-17,2028-04-13
1172,159,Secured executive adapter,Paused,31141327,14492133,2025-05-28,2028-02-13
1173,26,Focused even-keeled workforce,Planned,13626150,3200947,2025-04-02,2027-03-21
1174,53,Balanced encompassing capability,At Risk,27466070,17263668,2025-11-04,2026-08-20
1175,196,Business-focused multimedia collaboration,Completed,19313441,11034238,2025-07-21,2026-10-13
1176,231,Reverse-engineered client-server functionalities,Planned,37237052,15553140,2024-08-17,2027-11-15
1177,20,Secured 4thgeneration ability,Planned,10786286,10112349,2024-10-21,2027-11-07
1178,208,Balanced asymmetric toolset,Active,35774107,27758894,2025-11-21,2027-02-07
1179,248,Function-based systematic knowledge user,Planned,7300851,4101786,2024-10-19,2027-08-17
1180,188,Triple-buffered grid-enabled hub,Completed,35025280,33978363,2025-01-30,2026-12-24
1181,265,Profit-focused content-based solution,Paused,28746457,8441192,2025-08-29,2027-01-02
1182,293,Proactive grid-enabled matrices,Completed,31942696,28303766,2025-10-28,2027-01-31
1183,225,Multi-tiered needs-based forecast,Paused,24307388,16545753,2025-01-03,2028-02-12
1184,104,Focused dedicated database,Planned,13768503,4580230,2026-01-22,2026-12-28
1185,244,Sharable next generation moratorium,Planned,3197394,2548694,2026-03-11,2028-03-25
1186,171,Operative global architecture,Active,36391137,13542047,2025-07-26,2026-08-05
1187,131,Universal explicit open architecture,Planned,24326797,17860923,2024-11-05,2026-08-13
1188,179,Devolved explicit array,Active,28718733,13541850,2024-11-11,2026-09-28
1189,280,Business-focused impactful protocol,Active,25204611,10206314,2025-12-16,2027-01-03
1190,127,User-centric empowering website,Paused,39222641,29204820,2025-08-03,2026-11-26
1191,84,Sharable value-added open system,Completed,19344071,6425221,2024-12-05,2028-06-12
1192,73,Decentralized mobile software,Completed,6725973,3958527,2025-05-26,2028-03-25
1193,172,Ergonomic demand-driven forecast,At Risk,37951306,8954645,2025-11-08,2027-10-12
1194,277,Versatile tertiary product,Completed,18364012,17833206,2024-07-16,2027-12-27
1195,281,Persevering bifurcated neural-net,Active,32939571,23121748,2025-11-09,2026-10-22
1196,3,Cross-platform responsive monitoring,Paused,13982415,2871454,2024-10-07,2028-01-26
1197,175,Synchronized 3rdgeneration Internet solution,Completed,14124336,4672329,2025-10-01,2027-08-14
1198,92,Face-to-face asymmetric moderator,Completed,32544464,26874512,2026-04-07,2027-05-30
1199,287,Sharable static model,Planned,15296729,6297485,2024-09-04,2026-09-05
1200,190,Assimilated needs-based website,Active,4509076,1517860,2026-04-21,2026-08-19
