WorkOrderId,ProjectId,Status,Severity,SystemArea,HoursOpen,OpenedDate
1,1061,Blocked,High,Hull,14,2026-05-20
2,489,Closed,Low,Hydraulics,118,2025-09-10
3,16,In Progress,Critical,Comms,108,2025-12-31
4,17,In Progress,Critical,Software,111,2025-09-12
5,342,Closed,Critical,Hull,59,2025-11-09
6,238,Blocked,Low,Hydraulics,41,2026-01-13
7,263,Closed,Critical,Hydraulics,1,2025-12-09
8,126,Closed,Low,Avionics,19,2025-06-19
9,150,In Progress,Low,Comms,110,2026-02-18
10,571,In Progress,Medium,Power,87,2026-04-04
11,595,In Progress,Critical,Comms,7,2026-02-16
12,715,Closed,Critical,Hull,13,2025-10-24
13,875,Closed,Low,Avionics,49,2026-01-24
14,748,Blocked,Critical,Hull,52,2025-10-10
15,933,Blocked,Critical,Avionics,78,2026-03-29
16,774,In Progress,Medium,Power,100,2025-11-18
17,545,Open,Low,Software,92,2025-09-23
18,751,In Progress,Medium,Power,18,2025-07-10
19,778,In Progress,High,Hull,80,2025-07-12
20,411,In Progress,Medium,Avionics,75,2026-02-11
21,156,In Progress,High,Software,91,2025-08-25
22,28,Open,Critical,Power,89,2025-10-01
23,583,In Progress,Critical,Hull,7,2026-03-28
24,234,Closed,High,Comms,76,2026-02-25
25,235,Blocked,Low,Avionics,96,2025-12-25
26,197,Open,Low,Hull,91,2025-09-15
27,311,Open,Critical,Avionics,65,2026-06-09
28,67,Closed,Medium,Power,72,2026-02-28
29,1172,Blocked,Medium,Hull,117,2025-08-15
30,689,In Progress,Critical,Hydraulics,41,2026-04-07
31,592,Blocked,Medium,Hull,115,2026-02-14
32,183,Open,Medium,Power,74,2025-09-09
33,826,Open,Critical,Power,50,2026-02-28
34,497,Closed,Critical,Power,87,2026-06-05
35,492,Open,Medium,Hydraulics,12,2025-08-08
36,1014,Closed,Medium,Hull,47,2025-09-07
37,300,Blocked,Medium,Hull,69,2025-12-07
38,683,In Progress,High,Comms,64,2025-10-20
39,264,Open,High,Avionics,104,2025-07-14
40,71,Open,Medium,Software,51,2025-10-12
41,102,Blocked,Low,Comms,96,2026-01-24
42,773,Blocked,Low,Avionics,76,2026-01-22
43,50,Blocked,High,Hydraulics,106,2025-06-25
44,294,Open,Critical,Hull,84,2025-08-25
45,416,In Progress,Low,Hydraulics,41,2026-02-18
46,862,Closed,Medium,Software,92,2026-03-23
47,412,Open,Low,Avionics,8,2025-08-06
48,78,In Progress,Low,Avionics,71,2026-05-09
49,909,Open,Low,Power,110,2026-01-27
50,1089,In Progress,Low,Software,83,2026-01-27
51,473,Blocked,High,Avionics,43,2025-09-10
52,1114,Open,Medium,Software,95,2026-05-30
53,472,Blocked,Low,Comms,29,2026-03-29
54,909,Closed,Critical,Avionics,32,2026-05-03
55,856,In Progress,Critical,Software,118,2025-07-19
56,51,In Progress,Low,Hydraulics,87,2025-11-03
57,879,Blocked,Low,Software,39,2026-03-06
58,940,Closed,High,Avionics,112,2025-09-07
59,712,Open,Medium,Avionics,5,2025-09-02
60,715,In Progress,Medium,Avionics,111,2025-12-23
61,887,In Progress,Critical,Software,58,2025-11-26
62,1032,In Progress,High,Avionics,72,2026-06-06
63,1198,Blocked,Low,Hydraulics,86,2025-10-11
64,865,Closed,Medium,Hull,94,2025-09-03
65,730,Open,Low,Hull,104,2026-03-21
66,995,Closed,Critical,Comms,111,2025-12-31
67,202,Closed,Critical,Hull,112,2025-07-06
68,257,Closed,Medium,Hydraulics,56,2025-08-20
69,1116,Open,High,Avionics,94,2025-10-04
70,813,Closed,Medium,Hull,23,2025-11-06
71,326,Closed,Medium,Hull,56,2025-12-24
72,910,In Progress,Low,Hull,83,2026-01-12
73,814,Closed,Low,Power,22,2025-08-18
74,384,Closed,Low,Power,75,2026-06-03
75,1196,Blocked,Medium,Software,69,2025-10-27
76,218,Blocked,Medium,Power,80,2025-10-20
77,977,Closed,Critical,Hydraulics,56,2025-10-15
78,661,Closed,Critical,Power,4,2025-08-22
79,1125,Blocked,Medium,Comms,69,2025-07-13
80,51,Open,High,Avionics,118,2026-02-20
81,596,Closed,Low,Avionics,115,2025-07-27
82,794,Closed,High,Software,75,2026-02-03
83,386,In Progress,Low,Software,111,2026-05-30
84,722,Blocked,Critical,Avionics,69,2026-02-24
85,1092,Open,Critical,Comms,15,2026-04-09
86,632,Open,Critical,Avionics,112,2025-10-27
87,740,Open,Low,Comms,78,2025-10-08
88,377,Blocked,High,Software,91,2026-03-26
89,371,Closed,Critical,Power,82,2026-01-03
90,949,In Progress,Low,Comms,3,2025-10-08
91,290,Open,Medium,Avionics,14,2026-01-20
92,308,Open,High,Avionics,83,2025-06-18
93,1039,Open,Critical,Hull,36,2025-09-23
94,351,Closed,Low,Comms,83,2025-10-28
95,706,In Progress,Medium,Hydraulics,30,2026-04-04
96,388,In Progress,Critical,Avionics,82,2026-04-13
97,1149,Closed,Low,Hydraulics,114,2026-01-03
98,86,Closed,Low,Comms,26,2026-06-06
99,41,Blocked,Medium,Hydraulics,116,2025-06-22
100,789,In Progress,Critical,Power,90,2025-08-24
101,1176,Blocked,Critical,Hydraulics,61,2025-08-05
102,591,Blocked,Low,Hull,114,2025-07-24
103,189,Blocked,High,Hull,85,2026-02-09
104,753,Closed,Critical,Power,7,2025-11-30
105,780,In Progress,Critical,Power,83,2026-01-27
106,623,Blocked,High,Hydraulics,33,2025-07-06
107,677,Blocked,Low,Hull,84,2025-10-20
108,879,Blocked,Critical,Software,26,2025-09-16
109,549,Blocked,Medium,Software,95,2026-05-10
110,469,Closed,High,Comms,21,2026-01-20
111,853,In Progress,Critical,Hull,51,2026-06-15
112,614,In Progress,High,Hydraulics,4,2025-09-13
113,944,Blocked,Critical,Software,61,2025-07-14
114,10,In Progress,High,Hydraulics,99,2026-06-02
115,837,Blocked,Medium,Power,32,2025-09-01
116,882,Open,High,Power,4,2025-06-19
117,626,Open,High,Power,93,2025-09-25
118,66,Blocked,Medium,Hull,60,2026-03-07
119,339,Open,Low,Hull,26,2025-09-08
120,575,In Progress,Medium,Software,6,2025-12-11
121,958,In Progress,Critical,Comms,63,2025-12-19
122,291,Blocked,High,Comms,101,2025-07-11
123,708,In Progress,Low,Software,119,2026-06-12
124,59,Closed,Low,Hydraulics,43,2026-05-14
125,1146,Open,High,Power,5,2026-05-04
126,272,Blocked,Low,Power,3,2025-11-29
127,379,Blocked,Low,Hydraulics,44,2026-01-20
128,465,In Progress,Low,Hull,77,2026-04-11
129,543,In Progress,Medium,Hull,80,2025-11-27
130,678,Open,Medium,Comms,93,2026-06-14
131,206,In Progress,Low,Hydraulics,85,2026-05-05
132,723,Blocked,Low,Hydraulics,52,2025-07-28
133,734,Closed,Medium,Power,20,2025-11-21
134,1130,Closed,Critical,Hydraulics,104,2025-12-03
135,705,Open,Low,Software,47,2026-02-06
136,1016,In Progress,Medium,Software,92,2025-12-14
137,717,Blocked,High,Power,11,2026-01-24
138,532,Open,Critical,Software,106,2026-03-25
139,166,Blocked,Medium,Avionics,11,2026-05-23
140,977,Blocked,High,Power,41,2026-03-15
141,451,Open,Critical,Hull,18,2025-08-31
142,971,Open,Medium,Hull,59,2025-06-25
143,410,Closed,Medium,Power,50,2025-08-21
144,196,Open,Medium,Comms,41,2025-10-22
145,975,Closed,High,Comms,93,2025-12-04
146,342,Blocked,Critical,Avionics,23,2025-11-20
147,869,Blocked,Low,Software,16,2026-04-18
148,1047,Closed,Critical,Hydraulics,2,2026-01-30
149,122,In Progress,Critical,Avionics,78,2025-08-19
150,884,Open,Medium,Hydraulics,119,2026-05-13
151,689,Closed,Low,Comms,64,2025-12-12
152,122,Blocked,High,Avionics,92,2025-11-16
153,676,In Progress,Medium,Comms,91,2025-07-23
154,858,In Progress,Critical,Comms,103,2025-08-31
155,205,In Progress,Medium,Power,101,2025-10-05
156,470,Blocked,Low,Software,45,2026-01-13
157,186,In Progress,High,Avionics,19,2026-03-05
158,757,Closed,Medium,Power,47,2026-01-08
159,95,In Progress,Medium,Comms,31,2026-02-05
160,220,Blocked,Medium,Hydraulics,61,2026-05-28
161,741,Closed,High,Hull,60,2026-06-03
162,379,Open,Low,Comms,43,2026-05-24
163,600,Blocked,Low,Comms,34,2025-11-09
164,398,In Progress,Low,Comms,39,2025-07-10
165,510,Blocked,Critical,Hydraulics,118,2026-05-31
166,174,In Progress,Low,Comms,75,2026-01-21
167,991,Open,Critical,Comms,83,2026-03-08
168,220,Open,High,Hull,19,2026-04-21
169,1198,Closed,Low,Software,17,2025-06-29
170,799,Open,High,Hull,28,2026-05-10
171,332,Closed,Low,Hydraulics,88,2026-01-09
172,171,Closed,Low,Hydraulics,105,2026-05-02
173,319,Open,Medium,Software,71,2025-07-14
174,505,Open,Critical,Power,57,2025-10-03
175,447,Closed,Critical,Hull,15,2025-10-28
176,56,In Progress,High,Software,66,2025-08-31
177,925,Open,Critical,Hull,83,2025-11-24
178,599,Open,High,Power,111,2026-04-21
179,403,Blocked,Low,Power,41,2026-03-19
180,105,In Progress,Low,Avionics,17,2026-03-21
181,773,Closed,Medium,Software,79,2026-05-14
182,71,Blocked,Medium,Comms,45,2026-06-09
183,114,Blocked,Medium,Software,52,2025-08-20
184,927,Open,Critical,Hydraulics,84,2026-06-02
185,98,Open,High,Software,100,2026-05-24
186,422,Closed,High,Comms,89,2026-03-24
187,941,Blocked,High,Comms,9,2025-10-24
188,1099,In Progress,Medium,Hull,70,2025-11-20
189,1035,Open,Low,Avionics,114,2025-10-08
190,499,Closed,Medium,Hydraulics,10,2025-12-15
191,100,Open,High,Hydraulics,32,2025-11-16
192,576,Open,Critical,Avionics,70,2025-10-25
193,636,In Progress,Medium,Avionics,13,2026-02-14
194,482,Blocked,Medium,Hydraulics,23,2026-02-19
195,65,Open,Medium,Comms,50,2025-12-11
196,1072,Closed,Low,Hydraulics,54,2025-06-18
197,19,Open,Medium,Comms,90,2025-07-29
198,981,Closed,Medium,Software,2,2025-11-12
199,955,Closed,High,Hull,62,2025-10-28
200,378,Open,Low,Avionics,46,2026-04-16
201,266,Blocked,Low,Comms,92,2025-11-08
202,205,Closed,Low,Avionics,59,2026-01-21
203,234,In Progress,Critical,Power,72,2026-03-26
204,748,Blocked,Low,Avionics,24,2025-11-14
205,444,Open,Critical,Software,48,2025-09-27
206,166,Open,Low,Software,34,2025-10-18
207,623,Blocked,High,Power,54,2025-07-23
208,968,Closed,Medium,Power,44,2026-01-16
209,798,In Progress,Low,Hull,55,2025-06-18
210,1021,In Progress,Low,Hull,58,2026-01-27
211,239,In Progress,Critical,Hull,31,2026-05-01
212,1198,Closed,High,Avionics,18,2026-04-20
213,823,Closed,Critical,Software,29,2025-11-14
214,52,Blocked,High,Hull,27,2025-11-30
215,940,In Progress,Low,Software,109,2025-10-08
216,1075,Blocked,Critical,Avionics,22,2025-08-16
217,287,Blocked,Medium,Comms,49,2025-09-20
218,141,Blocked,High,Hull,114,2026-06-01
219,781,Closed,Medium,Hull,27,2025-12-16
220,448,Blocked,Low,Comms,15,2025-10-25
221,147,Closed,Critical,Avionics,88,2026-04-22
222,611,Open,Medium,Power,24,2026-01-02
223,606,Open,Medium,Software,51,2026-03-30
224,1090,In Progress,Critical,Hull,34,2025-10-04
225,982,Blocked,Low,Hull,41,2025-11-09
226,773,Closed,Critical,Avionics,28,2026-04-19
227,773,Open,Medium,Avionics,36,2026-02-24
228,1109,Closed,Medium,Comms,78,2026-02-01
229,467,In Progress,Critical,Comms,108,2025-09-05
230,162,In Progress,High,Comms,19,2026-03-01
231,233,Closed,Medium,Avionics,50,2026-04-11
232,676,Blocked,Medium,Avionics,6,2025-08-22
233,542,Closed,Low,Comms,120,2025-10-30
234,298,Open,Low,Software,58,2026-03-05
235,349,In Progress,Medium,Power,62,2025-07-24
236,255,Open,Medium,Avionics,69,2025-08-07
237,234,Closed,Critical,Comms,7,2025-12-03
238,984,Closed,High,Software,79,2025-06-17
239,1067,Closed,High,Power,75,2026-04-04
240,920,Blocked,Low,Hydraulics,120,2026-02-05
241,277,Closed,Low,Avionics,15,2025-06-27
242,572,Blocked,Critical,Hull,46,2026-01-27
243,1059,Open,Low,Avionics,56,2025-08-21
244,158,In Progress,Critical,Comms,103,2025-08-19
245,642,In Progress,Critical,Avionics,53,2025-08-23
246,410,In Progress,Low,Software,60,2026-03-27
247,751,Closed,High,Hydraulics,96,2025-09-06
248,849,Closed,Low,Software,40,2025-06-21
249,841,Closed,Medium,Software,65,2026-01-15
250,146,In Progress,Low,Software,110,2026-02-17
251,1190,Closed,Low,Software,22,2025-09-27
252,97,In Progress,Low,Comms,106,2026-02-27
253,27,Open,Critical,Hull,64,2025-11-03
254,713,In Progress,Medium,Avionics,50,2026-06-12
255,455,Closed,Medium,Avionics,103,2026-04-20
256,496,Closed,Low,Software,111,2026-05-10
257,1080,Blocked,High,Software,5,2025-11-01
258,93,Open,High,Hydraulics,61,2025-10-13
259,335,Blocked,High,Power,67,2026-03-06
260,682,Blocked,Medium,Comms,54,2026-05-06
261,481,In Progress,Low,Hull,109,2025-10-02
262,571,In Progress,Medium,Hydraulics,117,2025-12-03
263,660,Open,High,Hull,104,2026-01-18
264,558,In Progress,Low,Power,72,2025-12-06
265,137,Closed,High,Hull,115,2025-07-20
266,368,In Progress,Low,Comms,25,2026-02-16
267,832,Open,Low,Comms,70,2025-08-04
268,810,Blocked,Medium,Power,34,2026-01-21
269,201,Blocked,Medium,Power,30,2025-10-15
270,193,Closed,High,Hydraulics,100,2025-10-29
271,108,Open,Medium,Hull,77,2026-04-06
272,820,Open,High,Comms,76,2026-01-21
273,878,Blocked,High,Software,69,2026-03-10
274,952,Blocked,Medium,Comms,5,2026-01-02
275,1152,Open,Medium,Hull,62,2025-09-06
276,386,Open,High,Hull,52,2026-02-02
277,1041,Open,Low,Hydraulics,28,2026-04-28
278,964,Closed,Medium,Hull,4,2025-10-15
279,980,Open,Medium,Hull,85,2026-04-28
280,464,Open,High,Comms,118,2025-10-02
281,370,In Progress,High,Comms,22,2026-01-25
282,350,Open,High,Comms,79,2026-04-18
283,1076,Open,Medium,Hull,87,2026-02-21
284,504,In Progress,Medium,Hull,41,2026-04-20
285,632,Open,Low,Software,13,2025-07-11
286,635,Blocked,High,Hydraulics,38,2026-01-18
287,1133,In Progress,High,Comms,86,2025-09-06
288,64,Blocked,Medium,Hydraulics,104,2025-10-22
289,754,Blocked,Low,Hull,53,2026-03-22
290,719,Open,Low,Comms,95,2026-02-08
291,1055,Open,Critical,Power,54,2026-03-03
292,562,Blocked,Low,Avionics,40,2025-08-08
293,1014,In Progress,High,Software,70,2026-01-03
294,134,Closed,Medium,Avionics,41,2025-12-06
295,638,Blocked,Medium,Power,12,2026-02-20
296,115,Closed,Medium,Avionics,86,2025-07-15
297,145,In Progress,Low,Power,50,2026-06-13
298,655,In Progress,High,Comms,74,2026-01-11
299,360,In Progress,Low,Hydraulics,62,2025-07-03
300,783,Closed,Critical,Software,85,2026-01-03
301,868,In Progress,Medium,Software,45,2025-12-15
302,479,Closed,Medium,Avionics,73,2025-10-05
303,513,Open,Low,Comms,106,2026-01-12
304,1110,Open,Medium,Software,102,2025-09-16
305,473,In Progress,High,Power,84,2025-07-10
306,305,Open,High,Hull,55,2025-07-16
307,364,Blocked,Medium,Hull,25,2026-05-09
308,413,In Progress,High,Hydraulics,33,2025-11-18
309,428,Blocked,Critical,Avionics,95,2025-09-01
310,1079,Closed,Critical,Software,33,2026-04-23
311,77,Blocked,Critical,Power,23,2026-01-09
312,583,In Progress,Medium,Hull,80,2026-01-25
313,274,Blocked,High,Avionics,58,2025-07-22
314,551,Blocked,Medium,Avionics,74,2026-04-30
315,712,Blocked,Medium,Software,35,2025-10-09
316,983,In Progress,Low,Software,55,2025-06-18
317,865,Blocked,High,Hydraulics,42,2026-02-17
318,197,Closed,Critical,Power,6,2026-03-18
319,530,Open,Critical,Software,67,2026-01-23
320,413,Open,Low,Software,103,2025-11-06
321,697,In Progress,High,Software,66,2026-04-23
322,933,Blocked,Medium,Power,95,2026-01-28
323,824,Closed,Critical,Hull,58,2025-11-29
324,1104,Closed,High,Avionics,53,2026-02-08
325,219,Open,Critical,Hull,75,2025-09-23
326,106,Blocked,Low,Software,57,2025-06-27
327,169,Open,Low,Hydraulics,103,2026-03-01
328,1073,Closed,High,Avionics,44,2026-01-28
329,804,Blocked,Critical,Hull,56,2025-10-28
330,668,Blocked,Low,Avionics,70,2025-12-23
331,1035,Open,Critical,Comms,13,2025-09-20
332,788,Blocked,Critical,Power,73,2026-02-17
333,371,Blocked,Medium,Comms,27,2025-10-01
334,754,Blocked,Critical,Avionics,114,2026-01-22
335,570,Open,High,Comms,43,2025-09-24
336,838,In Progress,Critical,Hull,44,2025-07-19
337,637,In Progress,Low,Comms,96,2026-03-05
338,542,Closed,Medium,Avionics,61,2025-08-15
339,1100,Blocked,Medium,Hull,16,2026-02-18
340,616,In Progress,Low,Power,8,2026-05-13
341,493,Closed,High,Hull,96,2026-04-09
342,354,Blocked,Critical,Software,102,2026-05-02
343,147,In Progress,Critical,Software,83,2025-08-24
344,589,Closed,Medium,Software,112,2026-01-31
345,107,In Progress,Critical,Power,66,2026-05-29
346,719,Open,Medium,Comms,108,2025-10-11
347,174,Open,Low,Hydraulics,57,2026-01-11
348,1125,Blocked,Critical,Avionics,104,2026-04-17
349,427,Blocked,Low,Comms,118,2026-01-02
350,1032,In Progress,High,Comms,63,2025-08-19
351,942,Closed,High,Hull,7,2025-10-15
352,443,Blocked,Critical,Hull,19,2026-03-01
353,106,Closed,Medium,Hydraulics,33,2025-10-08
354,623,In Progress,High,Comms,77,2025-10-17
355,529,Closed,Critical,Comms,95,2026-05-06
356,501,Open,Medium,Software,10,2026-01-24
357,309,In Progress,Medium,Power,57,2026-01-12
358,864,Closed,Low,Comms,108,2025-12-01
359,98,In Progress,Critical,Avionics,114,2026-04-17
360,915,Blocked,High,Power,60,2026-03-21
361,946,In Progress,Critical,Comms,53,2026-06-10
362,279,In Progress,Critical,Hull,57,2026-06-10
363,1103,Open,High,Software,79,2026-04-25
364,1136,Closed,Critical,Power,101,2026-04-15
365,1016,Blocked,High,Comms,37,2026-01-14
366,491,Blocked,High,Hydraulics,76,2025-11-02
367,726,Closed,Medium,Comms,59,2026-05-12
368,520,In Progress,Low,Hull,50,2026-06-12
369,954,Closed,Critical,Power,4,2026-02-20
370,544,Open,Medium,Hull,54,2025-07-20
371,957,Open,High,Power,77,2026-02-16
372,912,In Progress,High,Power,12,2026-01-17
373,156,Closed,High,Hydraulics,84,2025-07-28
374,426,Open,Low,Avionics,83,2026-03-21
375,96,Open,High,Hull,48,2026-04-10
376,816,In Progress,High,Hydraulics,96,2025-08-18
377,595,Blocked,High,Hydraulics,68,2025-12-31
378,684,Blocked,Critical,Hydraulics,44,2026-03-31
379,370,In Progress,Medium,Hull,56,2026-01-06
380,66,Open,Low,Power,60,2025-11-02
381,60,Open,Low,Avionics,95,2026-01-22
382,503,Blocked,High,Hull,10,2026-06-09
383,162,Blocked,Critical,Avionics,12,2026-03-30
384,1122,Blocked,Low,Software,28,2026-01-17
385,918,Closed,High,Hull,10,2025-10-28
386,639,Closed,High,Hull,55,2026-06-05
387,191,Closed,Critical,Comms,1,2025-12-10
388,575,Closed,Critical,Hull,86,2026-03-13
389,786,Open,Medium,Comms,48,2026-02-25
390,273,Closed,High,Power,77,2026-01-15
391,768,Open,Low,Power,92,2026-04-21
392,337,In Progress,Medium,Avionics,94,2026-05-06
393,370,Closed,Medium,Hull,117,2025-11-15
394,586,Blocked,Low,Power,108,2026-04-19
395,986,Closed,Medium,Hydraulics,118,2025-07-27
396,319,Blocked,Low,Avionics,46,2025-10-31
397,138,Open,Medium,Software,50,2026-01-08
398,771,Blocked,Low,Hull,40,2026-02-17
399,924,In Progress,Medium,Software,76,2025-09-16
400,185,Closed,High,Comms,95,2025-06-27
401,1025,In Progress,High,Power,59,2026-05-06
402,613,In Progress,High,Avionics,25,2026-04-23
403,671,Blocked,High,Avionics,3,2026-02-07
404,341,Closed,Medium,Comms,29,2025-12-15
405,732,Closed,Low,Hull,40,2025-08-01
406,1018,Blocked,Critical,Avionics,27,2025-06-20
407,185,Blocked,Medium,Avionics,65,2026-03-03
408,385,In Progress,Low,Power,66,2025-10-24
409,766,Blocked,Medium,Hull,99,2025-07-15
410,652,Blocked,Low,Hydraulics,80,2025-08-06
411,1080,In Progress,High,Comms,16,2026-05-19
412,1002,Blocked,High,Software,104,2026-03-22
413,119,Open,High,Hydraulics,71,2025-09-19
414,769,Blocked,High,Software,108,2026-06-14
415,227,Closed,Critical,Power,98,2026-03-02
416,365,In Progress,Medium,Avionics,76,2025-11-04
417,452,Open,High,Software,115,2025-07-27
418,85,In Progress,Low,Software,9,2026-05-30
419,529,In Progress,Critical,Power,17,2025-12-05
420,355,In Progress,High,Avionics,89,2026-02-28
421,758,In Progress,Critical,Avionics,108,2026-01-22
422,209,Open,Medium,Software,41,2026-05-04
423,317,In Progress,Critical,Power,12,2026-01-08
424,179,Closed,High,Avionics,26,2026-05-21
425,511,Blocked,Low,Comms,46,2026-02-13
426,743,Open,Medium,Avionics,42,2025-08-29
427,458,In Progress,Low,Avionics,104,2025-12-07
428,630,Open,High,Hull,57,2026-01-09
429,1092,Open,Low,Avionics,79,2025-12-20
430,835,Blocked,High,Comms,99,2026-03-07
431,641,Closed,High,Hull,95,2026-01-19
432,886,Blocked,Medium,Power,114,2025-07-18
433,622,In Progress,Low,Software,76,2026-03-11
434,202,Closed,Medium,Software,110,2026-03-12
435,547,In Progress,High,Avionics,54,2026-05-08
436,629,Open,Low,Avionics,54,2025-12-26
437,215,Closed,Critical,Comms,79,2026-04-30
438,192,Open,Low,Comms,94,2025-07-28
439,1079,In Progress,Medium,Comms,33,2025-12-22
440,275,Closed,Low,Software,19,2026-02-01
441,855,In Progress,Medium,Comms,11,2026-02-13
442,1023,Closed,High,Hydraulics,84,2026-04-25
443,781,In Progress,Critical,Avionics,68,2026-02-20
444,397,Closed,High,Software,103,2025-07-30
445,177,Open,Low,Power,73,2025-09-09
446,472,Blocked,Medium,Hull,17,2026-04-03
447,272,Open,Critical,Comms,26,2026-01-25
448,324,Open,Medium,Avionics,83,2026-05-03
449,949,Blocked,High,Software,64,2026-05-24
450,264,In Progress,High,Software,60,2025-09-01
451,251,Blocked,Medium,Avionics,38,2025-07-21
452,686,Open,Medium,Power,87,2025-09-10
453,1049,In Progress,Low,Comms,67,2025-09-25
454,819,Closed,Low,Avionics,37,2026-02-01
455,1132,In Progress,Low,Hydraulics,34,2025-11-25
456,27,Blocked,Critical,Power,114,2026-02-16
457,978,Closed,High,Hull,89,2026-05-03
458,699,Open,Low,Power,112,2026-03-22
459,171,Closed,High,Hull,89,2025-08-08
460,532,Open,Medium,Avionics,116,2025-12-17
461,797,Blocked,High,Hull,104,2026-03-25
462,276,Closed,Medium,Software,66,2025-11-15
463,1046,Closed,Critical,Power,55,2025-09-14
464,487,In Progress,Low,Hull,85,2025-12-20
465,108,In Progress,Critical,Hydraulics,108,2026-03-21
466,48,Open,Low,Comms,112,2026-01-27
467,397,Open,Critical,Power,62,2025-07-01
468,568,Open,Critical,Software,79,2025-12-21
469,32,Open,Medium,Hydraulics,43,2025-07-12
470,249,Blocked,High,Comms,32,2026-02-18
471,1148,Blocked,Medium,Power,10,2025-08-18
472,250,Closed,High,Software,94,2026-03-12
473,98,In Progress,High,Power,57,2026-04-16
474,263,Blocked,Medium,Avionics,95,2026-05-25
475,838,In Progress,Critical,Comms,8,2025-08-22
476,1156,In Progress,High,Hydraulics,85,2025-07-06
477,807,Open,Critical,Software,33,2025-09-27
478,1046,Closed,Critical,Power,49,2025-10-02
479,306,Blocked,Medium,Comms,85,2026-04-10
480,1096,In Progress,Medium,Software,116,2025-09-12
481,338,Open,Low,Software,28,2025-10-11
482,316,Blocked,Medium,Hydraulics,6,2026-01-23
483,895,Closed,High,Software,94,2025-12-21
484,611,Closed,Critical,Hull,82,2026-05-03
485,1015,Closed,Low,Power,42,2026-01-08
486,1130,Closed,Medium,Power,94,2025-11-15
487,575,Closed,High,Power,19,2025-09-18
488,163,Blocked,Medium,Comms,26,2025-10-23
489,167,Blocked,Critical,Power,88,2025-07-27
490,676,Closed,Medium,Power,69,2026-03-20
491,937,Open,High,Comms,9,2026-04-05
492,597,In Progress,Critical,Hull,57,2026-06-06
493,662,Open,Low,Software,80,2026-02-16
494,1010,Blocked,Critical,Power,29,2025-10-19
495,550,Blocked,Critical,Power,10,2026-01-30
496,734,Blocked,Critical,Avionics,79,2025-06-23
497,826,Closed,Critical,Hydraulics,120,2026-02-28
498,17,In Progress,Low,Power,95,2026-04-28
499,1033,Open,Medium,Avionics,51,2025-08-24
500,393,Open,Low,Comms,42,2025-10-02
501,1179,In Progress,Critical,Hydraulics,119,2025-08-04
502,576,In Progress,Medium,Software,36,2026-03-23
503,1109,Blocked,Medium,Comms,77,2025-12-15
504,343,Closed,Critical,Hull,71,2026-03-01
505,100,Closed,High,Comms,89,2025-12-30
506,101,Open,Low,Power,2,2026-03-29
507,418,Blocked,Medium,Software,1,2026-04-15
508,148,In Progress,High,Hull,96,2026-06-11
509,496,Closed,High,Hull,96,2026-04-23
510,996,Blocked,Low,Power,34,2026-03-30
511,559,Open,Critical,Power,32,2025-09-12
512,1200,Closed,Medium,Avionics,79,2025-12-13
513,896,Blocked,Critical,Comms,106,2025-09-25
514,826,Closed,Medium,Hydraulics,7,2025-09-18
515,682,Closed,Medium,Comms,110,2025-09-06
516,613,Open,Low,Software,89,2026-05-07
517,314,Closed,High,Hull,95,2025-07-08
518,315,Open,High,Hydraulics,11,2025-10-19
519,732,In Progress,High,Software,32,2026-02-15
520,41,Closed,Critical,Power,112,2026-01-12
521,656,Open,Medium,Hydraulics,50,2025-10-16
522,374,Blocked,Critical,Hydraulics,78,2026-04-07
523,760,Closed,Critical,Comms,66,2025-07-20
524,547,Closed,High,Avionics,58,2025-09-06
525,1150,Closed,Low,Power,11,2025-09-14
526,1153,Open,Low,Hull,62,2025-10-21
527,768,Open,High,Hydraulics,74,2025-07-29
528,568,Open,High,Power,78,2025-11-13
529,339,In Progress,High,Comms,13,2025-08-15
530,880,In Progress,High,Software,98,2025-08-15
531,501,Closed,High,Power,57,2025-07-16
532,912,Blocked,Critical,Hull,100,2026-05-03
533,654,Closed,Low,Avionics,47,2026-04-25
534,668,Blocked,High,Comms,102,2026-01-26
535,431,In Progress,High,Hull,69,2026-05-21
536,965,Open,Critical,Power,111,2025-12-11
537,841,In Progress,Medium,Comms,1,2025-11-16
538,1193,Open,High,Hull,52,2025-10-29
539,494,Open,High,Power,27,2025-09-30
540,738,Closed,Critical,Avionics,7,2025-08-20
541,98,Open,Low,Power,83,2025-07-20
542,517,Closed,Critical,Hydraulics,99,2026-05-30
543,590,In Progress,High,Comms,10,2025-06-20
544,538,In Progress,Critical,Hydraulics,46,2025-07-06
545,749,Blocked,Critical,Hull,33,2025-08-15
546,213,Blocked,Medium,Power,83,2025-12-21
547,1000,Open,High,Hull,69,2026-05-27
548,674,Closed,High,Hydraulics,80,2026-04-13
549,644,In Progress,Medium,Hydraulics,69,2025-09-22
550,752,Blocked,High,Software,3,2025-11-30
551,1193,Closed,High,Comms,77,2026-03-26
552,618,Blocked,Critical,Software,13,2025-11-01
553,838,Open,Critical,Hydraulics,101,2025-09-28
554,1088,Open,High,Hydraulics,53,2026-02-04
555,344,In Progress,Medium,Comms,95,2025-10-18
556,619,Open,Critical,Power,3,2026-04-11
557,953,Blocked,Low,Hull,104,2025-11-05
558,911,Blocked,Low,Comms,64,2026-04-15
559,1002,Blocked,Medium,Avionics,72,2025-08-02
560,716,Blocked,High,Avionics,67,2026-03-20
561,444,Blocked,Critical,Power,92,2025-09-14
562,825,Open,Low,Hull,4,2026-03-08
563,392,Open,Critical,Avionics,10,2025-07-02
564,943,Open,High,Comms,109,2026-04-24
565,81,Closed,Low,Comms,5,2025-07-25
566,785,Blocked,Critical,Software,5,2025-09-23
567,1002,In Progress,Critical,Software,41,2026-05-20
568,643,Closed,Low,Comms,20,2025-11-01
569,225,In Progress,High,Comms,71,2026-05-18
570,1199,Closed,Critical,Hull,87,2026-06-09
571,512,In Progress,High,Hull,63,2026-05-04
572,492,Blocked,High,Comms,68,2026-01-14
573,835,Closed,Low,Avionics,59,2025-06-26
574,263,In Progress,Medium,Power,100,2025-08-04
575,175,In Progress,Medium,Power,105,2026-01-08
576,219,Open,Medium,Avionics,35,2026-04-20
577,389,Closed,Low,Power,22,2025-12-26
578,1009,In Progress,High,Hull,52,2025-12-19
579,461,Closed,High,Comms,99,2026-01-16
580,1163,Closed,Critical,Avionics,89,2026-01-19
581,549,In Progress,Low,Comms,99,2025-10-24
582,23,Closed,Low,Comms,93,2026-02-16
583,468,Closed,High,Power,72,2026-03-07
584,315,Open,Critical,Software,23,2025-09-26
585,702,Closed,Medium,Hydraulics,115,2026-01-19
586,965,Open,High,Hydraulics,114,2025-08-07
587,1038,Closed,Critical,Software,14,2025-10-02
588,182,In Progress,Medium,Hydraulics,102,2026-04-20
589,341,Blocked,Low,Comms,85,2026-02-12
590,341,In Progress,High,Hull,11,2026-03-22
591,222,In Progress,Critical,Power,104,2025-09-30
592,627,Blocked,Critical,Hull,34,2025-09-16
593,559,Blocked,Critical,Comms,28,2026-04-17
594,371,Blocked,High,Power,37,2026-06-13
595,157,Open,Low,Comms,69,2026-02-19
596,702,In Progress,Low,Hull,118,2025-11-27
597,922,Open,Medium,Comms,44,2025-10-26
598,296,In Progress,Low,Software,106,2025-09-09
599,1106,In Progress,Low,Hull,108,2025-09-18
600,879,Open,High,Software,100,2025-06-17
601,573,Open,Critical,Power,49,2025-09-20
602,276,Open,Medium,Avionics,34,2025-11-04
603,1070,In Progress,Medium,Hydraulics,42,2025-07-23
604,547,Open,Low,Avionics,24,2025-09-28
605,908,In Progress,Medium,Hull,2,2025-09-19
606,401,Closed,Low,Hull,118,2025-11-17
607,597,Closed,Critical,Avionics,94,2026-04-05
608,1174,Closed,Low,Comms,86,2025-12-11
609,990,Open,Critical,Software,31,2025-12-22
610,953,In Progress,Critical,Comms,78,2026-04-04
611,765,Closed,Low,Hull,84,2026-03-13
612,989,Closed,Low,Hydraulics,13,2025-08-14
613,1022,Open,Medium,Power,70,2025-08-05
614,1073,Open,Critical,Comms,39,2026-05-06
615,211,In Progress,Critical,Avionics,29,2026-03-20
616,332,Blocked,Critical,Comms,43,2025-12-28
617,821,Closed,High,Hull,39,2026-04-03
618,224,Closed,Low,Avionics,42,2025-10-03
619,473,Closed,Low,Power,102,2025-10-11
620,1166,Closed,Low,Comms,2,2025-06-23
621,470,In Progress,High,Power,105,2026-01-07
622,235,Open,Critical,Avionics,71,2025-09-08
623,142,Open,High,Hydraulics,51,2025-06-26
624,1116,Closed,Medium,Hull,2,2025-09-11
625,947,In Progress,High,Avionics,43,2025-07-17
626,506,In Progress,Low,Comms,116,2026-05-21
627,816,Blocked,Medium,Hydraulics,52,2025-10-02
628,8,In Progress,Medium,Avionics,55,2025-07-14
629,1171,Closed,Low,Power,102,2026-05-25
630,566,In Progress,Low,Software,30,2025-07-22
631,408,In Progress,High,Software,106,2026-03-27
632,611,Open,Medium,Avionics,53,2026-02-28
633,742,In Progress,Critical,Power,109,2026-01-28
634,173,Blocked,Critical,Power,118,2025-12-16
635,520,In Progress,Critical,Comms,91,2025-09-20
636,707,Open,Low,Hydraulics,95,2025-09-04
637,167,Open,High,Avionics,20,2025-09-03
638,1113,In Progress,Medium,Avionics,74,2025-12-10
639,677,Closed,High,Software,75,2026-05-09
640,25,Blocked,Medium,Software,59,2025-08-04
641,205,Closed,Critical,Avionics,110,2026-03-27
642,996,In Progress,Low,Avionics,45,2025-11-25
643,842,Open,Critical,Software,39,2025-07-31
644,151,Blocked,Medium,Comms,49,2025-10-27
645,10,Open,High,Hull,33,2026-04-18
646,1108,Blocked,Medium,Hydraulics,31,2025-08-15
647,918,Blocked,Critical,Avionics,97,2025-07-29
648,1142,Closed,Critical,Hull,60,2026-06-15
649,893,Open,Low,Hull,36,2026-06-06
650,460,Blocked,High,Comms,108,2026-06-12
651,932,Open,Medium,Comms,98,2025-06-17
652,968,Open,Medium,Hydraulics,29,2025-08-30
653,363,Closed,High,Comms,107,2025-12-26
654,925,Closed,High,Power,112,2025-09-01
655,697,Open,Low,Power,70,2026-03-20
656,576,Blocked,Low,Comms,112,2025-08-23
657,899,Open,Medium,Software,12,2025-12-07
658,706,Open,Critical,Power,109,2025-08-21
659,593,Closed,Medium,Avionics,59,2026-06-07
660,1196,Blocked,High,Hull,53,2026-04-25
661,241,Open,Low,Avionics,62,2026-05-16
662,1180,Closed,Critical,Power,113,2025-07-02
663,921,Blocked,High,Comms,96,2025-10-03
664,720,Blocked,Critical,Hull,20,2025-07-12
665,1049,In Progress,Critical,Hydraulics,50,2025-12-10
666,1181,Blocked,Medium,Software,44,2025-09-04
667,550,In Progress,Low,Software,2,2025-12-08
668,1040,Closed,High,Software,110,2026-05-27
669,715,Open,Critical,Hull,49,2025-07-05
670,373,Open,Critical,Hydraulics,67,2025-11-20
671,271,Closed,Critical,Avionics,80,2025-08-14
672,907,Closed,Critical,Hull,77,2026-01-20
673,768,Open,Critical,Comms,27,2026-05-20
674,1167,In Progress,Critical,Hull,29,2026-01-06
675,1018,In Progress,Critical,Comms,104,2026-01-31
676,910,Open,Low,Avionics,57,2026-05-12
677,489,Open,High,Hydraulics,71,2026-05-25
678,860,In Progress,Medium,Comms,102,2025-09-01
679,67,In Progress,Critical,Power,26,2026-05-31
680,336,In Progress,Medium,Comms,100,2025-08-14
681,496,In Progress,Low,Hydraulics,79,2026-06-14
682,471,Blocked,High,Hull,3,2025-12-27
683,822,Closed,Low,Software,34,2026-05-17
684,465,Closed,Low,Software,45,2025-08-25
685,268,Blocked,Medium,Hull,69,2026-02-05
686,803,In Progress,High,Software,40,2025-10-28
687,186,Blocked,Medium,Hydraulics,62,2026-02-21
688,100,Closed,Low,Power,33,2026-01-02
689,1088,Blocked,High,Software,62,2026-03-30
690,698,Open,Medium,Avionics,75,2025-08-21
691,1066,Blocked,Low,Hydraulics,47,2025-11-15
692,717,In Progress,High,Software,103,2025-09-07
693,14,In Progress,High,Hull,53,2026-05-28
694,620,Blocked,Medium,Power,103,2025-12-26
695,62,Closed,Critical,Software,68,2025-09-27
696,915,Open,Critical,Comms,24,2026-06-12
697,87,In Progress,Medium,Hydraulics,16,2026-03-23
698,511,Closed,Low,Avionics,116,2026-05-03
699,191,Closed,High,Hull,119,2026-03-09
700,428,Closed,Medium,Software,68,2026-01-06
701,992,Closed,Medium,Hydraulics,106,2025-10-21
702,157,In Progress,High,Power,73,2025-12-19
703,742,In Progress,Critical,Software,105,2026-03-01
704,232,Closed,Critical,Power,39,2026-01-14
705,236,Open,Critical,Hydraulics,25,2026-06-07
706,375,Closed,Low,Avionics,3,2026-02-15
707,664,Open,Low,Hydraulics,68,2025-12-26
708,999,Blocked,High,Comms,11,2026-05-15
709,308,In Progress,Low,Comms,21,2026-04-04
710,8,Closed,Low,Power,39,2026-01-22
711,751,Open,High,Hull,36,2025-09-23
712,1086,In Progress,Critical,Comms,111,2026-01-07
713,140,Blocked,Low,Hull,54,2025-12-15
714,270,Blocked,Critical,Comms,95,2026-05-07
715,37,Blocked,Low,Hydraulics,52,2026-01-07
716,1170,Blocked,Critical,Power,22,2025-09-29
717,105,Closed,Medium,Avionics,62,2026-03-28
718,1095,Blocked,High,Comms,70,2025-06-17
719,387,Open,Medium,Software,48,2025-09-18
720,1040,In Progress,Critical,Hydraulics,89,2025-08-29
721,1138,Closed,Medium,Software,91,2026-05-18
722,22,Open,Critical,Avionics,111,2026-03-16
723,532,Closed,High,Software,20,2026-05-09
724,470,Closed,Medium,Hull,10,2025-10-11
725,549,Open,High,Software,82,2025-08-24
726,943,Open,Low,Power,6,2025-10-07
727,219,Closed,Critical,Software,109,2025-08-24
728,990,Open,Medium,Software,17,2026-01-08
729,718,In Progress,Low,Avionics,16,2025-11-29
730,1152,Blocked,Medium,Hydraulics,31,2025-07-23
731,465,Closed,Medium,Avionics,107,2026-01-20
732,551,Closed,Medium,Software,44,2025-08-02
733,1036,Open,Medium,Power,69,2025-06-21
734,762,Open,High,Avionics,55,2025-07-05
735,433,Open,Critical,Power,77,2026-05-20
736,338,Closed,Low,Power,107,2026-01-09
737,942,Open,High,Power,118,2026-05-27
738,376,Closed,High,Hydraulics,75,2025-08-23
739,844,Closed,Medium,Hydraulics,45,2025-08-10
740,164,Open,Medium,Hydraulics,39,2026-03-26
741,1178,Closed,Critical,Hydraulics,98,2026-04-15
742,890,Closed,Critical,Hydraulics,113,2026-06-06
743,529,In Progress,High,Comms,40,2026-04-18
744,405,Blocked,High,Software,115,2025-06-28
745,948,In Progress,Critical,Software,111,2025-06-25
746,771,Closed,High,Avionics,44,2026-02-07
747,832,In Progress,High,Software,111,2026-02-20
748,89,Open,Medium,Hydraulics,35,2026-06-04
749,1094,Blocked,Low,Hydraulics,38,2025-12-01
750,965,Open,Critical,Comms,4,2025-07-27
751,103,Open,High,Software,9,2025-08-26
752,859,Closed,High,Hydraulics,62,2025-08-04
753,851,Blocked,Medium,Hydraulics,52,2026-02-08
754,783,In Progress,Medium,Power,34,2025-06-18
755,315,In Progress,Low,Hull,101,2025-12-22
756,473,Open,Low,Comms,35,2026-04-03
757,121,Blocked,Low,Hydraulics,60,2025-12-15
758,496,Open,Low,Hull,24,2026-06-02
759,374,Blocked,Critical,Avionics,34,2025-10-06
760,1007,Closed,High,Software,101,2025-12-09
761,27,Open,Low,Software,35,2025-09-12
762,258,In Progress,Medium,Power,79,2026-01-12
763,1081,Closed,High,Power,21,2025-06-27
764,324,Blocked,Medium,Software,54,2025-12-11
765,851,Closed,Critical,Avionics,46,2026-05-09
766,511,In Progress,Low,Hydraulics,56,2025-07-17
767,335,Closed,High,Comms,100,2026-05-13
768,484,Blocked,Critical,Avionics,6,2025-10-28
769,416,Open,Medium,Software,5,2026-01-29
770,114,Blocked,Critical,Hull,53,2025-12-30
771,139,Blocked,High,Hydraulics,58,2026-01-17
772,1031,In Progress,Critical,Comms,91,2026-05-24
773,666,Blocked,High,Comms,7,2026-06-11
774,582,In Progress,Medium,Avionics,52,2025-07-05
775,1010,Open,Medium,Comms,56,2025-10-05
776,908,Blocked,High,Software,29,2025-07-27
777,403,In Progress,High,Comms,74,2026-06-13
778,820,Blocked,Low,Power,110,2026-04-18
779,435,Blocked,Medium,Hydraulics,66,2026-02-12
780,961,Blocked,Medium,Hull,26,2025-12-05
781,509,In Progress,Low,Hydraulics,3,2025-08-15
782,986,Blocked,Medium,Power,32,2025-09-27
783,427,In Progress,Low,Hydraulics,55,2026-02-09
784,636,In Progress,Low,Hydraulics,38,2025-10-26
785,975,Open,High,Comms,73,2026-06-16
786,1104,In Progress,High,Comms,105,2025-11-24
787,940,Open,Medium,Hydraulics,30,2026-01-11
788,711,Blocked,Low,Avionics,52,2026-02-01
789,99,In Progress,Medium,Hydraulics,42,2025-07-15
790,197,Closed,Low,Comms,12,2025-08-08
791,749,Blocked,High,Software,110,2026-05-13
792,1022,Blocked,Low,Comms,90,2025-09-01
793,108,In Progress,High,Hydraulics,115,2025-07-19
794,613,Closed,High,Power,10,2026-03-26
795,162,Blocked,Medium,Power,110,2025-12-03
796,180,Blocked,Medium,Hydraulics,66,2025-12-18
797,73,Open,Critical,Software,12,2025-10-25
798,511,Open,High,Power,92,2025-11-19
799,458,Blocked,High,Avionics,79,2025-10-25
800,964,Blocked,Low,Comms,64,2026-05-16
801,644,Closed,High,Avionics,115,2026-05-22
802,804,In Progress,Critical,Hydraulics,66,2026-05-03
803,270,Closed,High,Hydraulics,3,2025-07-04
804,882,Closed,Low,Hydraulics,109,2025-10-30
805,153,Closed,High,Hydraulics,41,2025-10-03
806,270,Open,Low,Hull,56,2025-06-24
807,150,Open,High,Power,20,2025-08-08
808,113,Closed,High,Software,104,2025-11-23
809,735,Closed,Critical,Hull,113,2025-07-08
810,159,In Progress,High,Comms,28,2026-02-14
811,866,Open,Low,Comms,98,2025-08-02
812,78,Open,Low,Avionics,118,2025-07-22
813,583,Open,Critical,Avionics,94,2025-08-06
814,444,Closed,Medium,Software,68,2026-04-20
815,1026,In Progress,Low,Avionics,36,2025-10-29
816,801,Closed,Low,Hydraulics,72,2025-06-25
817,1072,Closed,Low,Software,61,2025-06-29
818,1098,Open,High,Software,105,2025-09-03
819,724,Open,Critical,Power,81,2026-04-26
820,73,Blocked,Critical,Hull,98,2026-03-17
821,1141,Closed,Medium,Hull,23,2025-10-22
822,1074,Open,Low,Hull,20,2026-04-27
823,1000,Open,Medium,Comms,82,2025-09-12
824,1135,Blocked,Low,Hull,20,2026-03-28
825,396,In Progress,Critical,Power,54,2026-06-11
826,580,Closed,Low,Software,29,2026-06-14
827,59,Open,Medium,Hull,78,2025-09-11
828,909,Open,High,Comms,33,2025-09-23
829,710,In Progress,High,Hull,60,2026-04-04
830,163,Closed,High,Hull,34,2026-06-06
831,1156,Closed,Low,Hull,68,2026-04-11
832,1055,Closed,Critical,Power,9,2025-07-20
833,1150,Closed,High,Avionics,11,2026-02-25
834,871,Blocked,High,Hull,6,2025-09-23
835,720,Closed,High,Hydraulics,39,2026-05-15
836,510,Open,Low,Comms,84,2025-12-17
837,899,In Progress,Medium,Avionics,93,2026-04-29
838,67,Blocked,Medium,Software,107,2025-09-07
839,709,Blocked,Critical,Hydraulics,31,2025-07-04
840,962,Closed,Critical,Hydraulics,3,2025-08-20
841,410,Closed,Low,Hull,89,2025-08-19
842,1142,Open,Critical,Software,101,2026-04-06
843,330,Open,Critical,Power,37,2025-12-29
844,1122,In Progress,Critical,Avionics,110,2025-08-26
845,212,Blocked,Medium,Comms,8,2025-08-26
846,284,Blocked,High,Power,42,2026-04-24
847,49,Blocked,Low,Power,76,2026-06-06
848,65,In Progress,Low,Software,109,2025-10-15
849,1016,Closed,Critical,Hydraulics,67,2025-07-28
850,1045,In Progress,Critical,Power,49,2025-08-06
851,200,In Progress,Critical,Avionics,26,2026-02-14
852,578,In Progress,Medium,Comms,8,2026-05-23
853,57,Open,Low,Power,29,2026-03-15
854,641,Blocked,Medium,Software,120,2025-08-31
855,463,Closed,Low,Comms,92,2026-03-19
856,570,Closed,Low,Software,73,2025-07-18
857,846,Blocked,High,Hull,97,2025-08-12
858,794,Closed,Medium,Comms,25,2025-08-11
859,736,Closed,Low,Hydraulics,19,2025-11-24
860,690,Closed,Medium,Power,81,2025-10-27
861,828,Open,Low,Hydraulics,17,2025-11-04
862,512,In Progress,Low,Hydraulics,115,2025-11-29
863,588,Blocked,Low,Hull,96,2025-10-02
864,959,Open,Critical,Hydraulics,47,2026-03-07
865,162,Open,High,Power,14,2025-08-19
866,1058,Open,Medium,Power,9,2025-10-22
867,846,Closed,Critical,Avionics,91,2026-04-28
868,1111,In Progress,Low,Hydraulics,75,2025-08-11
869,261,Blocked,Critical,Power,63,2025-08-14
870,69,In Progress,Critical,Hull,11,2025-09-27
871,669,Closed,Medium,Hull,79,2026-05-07
872,662,Blocked,High,Power,20,2025-11-07
873,31,In Progress,Medium,Power,89,2026-05-31
874,1138,Blocked,Medium,Software,70,2026-03-19
875,805,Open,Medium,Hydraulics,112,2026-02-17
876,946,Closed,Medium,Avionics,39,2025-12-14
877,752,In Progress,Low,Avionics,108,2025-09-06
878,226,In Progress,Low,Hull,87,2025-07-15
879,780,Blocked,Low,Avionics,78,2026-01-22
880,510,Open,Critical,Hull,11,2025-10-03
881,51,Closed,High,Avionics,112,2025-10-24
882,1027,Open,Low,Software,103,2026-01-20
883,257,Closed,High,Comms,87,2026-04-20
884,293,Closed,High,Hull,72,2025-08-31
885,1131,Blocked,Medium,Avionics,6,2025-10-18
886,452,Open,High,Power,12,2025-10-24
887,406,Open,Low,Avionics,110,2026-03-16
888,1152,Blocked,Low,Avionics,44,2026-04-24
889,176,In Progress,Medium,Power,82,2025-09-27
890,238,Open,Critical,Power,40,2026-04-17
891,923,Blocked,Low,Hull,1,2025-08-30
892,1173,Open,High,Hull,59,2025-08-14
893,205,Closed,High,Software,28,2026-06-08
894,142,In Progress,Low,Avionics,34,2025-11-23
895,725,Blocked,Critical,Power,61,2025-11-28
896,257,Closed,Medium,Power,85,2025-11-04
897,968,Open,High,Hull,93,2026-04-21
898,549,In Progress,Low,Hydraulics,110,2025-08-17
899,922,Blocked,High,Software,81,2026-05-15
900,1190,Open,Critical,Software,30,2025-12-09
901,506,In Progress,Low,Hull,96,2025-07-13
902,592,In Progress,Low,Comms,52,2025-10-06
903,616,Open,Low,Hull,3,2025-11-24
904,460,Closed,Medium,Hull,45,2025-06-21
905,479,Open,Low,Power,63,2026-04-06
906,813,Open,Medium,Comms,108,2026-06-15
907,75,Open,Low,Software,78,2025-10-17
908,832,Blocked,High,Hull,101,2025-08-16
909,194,Blocked,Medium,Hydraulics,51,2025-08-08
910,77,Blocked,Critical,Avionics,8,2026-03-08
911,576,Blocked,Critical,Software,52,2025-08-18
912,951,Closed,High,Comms,82,2025-07-02
913,1196,Blocked,High,Software,9,2026-01-21
914,958,In Progress,Low,Hull,104,2025-11-19
915,219,Open,Low,Hull,103,2026-06-06
916,960,Open,Low,Hull,63,2025-08-09
917,455,Blocked,Critical,Software,117,2025-09-30
918,635,In Progress,Medium,Avionics,57,2025-11-28
919,1081,Open,Low,Avionics,57,2025-07-06
920,219,Open,Critical,Avionics,36,2025-09-24
921,49,Open,Medium,Power,37,2025-12-10
922,602,Blocked,Low,Power,109,2026-01-28
923,867,Blocked,Critical,Hydraulics,30,2026-05-27
924,478,Closed,High,Comms,119,2026-02-11
925,702,In Progress,High,Hydraulics,73,2025-11-09
926,224,Open,Critical,Hydraulics,94,2026-02-25
927,480,In Progress,High,Avionics,113,2025-08-25
928,114,In Progress,High,Hull,81,2026-04-23
929,828,In Progress,High,Comms,50,2026-04-06
930,229,Closed,Critical,Hydraulics,14,2026-01-30
931,931,Blocked,Medium,Hull,89,2026-05-16
932,317,Closed,High,Comms,93,2025-09-06
933,312,Blocked,Medium,Software,49,2025-07-26
934,675,In Progress,Medium,Hull,85,2025-07-03
935,795,Open,Critical,Power,90,2025-10-22
936,161,Blocked,Medium,Software,26,2026-04-21
937,255,Closed,Critical,Hull,120,2025-09-10
938,69,Open,Critical,Power,47,2026-05-05
939,1146,Closed,Low,Hydraulics,106,2026-01-23
940,655,In Progress,Critical,Avionics,113,2025-08-23
941,249,In Progress,Critical,Power,4,2025-07-20
942,806,Blocked,Medium,Power,51,2026-03-25
943,620,In Progress,Critical,Software,69,2026-02-05
944,918,Open,Low,Power,85,2026-05-29
945,672,Closed,High,Avionics,109,2025-10-11
946,473,Blocked,Medium,Comms,17,2026-04-09
947,974,Closed,Low,Hull,96,2025-09-18
948,1195,Blocked,Medium,Power,17,2025-07-21
949,113,Open,High,Software,119,2025-06-25
950,356,Open,Critical,Avionics,7,2026-03-14
951,165,Open,Low,Avionics,105,2025-09-02
952,670,Open,Critical,Hull,10,2026-02-05
953,1199,In Progress,Critical,Software,34,2026-01-26
954,517,In Progress,Low,Avionics,110,2026-03-31
955,474,Open,Low,Comms,95,2026-02-28
956,1139,In Progress,Medium,Software,110,2025-11-15
957,621,Open,Critical,Comms,88,2026-01-03
958,1149,Closed,Critical,Hydraulics,26,2025-12-27
959,447,Open,Low,Power,86,2025-12-20
960,538,Closed,Low,Comms,114,2025-10-18
961,955,Closed,Medium,Power,41,2026-03-06
962,859,In Progress,Low,Hydraulics,10,2025-10-29
963,1087,In Progress,Medium,Avionics,53,2025-10-23
964,437,Closed,Low,Power,16,2025-12-17
965,985,Open,Critical,Comms,81,2026-05-28
966,458,In Progress,Low,Hydraulics,53,2025-09-06
967,537,Closed,Low,Software,31,2025-09-20
968,868,Blocked,Medium,Comms,79,2025-09-20
969,136,Closed,Critical,Hull,36,2026-01-08
970,31,In Progress,Medium,Hydraulics,101,2025-10-31
971,1183,In Progress,Low,Comms,23,2026-01-26
972,704,In Progress,Medium,Comms,104,2026-01-12
973,824,Open,Critical,Hydraulics,49,2026-03-25
974,493,Blocked,Critical,Software,109,2026-03-03
975,1163,In Progress,High,Hydraulics,41,2025-09-19
976,379,Blocked,Critical,Power,39,2025-10-22
977,1066,In Progress,High,Comms,81,2025-10-01
978,880,Open,Critical,Avionics,10,2025-08-15
979,634,In Progress,Medium,Avionics,55,2026-01-15
980,528,Open,Low,Power,72,2026-06-10
981,1024,Open,Critical,Power,41,2026-03-10
982,713,Closed,Low,Comms,114,2026-04-22
983,342,Closed,Critical,Software,7,2025-09-02
984,352,Open,High,Comms,20,2025-12-27
985,33,Closed,High,Hydraulics,60,2026-04-04
986,345,Closed,Low,Hydraulics,114,2025-10-14
987,813,Open,Critical,Hydraulics,19,2025-12-22
988,390,Blocked,High,Avionics,69,2026-01-16
989,14,Blocked,Medium,Power,85,2025-12-14
990,1163,Closed,Critical,Hydraulics,93,2026-02-17
991,933,Blocked,Medium,Hull,110,2025-10-14
992,1186,Blocked,High,Avionics,73,2026-04-07
993,300,Closed,High,Power,88,2026-05-07
994,175,Open,Low,Hull,87,2025-11-29
995,444,Closed,Critical,Avionics,28,2026-04-27
996,1081,In Progress,Critical,Power,51,2026-05-02
997,949,Open,Critical,Avionics,21,2026-05-14
998,748,In Progress,High,Hydraulics,27,2025-12-09
999,63,Open,Low,Power,51,2025-08-22
1000,511,In Progress,Low,Software,22,2025-10-10
1001,518,Closed,Medium,Hydraulics,117,2025-07-07
1002,351,Open,Low,Hull,88,2025-12-20
1003,1069,Open,Medium,Hydraulics,82,2025-10-16
1004,904,Closed,Medium,Power,98,2025-06-19
1005,596,In Progress,High,Hydraulics,1,2026-04-26
1006,967,Open,Medium,Avionics,79,2026-06-03
1007,920,Blocked,Low,Hydraulics,70,2025-12-24
1008,963,Open,High,Hull,88,2026-03-27
1009,329,Closed,Critical,Hydraulics,81,2026-05-06
1010,811,Open,High,Hydraulics,80,2025-09-20
1011,671,Blocked,High,Avionics,88,2025-07-26
1012,40,Blocked,Low,Avionics,5,2026-04-21
1013,1052,Blocked,Low,Comms,69,2026-05-09
1014,525,In Progress,Medium,Hull,113,2026-05-12
1015,355,Open,Medium,Avionics,27,2026-02-19
1016,857,Closed,Low,Hydraulics,17,2026-04-25
1017,493,Open,High,Hydraulics,96,2026-04-06
1018,1084,Open,Medium,Comms,116,2025-11-14
1019,390,In Progress,High,Comms,36,2025-07-12
1020,405,Blocked,Critical,Hydraulics,74,2026-03-04
1021,235,In Progress,Critical,Software,4,2026-01-08
1022,230,Closed,Critical,Hydraulics,16,2026-01-19
1023,865,Closed,Critical,Software,61,2025-12-03
1024,626,In Progress,Low,Hydraulics,110,2025-08-18
1025,3,Blocked,High,Power,117,2025-11-24
1026,518,Open,Low,Hull,13,2025-07-25
1027,893,Blocked,Critical,Software,60,2026-05-03
1028,9,Blocked,Low,Power,101,2026-03-08
1029,679,Open,Low,Power,94,2026-03-09
1030,195,Closed,Critical,Power,19,2026-01-30
1031,1189,In Progress,Critical,Software,1,2026-04-02
1032,266,Open,High,Avionics,46,2026-04-29
1033,13,Open,High,Comms,79,2026-02-05
1034,836,Open,Critical,Comms,93,2025-08-25
1035,400,Blocked,Low,Hydraulics,91,2025-07-13
1036,679,In Progress,High,Comms,32,2026-03-23
1037,334,Open,Medium,Power,65,2026-04-22
1038,1123,Closed,Medium,Comms,57,2025-10-23
1039,623,Blocked,Medium,Power,95,2025-07-07
1040,118,Closed,High,Hull,23,2025-08-30
1041,697,Blocked,Medium,Avionics,99,2025-08-22
1042,219,Open,Low,Power,100,2026-01-08
1043,326,Blocked,High,Software,88,2025-09-14
1044,892,Closed,Medium,Hull,91,2025-07-14
1045,1113,Closed,Medium,Avionics,29,2026-02-21
1046,169,Blocked,Critical,Software,76,2025-06-24
1047,39,Open,Medium,Power,117,2025-09-30
1048,735,Closed,Low,Avionics,108,2026-04-07
1049,1114,Open,Critical,Power,106,2025-09-24
1050,269,In Progress,Medium,Power,90,2026-06-04
1051,673,Blocked,High,Software,113,2026-01-29
1052,371,Blocked,Low,Comms,102,2025-12-10
1053,723,Closed,Critical,Power,57,2026-03-03
1054,1016,Open,Low,Comms,25,2026-04-16
1055,920,Open,Medium,Comms,40,2026-02-11
1056,679,Closed,Critical,Hydraulics,57,2025-07-12
1057,513,Open,High,Avionics,50,2025-07-07
1058,2,Closed,High,Avionics,103,2025-11-19
1059,224,In Progress,High,Hydraulics,15,2025-10-14
1060,421,Closed,Medium,Comms,67,2026-05-30
1061,770,Open,Low,Software,26,2025-11-05
1062,558,Closed,Critical,Comms,96,2026-03-28
1063,145,In Progress,Medium,Avionics,88,2025-09-06
1064,1016,Closed,High,Avionics,95,2026-03-02
1065,240,Closed,Medium,Software,114,2026-03-25
1066,260,Open,Critical,Comms,117,2026-03-07
1067,673,Open,Critical,Hydraulics,28,2026-05-08
1068,1067,Blocked,Critical,Hydraulics,66,2025-09-22
1069,749,Open,Critical,Software,99,2025-07-12
1070,529,Closed,Medium,Hull,90,2025-07-20
1071,498,Open,Low,Comms,1,2025-07-15
1072,964,Closed,Medium,Software,37,2025-08-25
1073,1193,Blocked,High,Power,60,2025-06-29
1074,518,Blocked,High,Avionics,109,2025-09-15
1075,89,Closed,Critical,Software,116,2026-03-02
1076,349,In Progress,Critical,Hull,82,2025-06-27
1077,704,In Progress,High,Power,99,2025-12-01
1078,926,Open,High,Comms,51,2025-12-27
1079,64,In Progress,High,Power,75,2025-11-14
1080,1056,Blocked,Medium,Comms,82,2025-12-01
1081,1163,Closed,Low,Software,91,2025-07-07
1082,1173,Blocked,Critical,Software,110,2025-12-03
1083,644,In Progress,Critical,Comms,64,2026-04-04
1084,676,Open,Critical,Hull,62,2025-09-10
1085,1078,In Progress,High,Power,87,2025-09-03
1086,80,In Progress,Critical,Avionics,57,2026-02-04
1087,201,Closed,Critical,Hull,13,2026-06-07
1088,396,Open,High,Comms,81,2026-04-05
1089,6,In Progress,Critical,Hull,75,2026-04-03
1090,321,In Progress,Medium,Hydraulics,92,2025-11-27
1091,1027,Blocked,High,Avionics,31,2026-01-25
1092,388,Blocked,Critical,Hydraulics,71,2025-12-12
1093,683,In Progress,Low,Hydraulics,12,2025-11-15
1094,284,Blocked,Critical,Hydraulics,21,2025-07-04
1095,940,Blocked,Medium,Comms,86,2025-07-02
1096,678,Blocked,Low,Software,58,2026-06-05
1097,320,Open,High,Hydraulics,18,2026-02-04
1098,263,Blocked,Medium,Hull,63,2026-05-15
1099,154,Closed,High,Software,43,2026-04-10
1100,69,Blocked,Medium,Power,48,2025-12-05
1101,706,Open,Critical,Hydraulics,5,2025-07-05
1102,84,Open,Critical,Hull,33,2026-01-19
1103,151,Closed,Medium,Power,34,2025-12-02
1104,739,Closed,High,Hull,15,2025-07-09
1105,328,In Progress,Low,Comms,77,2025-09-03
1106,191,Closed,Medium,Comms,94,2025-10-30
1107,30,Blocked,Critical,Avionics,57,2026-02-18
1108,830,In Progress,Low,Hydraulics,112,2026-03-29
1109,307,Open,Medium,Power,50,2025-11-03
1110,607,Closed,High,Software,89,2026-04-29
1111,723,Open,Medium,Power,48,2026-01-01
1112,758,Blocked,High,Software,43,2025-11-01
1113,105,Closed,Medium,Hydraulics,91,2025-06-18
1114,682,Open,Critical,Hull,64,2026-05-15
1115,998,In Progress,High,Hydraulics,83,2026-03-31
1116,281,Closed,Critical,Hydraulics,74,2026-04-08
1117,127,Closed,High,Avionics,4,2025-07-01
1118,1065,In Progress,Medium,Hull,73,2025-12-16
1119,773,Closed,Medium,Software,3,2026-04-15
1120,377,In Progress,Medium,Avionics,73,2025-07-23
1121,910,Blocked,High,Comms,3,2026-05-18
1122,821,Closed,Low,Software,5,2026-03-17
1123,885,Open,Critical,Comms,9,2025-08-04
1124,698,In Progress,Low,Avionics,8,2025-07-29
1125,425,Blocked,Medium,Power,79,2026-02-28
1126,68,Closed,Critical,Software,61,2026-01-07
1127,336,Closed,Low,Hydraulics,94,2025-09-04
1128,152,In Progress,Medium,Comms,105,2026-06-09
1129,474,In Progress,Low,Software,118,2026-01-27
1130,774,Open,Medium,Avionics,109,2025-10-11
1131,691,Open,Medium,Hull,11,2026-04-21
1132,327,Closed,Medium,Avionics,111,2025-06-30
1133,114,In Progress,Medium,Software,30,2026-05-19
1134,949,Blocked,Critical,Hydraulics,59,2026-04-16
1135,111,Blocked,High,Software,72,2026-03-21
1136,664,Closed,Critical,Hydraulics,115,2026-05-09
1137,1122,Open,Medium,Hull,25,2026-05-14
1138,309,Open,Medium,Avionics,22,2026-03-11
1139,864,Blocked,Low,Power,54,2026-01-09
1140,859,Blocked,High,Hydraulics,95,2026-04-01
1141,555,Closed,Critical,Avionics,109,2026-03-09
1142,1163,Open,Critical,Comms,55,2025-07-27
1143,544,In Progress,Critical,Comms,81,2026-03-29
1144,527,In Progress,High,Power,60,2026-05-17
1145,446,Closed,Critical,Comms,33,2025-11-23
1146,962,Blocked,Critical,Avionics,57,2025-12-23
1147,8,Closed,High,Power,62,2025-12-08
1148,959,Open,Critical,Hull,12,2025-07-10
1149,292,In Progress,Critical,Software,40,2026-04-19
1150,318,Open,Critical,Software,18,2025-07-27
1151,1050,Closed,Medium,Comms,93,2026-01-27
1152,146,Blocked,Critical,Avionics,57,2025-07-15
1153,55,Blocked,Low,Hydraulics,111,2026-04-01
1154,1010,Closed,Low,Avionics,43,2026-05-26
1155,793,Open,Critical,Hydraulics,10,2026-06-14
1156,823,Blocked,Critical,Hull,112,2025-09-08
1157,1183,Open,High,Hydraulics,60,2025-08-21
1158,1194,Open,Medium,Hydraulics,98,2025-08-10
1159,538,Blocked,Medium,Hydraulics,48,2025-08-11
1160,554,Closed,Low,Avionics,11,2025-07-27
1161,1182,Blocked,Low,Software,3,2025-11-03
1162,1070,Open,Critical,Comms,16,2026-03-26
1163,966,Closed,Low,Hull,112,2026-05-15
1164,211,In Progress,High,Avionics,62,2026-05-17
1165,958,Open,Low,Hull,106,2026-05-24
1166,585,Blocked,Low,Hydraulics,29,2025-12-19
1167,870,Closed,High,Software,49,2025-11-04
1168,928,Blocked,Medium,Hull,11,2025-11-21
1169,110,Open,High,Avionics,5,2025-08-09
1170,1169,Open,Low,Comms,61,2025-07-09
1171,105,Closed,Low,Software,95,2026-05-02
1172,742,In Progress,Low,Avionics,48,2025-06-24
1173,99,Blocked,Medium,Comms,37,2026-03-29
1174,1158,In Progress,Critical,Comms,98,2026-04-09
1175,471,Open,Medium,Avionics,2,2025-09-17
1176,353,Blocked,Critical,Software,102,2025-10-05
1177,970,Closed,High,Comms,89,2026-04-10
1178,684,Closed,Medium,Power,77,2025-11-06
1179,925,Blocked,High,Hydraulics,45,2025-10-14
1180,310,Blocked,Critical,Comms,84,2026-06-06
1181,340,Blocked,Low,Avionics,52,2026-03-01
1182,583,Blocked,Low,Comms,28,2026-05-20
1183,903,Open,High,Comms,109,2025-08-13
1184,751,In Progress,Low,Hydraulics,59,2026-03-05
1185,471,Closed,Critical,Hull,95,2026-04-21
1186,1175,Closed,Critical,Software,15,2026-02-14
1187,772,Blocked,Low,Power,64,2026-04-02
1188,182,Blocked,Critical,Software,85,2026-05-17
1189,96,Blocked,High,Software,93,2026-04-17
1190,801,Blocked,Low,Power,76,2025-09-21
1191,72,In Progress,Low,Power,65,2025-12-25
1192,821,Blocked,Medium,Comms,6,2025-10-15
1193,729,Blocked,Critical,Power,43,2025-12-04
1194,55,In Progress,Critical,Hydraulics,34,2025-10-21
1195,766,Blocked,Medium,Hydraulics,57,2026-04-18
1196,224,Open,Low,Avionics,89,2025-10-14
1197,117,Open,High,Software,33,2026-06-10
1198,841,Blocked,Critical,Software,29,2025-08-18
1199,340,In Progress,Low,Power,106,2025-08-07
1200,1182,Open,Critical,Software,86,2025-09-16
1201,430,Closed,Low,Comms,89,2026-03-24
1202,407,Open,High,Avionics,114,2025-11-16
1203,320,Closed,Medium,Power,20,2025-09-14
1204,709,In Progress,Critical,Avionics,43,2025-10-31
1205,680,In Progress,High,Software,67,2025-09-07
1206,992,In Progress,Low,Avionics,110,2026-02-12
1207,578,Blocked,Critical,Software,94,2026-02-01
1208,1106,Closed,High,Power,50,2025-09-29
1209,11,In Progress,High,Software,32,2025-11-25
1210,934,Closed,Low,Comms,71,2026-05-27
1211,517,In Progress,Critical,Avionics,34,2026-04-21
1212,881,Closed,Low,Hydraulics,64,2026-06-03
1213,689,Blocked,Low,Power,103,2025-08-12
1214,296,Closed,Medium,Hull,111,2025-08-12
1215,877,Closed,Critical,Hull,43,2025-11-10
1216,601,Blocked,High,Software,34,2026-02-23
1217,926,Open,High,Hydraulics,36,2026-01-27
1218,9,In Progress,Low,Comms,120,2026-02-04
1219,1191,Closed,Medium,Avionics,89,2025-06-22
1220,673,In Progress,Critical,Comms,59,2025-07-25
1221,682,In Progress,Low,Power,49,2025-12-25
1222,511,Open,Low,Hydraulics,108,2025-11-28
1223,571,Blocked,High,Hull,78,2026-04-16
1224,497,Blocked,Critical,Hull,16,2026-03-30
1225,144,Closed,High,Software,103,2025-12-02
1226,824,In Progress,Medium,Comms,118,2025-10-07
1227,492,Closed,Low,Avionics,85,2026-05-05
1228,858,Blocked,High,Software,4,2025-08-20
1229,648,Open,Medium,Hull,5,2026-03-16
1230,269,Closed,Medium,Comms,119,2026-01-05
1231,614,In Progress,Medium,Avionics,28,2025-12-16
1232,902,Closed,Medium,Avionics,69,2025-08-27
1233,848,Blocked,Medium,Power,59,2025-07-09
1234,722,In Progress,Critical,Avionics,103,2026-05-19
1235,216,Open,Medium,Hydraulics,70,2026-05-10
1236,30,In Progress,Critical,Software,116,2026-01-26
1237,1000,Closed,Low,Hull,10,2025-09-09
1238,654,Blocked,High,Software,111,2026-02-26
1239,1046,Closed,High,Hull,30,2026-05-16
1240,725,Blocked,Critical,Comms,107,2025-11-16
1241,608,Open,Low,Hydraulics,81,2026-04-29
1242,1129,Blocked,Medium,Hydraulics,10,2026-03-20
1243,351,Closed,Critical,Software,6,2025-11-23
1244,648,Closed,High,Software,119,2026-01-10
1245,1078,In Progress,High,Software,65,2025-06-28
1246,321,Closed,High,Avionics,43,2025-08-13
1247,316,In Progress,Low,Avionics,86,2026-04-02
1248,452,Closed,Medium,Avionics,102,2026-01-25
1249,344,In Progress,Medium,Avionics,27,2025-11-22
1250,886,Closed,Critical,Power,17,2026-02-09
1251,907,Closed,Critical,Hydraulics,55,2026-04-21
1252,1110,In Progress,High,Hull,19,2026-01-21
1253,1084,Closed,Critical,Avionics,93,2026-05-14
1254,499,Open,Medium,Software,117,2026-02-04
1255,990,In Progress,Critical,Power,57,2025-09-18
1256,164,Closed,Low,Hydraulics,86,2026-03-04
1257,1100,In Progress,Medium,Power,82,2025-07-31
1258,711,Closed,High,Hydraulics,44,2025-11-15
1259,871,In Progress,Medium,Comms,17,2026-04-12
1260,928,Open,Critical,Avionics,33,2026-01-20
1261,678,Blocked,Medium,Software,46,2026-04-28
1262,1197,In Progress,Critical,Avionics,17,2026-06-12
1263,947,In Progress,Medium,Hydraulics,71,2026-06-06
1264,706,Open,Critical,Power,91,2026-02-04
1265,335,Open,High,Comms,20,2026-04-22
1266,679,Blocked,High,Power,117,2026-03-11
1267,841,Closed,Medium,Hull,84,2026-05-14
1268,80,Open,High,Avionics,54,2025-10-20
1269,977,Blocked,Low,Software,54,2025-12-02
1270,585,Closed,Critical,Hydraulics,68,2026-05-28
1271,801,Closed,High,Software,2,2025-09-14
1272,609,Blocked,High,Comms,86,2026-04-10
1273,884,In Progress,Critical,Hydraulics,24,2026-02-03
1274,366,In Progress,Low,Power,70,2025-07-27
1275,677,Closed,High,Comms,57,2025-08-28
1276,60,Closed,Low,Hydraulics,31,2025-08-17
1277,537,Blocked,High,Hydraulics,54,2025-12-17
1278,563,Closed,Low,Hull,4,2026-01-15
1279,1137,In Progress,High,Avionics,11,2026-02-03
1280,264,In Progress,Low,Hydraulics,74,2025-08-19
1281,1048,Open,Low,Hydraulics,93,2026-05-14
1282,1034,Open,Critical,Hull,19,2025-12-03
1283,1115,In Progress,Medium,Power,55,2025-09-03
1284,1126,Blocked,Low,Software,100,2026-05-25
1285,156,Open,Low,Avionics,47,2026-03-27
1286,448,Closed,Medium,Power,108,2026-04-07
1287,405,Closed,High,Hull,3,2026-03-24
1288,265,Closed,Critical,Hydraulics,66,2025-11-19
1289,944,Blocked,Low,Hull,47,2025-10-11
1290,884,Closed,High,Comms,118,2026-03-20
1291,1191,Blocked,High,Hull,44,2025-12-29
1292,1164,Blocked,High,Power,4,2025-09-30
1293,702,In Progress,High,Comms,81,2025-12-16
1294,793,Open,Medium,Hull,15,2025-10-06
1295,616,Blocked,High,Avionics,72,2026-01-19
1296,460,In Progress,High,Comms,41,2026-04-04
1297,269,In Progress,High,Avionics,59,2026-06-09
1298,1085,Open,Medium,Hull,84,2026-02-23
1299,642,Open,Low,Software,81,2025-10-20
1300,379,Blocked,Low,Power,63,2025-09-25
1301,605,Blocked,High,Hydraulics,8,2025-07-08
1302,419,In Progress,Low,Hull,81,2026-05-08
1303,790,Closed,High,Hydraulics,4,2025-06-27
1304,1051,Blocked,Medium,Avionics,25,2025-06-27
1305,743,In Progress,Medium,Comms,120,2026-02-06
1306,188,Blocked,Medium,Power,2,2026-04-23
1307,355,Closed,Medium,Hydraulics,38,2025-09-10
1308,46,Open,High,Hydraulics,103,2025-11-15
1309,182,Blocked,Low,Comms,107,2026-03-20
1310,338,Closed,High,Software,41,2026-05-08
1311,1194,Open,Low,Power,119,2026-01-08
1312,980,Open,High,Hydraulics,103,2025-10-26
1313,485,Blocked,Medium,Power,53,2026-05-17
1314,17,Open,Low,Avionics,27,2026-01-05
1315,620,Blocked,Medium,Software,91,2026-01-04
1316,752,Open,Critical,Hydraulics,28,2026-06-10
1317,886,Closed,Medium,Hull,70,2025-09-03
1318,852,In Progress,Low,Hull,31,2026-06-09
1319,595,Open,Medium,Avionics,20,2025-10-06
1320,54,Open,Medium,Comms,91,2026-06-01
1321,418,In Progress,Low,Avionics,12,2026-03-07
1322,594,Open,High,Hydraulics,80,2025-09-04
1323,1077,Open,Low,Software,49,2025-11-05
1324,845,Blocked,High,Hydraulics,25,2025-12-21
1325,240,Open,Low,Software,20,2025-08-15
1326,144,In Progress,Medium,Power,51,2025-08-04
1327,1151,Open,Medium,Hull,20,2026-03-21
1328,479,Closed,Critical,Hull,7,2026-01-21
1329,616,Closed,Low,Avionics,2,2026-03-12
1330,446,Open,Low,Software,102,2025-11-15
1331,982,Open,High,Power,105,2025-10-28
1332,62,In Progress,Low,Comms,27,2025-12-10
1333,326,In Progress,Low,Power,103,2025-10-29
1334,540,Closed,High,Avionics,64,2026-01-23
1335,157,Closed,High,Hull,45,2026-02-03
1336,119,Closed,Critical,Power,97,2026-02-14
1337,315,Closed,High,Hydraulics,29,2026-06-07
1338,155,In Progress,Critical,Avionics,51,2026-06-08
1339,54,Closed,Medium,Comms,65,2026-04-20
1340,158,Open,Low,Power,99,2026-01-27
1341,901,In Progress,Low,Software,79,2025-06-17
1342,777,Open,Medium,Hull,52,2025-08-29
1343,946,Open,Low,Power,77,2026-04-08
1344,576,Closed,Critical,Hull,88,2025-12-04
1345,503,In Progress,Medium,Hydraulics,89,2025-11-08
1346,945,Open,Low,Hull,14,2026-04-02
1347,652,Open,Low,Software,64,2025-07-15
1348,135,Open,High,Software,54,2025-10-28
1349,406,In Progress,Medium,Hydraulics,39,2025-11-30
1350,442,Closed,Low,Power,114,2026-06-06
1351,1095,Blocked,Critical,Power,113,2025-07-23
1352,1110,In Progress,Medium,Hydraulics,60,2025-10-08
1353,687,Closed,Low,Hydraulics,19,2025-07-19
1354,1075,In Progress,High,Comms,48,2026-05-20
1355,1128,Blocked,High,Power,41,2025-10-24
1356,231,Open,Medium,Software,54,2026-03-25
1357,50,Blocked,Medium,Software,111,2025-07-26
1358,339,Closed,Medium,Hull,70,2025-11-02
1359,1149,Closed,Medium,Hydraulics,51,2025-08-12
1360,1153,In Progress,Medium,Hydraulics,69,2025-07-12
1361,35,Blocked,Low,Comms,31,2025-09-13
1362,843,Closed,High,Power,67,2025-09-24
1363,638,Closed,Critical,Power,67,2026-01-03
1364,883,Blocked,Critical,Avionics,51,2025-07-28
1365,473,Open,Critical,Hydraulics,5,2026-01-02
1366,820,Open,Medium,Hull,43,2026-05-02
1367,707,Closed,Medium,Hull,52,2026-05-18
1368,77,Blocked,Low,Power,66,2025-10-18
1369,619,Open,Low,Avionics,96,2026-01-13
1370,552,Open,High,Power,57,2025-07-10
1371,366,Blocked,Low,Comms,28,2025-08-29
1372,777,Open,Low,Hull,69,2026-01-22
1373,781,Open,Low,Power,50,2026-05-04
1374,64,Closed,Medium,Avionics,12,2025-10-27
1375,1058,Closed,Medium,Comms,96,2025-10-29
1376,46,Blocked,High,Power,91,2025-11-24
1377,553,Blocked,Critical,Power,23,2026-03-14
1378,816,Closed,Medium,Software,97,2026-03-18
1379,524,Closed,Medium,Hull,12,2026-03-21
1380,547,In Progress,Low,Power,113,2025-07-31
1381,559,Blocked,High,Power,109,2026-04-05
1382,1161,Closed,High,Hull,4,2025-07-10
1383,19,Open,Medium,Avionics,12,2026-02-11
1384,848,In Progress,Medium,Hull,100,2026-01-23
1385,307,Closed,Medium,Software,61,2026-04-15
1386,547,Open,Medium,Comms,110,2025-07-09
1387,912,Closed,Medium,Software,30,2026-02-07
1388,1096,Open,High,Software,42,2026-04-25
1389,924,In Progress,Low,Power,4,2025-10-02
1390,1175,Closed,Low,Comms,118,2025-06-22
1391,739,Open,Low,Avionics,25,2025-08-06
1392,844,Open,High,Hydraulics,36,2025-12-12
1393,1081,Blocked,High,Hydraulics,112,2025-08-06
1394,971,Open,Critical,Avionics,89,2025-06-22
1395,861,Closed,Medium,Software,43,2025-10-31
1396,1181,Open,High,Power,104,2025-11-08
1397,372,Blocked,High,Power,79,2025-09-30
1398,793,Blocked,Critical,Power,18,2025-11-26
1399,174,Blocked,Critical,Hull,17,2025-11-14
1400,973,In Progress,High,Software,1,2025-08-24
1401,25,Closed,Low,Comms,114,2025-06-20
1402,137,In Progress,Critical,Power,40,2026-02-03
1403,945,Blocked,High,Software,24,2025-08-19
1404,480,Open,High,Hull,92,2026-04-28
1405,436,In Progress,Medium,Hull,36,2026-05-23
1406,1054,Open,Critical,Comms,88,2026-05-01
1407,95,Open,Low,Hull,2,2026-04-08
1408,953,In Progress,Low,Comms,92,2025-11-16
1409,582,Closed,High,Hull,10,2025-09-07
1410,491,Blocked,Low,Software,39,2026-02-06
1411,1146,Open,High,Comms,118,2025-07-19
1412,591,In Progress,Medium,Power,92,2025-09-14
1413,719,In Progress,Medium,Comms,28,2026-03-16
1414,990,Closed,Medium,Comms,46,2025-12-01
1415,831,Open,Critical,Comms,27,2025-09-08
1416,99,Closed,Medium,Power,49,2026-01-20
1417,561,Closed,Critical,Avionics,106,2026-04-28
1418,170,In Progress,High,Comms,94,2026-05-04
1419,133,Open,Critical,Comms,114,2025-12-07
1420,1069,Open,High,Comms,120,2025-07-15
1421,5,Open,Critical,Avionics,54,2025-07-26
1422,245,Blocked,Low,Hull,33,2026-04-23
1423,522,Open,Critical,Avionics,75,2026-06-04
1424,1034,Open,Medium,Software,59,2025-11-21
1425,744,In Progress,High,Comms,99,2026-05-09
1426,619,In Progress,Critical,Comms,105,2025-08-04
1427,1058,In Progress,High,Hydraulics,64,2025-09-05
1428,989,Closed,High,Hull,1,2026-04-02
1429,116,Open,Critical,Comms,19,2026-02-16
1430,698,In Progress,Medium,Power,120,2026-04-05
1431,195,Open,Medium,Comms,94,2026-03-10
1432,1137,In Progress,Low,Hydraulics,52,2026-05-07
1433,990,Closed,Low,Comms,52,2025-09-27
1434,844,In Progress,Low,Software,56,2025-08-28
1435,739,In Progress,Medium,Software,83,2026-03-11
1436,740,Open,Critical,Hull,40,2026-04-17
1437,825,Open,Medium,Comms,1,2026-03-09
1438,29,Closed,Medium,Avionics,107,2026-05-01
1439,44,Open,Critical,Hydraulics,63,2025-07-10
1440,1066,Closed,Low,Comms,91,2025-12-15
1441,891,In Progress,Medium,Avionics,64,2026-03-02
1442,72,Blocked,Medium,Software,35,2025-08-05
1443,317,Closed,Critical,Comms,39,2025-12-31
1444,1108,Closed,Critical,Comms,23,2026-01-20
1445,840,Open,High,Hull,103,2025-10-09
1446,587,Blocked,High,Hull,41,2025-10-08
1447,905,Closed,Medium,Hull,51,2025-07-05
1448,739,Open,High,Software,66,2025-12-28
1449,329,Closed,Low,Software,35,2026-02-11
1450,1021,Blocked,Critical,Avionics,110,2025-09-19
1451,83,Blocked,Medium,Power,98,2026-01-06
1452,272,Open,Medium,Hydraulics,56,2026-01-16
1453,368,In Progress,Critical,Avionics,28,2025-12-12
1454,257,Blocked,Critical,Power,22,2025-10-17
1455,761,In Progress,Critical,Hydraulics,2,2026-04-03
1456,68,Blocked,Critical,Avionics,94,2026-05-29
1457,781,Blocked,Medium,Avionics,56,2025-12-10
1458,1055,In Progress,High,Comms,20,2026-04-13
1459,557,Closed,Critical,Comms,62,2026-02-09
1460,754,In Progress,Low,Power,91,2025-10-16
1461,1143,Closed,Medium,Comms,74,2026-01-24
1462,51,Blocked,Low,Hydraulics,52,2026-05-16
1463,836,In Progress,Medium,Hydraulics,64,2026-01-05
1464,890,In Progress,Medium,Power,17,2026-01-18
1465,307,Closed,High,Hydraulics,99,2025-08-21
1466,1065,Closed,Medium,Hydraulics,115,2026-05-20
1467,449,In Progress,Critical,Hydraulics,44,2025-09-30
1468,1188,Open,Medium,Avionics,30,2025-10-20
1469,470,Open,Critical,Avionics,70,2025-10-02
1470,1197,In Progress,High,Comms,27,2026-03-09
1471,515,In Progress,Low,Comms,58,2026-05-25
1472,23,In Progress,High,Hydraulics,30,2025-08-11
1473,403,In Progress,Low,Software,36,2025-06-24
1474,752,Open,Critical,Hydraulics,47,2025-07-28
1475,998,Blocked,Low,Hull,29,2026-02-04
1476,901,Blocked,Low,Comms,87,2026-01-26
1477,233,Closed,Critical,Software,85,2025-07-30
1478,790,Closed,Low,Power,48,2026-03-21
1479,731,Blocked,High,Comms,107,2026-04-18
1480,296,Blocked,Low,Hull,86,2025-11-26
1481,1105,Closed,Medium,Software,86,2025-10-12
1482,323,Blocked,Critical,Avionics,42,2025-09-27
1483,423,Closed,Medium,Hydraulics,83,2025-09-01
1484,878,In Progress,High,Power,93,2026-03-13
1485,272,Open,Medium,Hydraulics,78,2026-02-08
1486,936,In Progress,Critical,Comms,28,2026-03-07
1487,165,Open,High,Hydraulics,22,2025-11-24
1488,194,Closed,High,Power,103,2026-01-29
1489,744,Open,Low,Hydraulics,43,2025-11-02
1490,24,Closed,Critical,Hull,113,2026-05-23
1491,1074,Open,Critical,Hull,83,2026-06-08
1492,938,Blocked,Medium,Hull,54,2025-11-21
1493,965,Blocked,Low,Software,74,2025-08-20
1494,1090,In Progress,Critical,Hydraulics,72,2026-03-30
1495,1196,Open,High,Comms,1,2025-09-11
1496,474,In Progress,High,Power,19,2025-10-18
1497,962,In Progress,Critical,Hydraulics,14,2025-09-13
1498,667,Closed,High,Hydraulics,117,2026-05-22
1499,905,In Progress,High,Software,87,2026-04-17
1500,850,Blocked,Medium,Software,44,2025-06-28
1501,592,In Progress,Low,Software,73,2026-02-17
1502,713,Blocked,High,Hull,47,2026-05-09
1503,892,In Progress,High,Avionics,61,2026-02-10
1504,120,In Progress,Critical,Avionics,7,2026-03-13
1505,307,Open,Low,Comms,19,2026-05-26
1506,958,Closed,Medium,Comms,49,2026-01-20
1507,454,Blocked,Medium,Comms,50,2026-04-27
1508,945,In Progress,Medium,Hydraulics,94,2025-08-22
1509,419,Closed,High,Power,73,2026-02-05
1510,438,Closed,Low,Comms,51,2025-11-10
1511,11,Open,Low,Avionics,78,2025-08-31
1512,22,Closed,High,Hull,93,2026-04-20
1513,47,In Progress,Critical,Comms,20,2025-12-11
1514,847,Blocked,High,Hull,100,2026-03-16
1515,1143,Closed,Medium,Software,46,2025-07-25
1516,744,Open,High,Hull,56,2026-04-11
1517,120,In Progress,Low,Hull,13,2025-08-13
1518,850,Blocked,High,Comms,72,2025-10-27
1519,221,Blocked,Low,Power,97,2026-03-06
1520,1006,Blocked,Medium,Hull,56,2025-12-12
1521,1177,Blocked,High,Hull,102,2025-06-28
1522,438,Closed,Medium,Software,113,2025-09-05
1523,117,In Progress,High,Software,74,2025-07-21
1524,62,Closed,High,Hull,45,2026-04-10
1525,180,Closed,Medium,Software,103,2025-07-09
1526,621,Closed,Critical,Avionics,76,2025-10-23
1527,1083,Closed,Medium,Power,32,2025-12-13
1528,541,Open,High,Software,105,2026-02-15
1529,826,In Progress,High,Software,6,2025-10-28
1530,810,Blocked,Medium,Avionics,20,2025-08-27
1531,491,Closed,Low,Power,51,2025-08-07
1532,339,In Progress,High,Power,100,2025-10-02
1533,476,Blocked,High,Software,52,2026-01-08
1534,676,Open,Medium,Hydraulics,105,2025-08-20
1535,210,Closed,High,Avionics,106,2025-10-17
1536,482,Open,Critical,Avionics,67,2025-10-19
1537,1119,In Progress,Low,Power,112,2026-01-14
1538,636,Blocked,Critical,Hull,55,2025-10-08
1539,2,Open,High,Hydraulics,62,2026-01-04
1540,825,Closed,High,Power,59,2026-05-06
1541,882,Open,Low,Hull,11,2025-12-07
1542,382,Open,Medium,Power,6,2025-12-01
1543,487,Blocked,Critical,Power,71,2025-07-11
1544,838,Open,Low,Avionics,101,2025-10-13
1545,620,Blocked,Low,Software,78,2026-02-21
1546,454,In Progress,Medium,Power,17,2026-01-25
1547,1114,Closed,Critical,Avionics,13,2025-10-22
1548,458,Blocked,High,Comms,1,2026-02-26
1549,54,Blocked,Medium,Hull,25,2025-12-21
1550,1063,Open,Low,Avionics,9,2026-01-16
1551,378,Blocked,High,Hull,13,2026-05-16
1552,1110,Blocked,Low,Software,8,2026-05-16
1553,789,Blocked,Low,Software,73,2026-03-29
1554,1185,In Progress,Low,Hull,81,2025-09-26
1555,766,Blocked,Low,Power,16,2026-05-10
1556,1179,In Progress,Low,Software,53,2026-03-27
1557,1091,Open,Critical,Software,56,2025-08-19
1558,1009,Closed,Low,Avionics,69,2025-11-22
1559,24,In Progress,High,Software,109,2026-03-07
1560,418,Blocked,Medium,Avionics,63,2025-12-10
1561,208,Open,Critical,Hydraulics,76,2026-01-25
1562,451,In Progress,Medium,Avionics,98,2026-03-30
1563,399,Blocked,High,Hydraulics,18,2025-08-28
1564,87,Open,High,Comms,7,2026-03-28
1565,437,Open,Critical,Hull,64,2026-04-25
1566,744,Closed,High,Hydraulics,92,2025-11-21
1567,920,Open,High,Hull,52,2026-03-24
1568,218,In Progress,Low,Hull,101,2025-06-17
1569,269,In Progress,Low,Avionics,50,2026-01-21
1570,759,Closed,Low,Power,63,2025-08-07
1571,192,Open,Medium,Avionics,71,2026-01-03
1572,884,Open,Low,Software,11,2026-02-13
1573,249,In Progress,Medium,Comms,79,2026-02-13
1574,454,Open,Medium,Hydraulics,42,2026-02-28
1575,732,In Progress,Critical,Avionics,55,2026-01-06
1576,309,Open,Medium,Power,105,2025-08-11
1577,699,Open,Critical,Avionics,113,2026-02-25
1578,1194,Open,Critical,Software,98,2025-12-09
1579,829,Blocked,Low,Power,4,2025-07-24
1580,705,Open,Medium,Avionics,19,2025-09-06
1581,101,Closed,Medium,Avionics,67,2026-02-11
1582,251,Blocked,Critical,Avionics,89,2026-04-01
1583,1141,Blocked,Low,Power,96,2025-07-04
1584,834,Open,Low,Comms,79,2026-01-18
1585,1024,Blocked,Low,Avionics,103,2026-04-27
1586,1131,Blocked,Medium,Hull,73,2026-03-17
1587,667,Blocked,High,Software,113,2025-10-24
1588,722,Closed,Low,Avionics,76,2026-04-14
1589,681,Closed,Low,Hydraulics,89,2025-11-01
1590,936,Blocked,High,Hull,56,2026-01-19
1591,1142,Blocked,Medium,Software,84,2026-02-21
1592,84,Blocked,Critical,Hydraulics,78,2026-02-06
1593,562,Blocked,Low,Hydraulics,86,2026-06-15
1594,33,Blocked,High,Hull,120,2026-01-02
1595,908,In Progress,Critical,Power,109,2026-06-04
1596,391,Closed,High,Hull,97,2026-03-13
1597,800,Blocked,Low,Hydraulics,6,2025-12-23
1598,197,Blocked,Critical,Hull,18,2026-01-09
1599,1075,Open,Critical,Hull,38,2025-09-25
1600,769,Open,High,Hydraulics,101,2025-07-15
1601,794,Closed,Medium,Hull,11,2025-09-29
1602,248,Closed,Critical,Hydraulics,99,2026-01-11
1603,1107,Closed,Critical,Avionics,99,2025-08-30
1604,389,In Progress,High,Power,104,2026-03-23
1605,820,Closed,Critical,Comms,6,2025-07-17
1606,256,Blocked,Critical,Hull,21,2025-10-11
1607,1020,Blocked,Critical,Avionics,21,2026-03-20
1608,129,Closed,High,Hydraulics,27,2026-03-02
1609,178,Blocked,Medium,Hydraulics,36,2025-10-10
1610,368,Blocked,Medium,Hydraulics,44,2026-06-03
1611,800,Open,Low,Software,42,2025-08-18
1612,1071,Closed,High,Avionics,58,2026-03-17
1613,369,Blocked,Low,Avionics,44,2025-08-01
1614,308,Blocked,Low,Comms,115,2025-12-23
1615,467,In Progress,High,Avionics,25,2025-11-07
1616,244,Blocked,High,Hull,3,2026-02-25
1617,675,Blocked,Medium,Comms,20,2026-03-30
1618,497,In Progress,Medium,Comms,92,2026-03-05
1619,254,Open,Low,Hydraulics,118,2026-03-17
1620,1186,Blocked,High,Comms,29,2025-11-13
1621,224,Open,High,Power,111,2025-08-17
1622,64,In Progress,Critical,Power,89,2026-02-21
1623,404,Closed,Critical,Software,98,2026-03-13
1624,1115,Blocked,Medium,Avionics,97,2026-01-03
1625,305,Open,Low,Hull,120,2026-04-29
1626,1088,In Progress,Medium,Avionics,28,2025-08-08
1627,1008,Open,Low,Comms,2,2026-02-12
1628,88,In Progress,Critical,Power,21,2025-11-20
1629,837,Closed,High,Software,99,2025-10-24
1630,892,Blocked,Medium,Power,65,2025-07-21
1631,970,Blocked,Critical,Power,111,2026-02-25
1632,262,In Progress,Critical,Comms,39,2025-07-09
1633,1029,In Progress,Medium,Comms,97,2025-11-24
1634,1012,Blocked,Medium,Power,38,2026-04-09
1635,381,Blocked,Medium,Hydraulics,42,2026-04-04
1636,240,Closed,Low,Software,87,2025-12-22
1637,1141,Open,Medium,Power,6,2025-11-23
1638,512,Blocked,High,Power,30,2026-02-08
1639,1135,Closed,Medium,Hydraulics,1,2025-10-01
1640,537,Closed,Critical,Hull,56,2025-09-30
1641,778,Open,Critical,Software,17,2025-10-12
1642,1107,Blocked,Critical,Power,91,2025-09-23
1643,1026,Open,Critical,Comms,86,2026-05-20
1644,265,Closed,Low,Power,27,2025-08-28
1645,148,Closed,Medium,Software,47,2025-06-18
1646,389,Blocked,Low,Comms,18,2026-02-07
1647,812,Open,Medium,Comms,84,2026-03-29
1648,71,Blocked,Critical,Comms,116,2026-04-10
1649,169,Blocked,High,Hydraulics,1,2026-03-22
1650,250,Closed,Low,Avionics,36,2026-06-04
1651,587,In Progress,High,Software,101,2026-03-13
1652,783,Blocked,High,Comms,60,2025-12-05
1653,639,In Progress,High,Hydraulics,9,2025-10-01
1654,981,Open,Low,Comms,109,2026-02-08
1655,743,In Progress,Medium,Hydraulics,114,2025-10-02
1656,567,In Progress,Critical,Software,56,2025-11-17
1657,958,Open,Low,Avionics,97,2026-04-19
1658,94,Blocked,Medium,Hydraulics,38,2026-04-14
1659,618,Blocked,Critical,Comms,92,2025-10-21
1660,1112,Closed,High,Comms,9,2025-07-23
1661,1087,Closed,Low,Software,52,2025-09-01
1662,110,Open,Medium,Power,74,2025-11-10
1663,315,Blocked,Critical,Hydraulics,59,2025-08-29
1664,896,In Progress,Medium,Hull,116,2025-08-19
1665,591,In Progress,Low,Hydraulics,16,2025-10-28
1666,329,In Progress,Medium,Hydraulics,112,2026-04-26
1667,659,Open,High,Hull,2,2026-05-30
1668,594,In Progress,Critical,Comms,16,2025-09-13
1669,640,Closed,Medium,Software,60,2025-11-22
1670,635,Closed,Critical,Comms,110,2025-07-01
1671,1017,Open,High,Hull,3,2025-11-30
1672,453,Closed,Critical,Hull,111,2025-10-23
1673,724,Open,Critical,Avionics,87,2026-02-22
1674,921,In Progress,Critical,Hydraulics,110,2026-04-09
1675,1126,Open,Medium,Hydraulics,101,2025-11-11
1676,1104,Open,Medium,Software,107,2025-07-07
1677,436,In Progress,Critical,Hull,72,2026-06-16
1678,536,In Progress,Critical,Hull,34,2025-08-24
1679,442,In Progress,Medium,Avionics,117,2026-05-13
1680,614,Closed,High,Software,22,2025-10-17
1681,76,Closed,Critical,Comms,51,2025-11-30
1682,67,Blocked,High,Hydraulics,13,2026-06-12
1683,373,Blocked,Medium,Comms,118,2025-11-20
1684,542,Blocked,Medium,Software,104,2025-07-03
1685,568,Open,Low,Software,85,2025-11-05
1686,634,Blocked,Critical,Avionics,20,2026-02-05
1687,536,Open,Medium,Avionics,112,2025-10-25
1688,797,Closed,Medium,Software,88,2025-12-22
1689,181,Open,Critical,Power,72,2025-10-26
1690,462,Blocked,Critical,Comms,68,2025-08-10
1691,195,Closed,Low,Comms,44,2025-07-16
1692,1187,Blocked,High,Comms,105,2025-07-04
1693,1132,Blocked,High,Hydraulics,10,2025-12-21
1694,506,In Progress,Critical,Avionics,27,2025-11-13
1695,840,Closed,Medium,Power,74,2025-10-21
1696,1017,Closed,Medium,Hull,60,2026-04-22
1697,876,Closed,Critical,Hull,47,2025-09-01
1698,1164,Blocked,Medium,Software,55,2025-11-04
1699,148,Blocked,Medium,Avionics,63,2026-06-08
1700,527,Blocked,Low,Hydraulics,100,2025-12-15
1701,1138,Blocked,Low,Hydraulics,56,2026-04-28
1702,1007,In Progress,Medium,Hydraulics,78,2026-02-08
1703,27,Closed,Critical,Avionics,47,2025-09-19
1704,57,Open,Low,Avionics,11,2025-08-21
1705,459,Blocked,Low,Power,68,2025-09-24
1706,1,Blocked,High,Hydraulics,96,2026-02-18
1707,408,Blocked,Critical,Hull,80,2026-04-18
1708,321,Blocked,Low,Software,78,2025-08-27
1709,27,Open,Low,Comms,68,2025-11-23
1710,807,Closed,Low,Power,106,2025-09-28
1711,943,Blocked,Low,Comms,103,2026-04-20
1712,1169,Blocked,Low,Hull,29,2025-10-11
1713,1087,Closed,Low,Hull,79,2026-03-31
1714,1173,Closed,Critical,Comms,30,2025-11-05
1715,793,In Progress,Critical,Avionics,75,2025-06-19
1716,808,Open,Low,Hydraulics,98,2026-05-04
1717,397,In Progress,Critical,Hull,40,2026-01-04
1718,459,Open,Medium,Power,66,2026-02-22
1719,793,In Progress,Critical,Power,117,2025-06-19
1720,744,Open,Critical,Comms,109,2025-12-21
1721,746,Closed,High,Software,26,2025-07-25
1722,322,Closed,Critical,Avionics,16,2026-02-02
1723,237,Blocked,High,Comms,80,2025-12-27
1724,197,Closed,Critical,Hydraulics,81,2026-01-04
1725,375,Open,Critical,Software,55,2026-01-19
1726,1041,Closed,High,Software,71,2026-03-03
1727,1098,Open,Critical,Avionics,119,2026-01-15
1728,1073,Closed,High,Hydraulics,45,2026-02-05
1729,1026,Closed,Critical,Software,38,2025-12-08
1730,436,Closed,Medium,Power,35,2026-01-09
1731,1017,In Progress,Low,Hull,26,2025-12-18
1732,308,Closed,Critical,Hull,85,2026-01-13
1733,869,Closed,High,Power,95,2025-09-05
1734,686,Closed,Critical,Hull,80,2026-04-19
1735,532,Closed,High,Comms,11,2025-07-25
1736,715,In Progress,High,Power,110,2026-01-25
1737,908,Blocked,High,Comms,5,2025-12-08
1738,266,Open,High,Power,31,2026-01-23
1739,907,In Progress,Critical,Software,83,2025-07-22
1740,12,Closed,High,Power,113,2025-10-16
1741,465,Blocked,High,Avionics,31,2025-07-22
1742,904,Blocked,High,Software,111,2025-12-25
1743,67,Open,Critical,Power,30,2025-07-14
1744,1090,In Progress,Medium,Comms,69,2026-03-13
1745,762,In Progress,Critical,Hydraulics,93,2025-11-30
1746,248,Closed,Medium,Software,49,2026-03-15
1747,621,Blocked,Low,Avionics,61,2025-07-24
1748,454,In Progress,Critical,Avionics,103,2025-06-28
1749,563,Blocked,Low,Avionics,93,2025-12-23
1750,792,In Progress,Medium,Comms,33,2026-03-04
1751,61,Open,High,Avionics,103,2026-02-21
1752,290,Blocked,Critical,Software,30,2025-10-11
1753,1092,Closed,Critical,Hydraulics,26,2025-08-01
1754,597,Closed,Critical,Power,83,2025-11-14
1755,875,Closed,High,Hull,96,2025-10-06
1756,77,In Progress,Medium,Hydraulics,116,2026-03-29
1757,995,Closed,Medium,Power,15,2025-10-16
1758,688,Open,Medium,Comms,98,2026-02-22
1759,1179,Open,High,Avionics,113,2026-01-27
1760,182,In Progress,Low,Comms,63,2025-08-17
1761,894,Closed,Low,Software,15,2025-07-26
1762,672,Closed,Low,Power,67,2026-04-03
1763,538,Closed,Critical,Software,82,2026-04-17
1764,962,In Progress,Medium,Hydraulics,111,2026-05-01
1765,45,Open,Critical,Power,33,2025-10-18
1766,441,Closed,High,Comms,48,2026-03-17
1767,553,In Progress,Critical,Power,3,2025-12-11
1768,705,Closed,Medium,Avionics,24,2025-12-12
1769,958,Closed,Low,Software,61,2025-07-15
1770,685,Closed,Critical,Avionics,62,2025-07-17
1771,175,In Progress,Low,Software,24,2026-01-27
1772,490,Open,Critical,Hydraulics,73,2026-04-06
1773,225,In Progress,Medium,Hull,60,2026-05-11
1774,520,Blocked,High,Comms,14,2026-01-10
1775,425,Closed,Medium,Hull,120,2025-07-29
1776,1026,Open,Critical,Power,118,2025-10-14
1777,1035,Closed,Low,Software,9,2026-03-04
1778,92,Blocked,Critical,Avionics,114,2026-04-02
1779,62,Blocked,Critical,Avionics,64,2025-12-12
1780,74,In Progress,Critical,Software,88,2026-05-29
1781,618,Blocked,Critical,Software,26,2026-04-05
1782,22,Blocked,Medium,Software,108,2026-03-29
1783,720,In Progress,Critical,Hull,120,2025-10-20
1784,673,Open,High,Power,113,2026-01-28
1785,538,Closed,Medium,Hydraulics,66,2026-05-30
1786,119,In Progress,Low,Avionics,111,2025-11-18
1787,926,Closed,Medium,Power,32,2025-10-30
1788,170,Closed,Critical,Comms,67,2025-07-20
1789,667,Blocked,High,Power,114,2025-12-23
1790,86,In Progress,High,Avionics,26,2025-08-02
1791,382,Closed,Low,Comms,114,2025-11-23
1792,762,Open,Critical,Comms,106,2026-05-03
1793,701,Closed,Medium,Software,80,2026-01-31
1794,111,Blocked,Low,Hydraulics,27,2025-10-18
1795,78,Closed,Medium,Hull,26,2025-11-03
1796,449,In Progress,Low,Hydraulics,46,2026-01-20
1797,819,Blocked,High,Avionics,32,2025-11-30
1798,61,Open,Critical,Power,36,2025-12-05
1799,124,Closed,Medium,Hydraulics,119,2026-03-24
1800,335,Open,Low,Hydraulics,111,2025-09-16
1801,732,Open,Medium,Software,118,2026-02-25
1802,669,Open,Low,Power,17,2025-11-14
1803,411,In Progress,Low,Comms,5,2025-12-29
1804,788,Open,Medium,Power,68,2026-04-29
1805,255,In Progress,Low,Avionics,117,2026-06-12
1806,710,Blocked,High,Comms,58,2025-08-27
1807,446,Closed,High,Hull,77,2025-07-31
1808,916,In Progress,Medium,Power,107,2026-03-30
1809,675,In Progress,High,Software,107,2025-06-25
1810,215,Open,High,Software,21,2025-08-29
1811,996,In Progress,Medium,Software,112,2025-11-10
1812,283,Blocked,Critical,Hydraulics,76,2026-03-04
1813,728,Blocked,Low,Hydraulics,112,2025-10-08
1814,743,Closed,High,Comms,54,2026-01-19
1815,1082,Blocked,Low,Power,76,2026-04-21
1816,85,Open,Medium,Software,16,2026-06-02
1817,1178,Blocked,Critical,Power,34,2025-11-24
1818,1028,Closed,Critical,Avionics,87,2025-11-26
1819,694,Blocked,Low,Software,71,2026-02-07
1820,577,Blocked,Low,Comms,4,2025-10-02
1821,1046,Blocked,Medium,Power,53,2026-02-27
1822,595,In Progress,Low,Power,4,2025-10-06
1823,909,Blocked,Critical,Power,101,2025-09-17
1824,722,Blocked,Medium,Power,66,2025-08-07
1825,1047,Open,Low,Software,97,2025-12-22
1826,275,Closed,Medium,Hull,100,2026-05-07
1827,676,Closed,High,Hull,81,2026-06-14
1828,1018,Blocked,Critical,Power,74,2025-09-04
1829,369,Blocked,High,Comms,16,2026-06-09
1830,259,Closed,Medium,Hydraulics,109,2026-02-12
1831,591,Closed,Medium,Software,61,2025-07-25
1832,79,Closed,Low,Avionics,91,2025-08-02
1833,584,Blocked,High,Software,37,2025-10-15
1834,1122,Closed,High,Hull,115,2025-10-13
1835,544,Closed,Low,Hull,17,2026-01-01
1836,405,Closed,High,Comms,109,2025-12-12
1837,1001,In Progress,Low,Power,47,2025-12-05
1838,453,Open,High,Hydraulics,100,2026-04-12
1839,923,Closed,Critical,Power,80,2026-05-11
1840,43,Blocked,Critical,Avionics,101,2025-10-23
1841,318,Closed,Medium,Hydraulics,87,2025-09-04
1842,989,Blocked,Critical,Hydraulics,104,2025-07-10
1843,129,Blocked,High,Avionics,89,2025-07-11
1844,414,Open,High,Hull,117,2025-10-08
1845,102,Blocked,Low,Power,47,2026-02-14
1846,689,Blocked,Medium,Power,46,2025-10-31
1847,689,Closed,High,Hydraulics,16,2026-01-02
1848,869,In Progress,Medium,Power,102,2026-02-13
1849,991,Closed,Critical,Software,7,2025-10-12
1850,1148,Open,High,Power,103,2025-11-16
1851,1189,Open,Low,Software,54,2026-01-08
1852,105,In Progress,High,Avionics,61,2025-11-20
1853,182,Blocked,High,Comms,61,2026-03-15
1854,1146,In Progress,High,Avionics,81,2026-01-02
1855,1186,In Progress,Critical,Hydraulics,51,2026-04-01
1856,1139,Open,Critical,Software,88,2025-10-02
1857,497,Closed,Low,Avionics,68,2026-05-05
1858,1180,Open,High,Avionics,5,2025-07-15
1859,755,In Progress,High,Software,11,2025-10-07
1860,191,Blocked,Low,Hydraulics,23,2025-08-16
1861,90,Closed,Medium,Power,7,2026-03-15
1862,68,In Progress,Medium,Comms,28,2026-02-06
1863,1169,In Progress,Critical,Hull,76,2025-12-23
1864,88,Open,Medium,Comms,86,2026-02-26
1865,484,In Progress,Critical,Comms,9,2026-05-12
1866,1147,Blocked,Medium,Power,58,2026-02-05
1867,1065,Closed,Low,Hull,56,2025-09-21
1868,828,Blocked,Medium,Hydraulics,95,2026-04-16
1869,17,Blocked,Medium,Software,90,2025-06-26
1870,190,Blocked,Medium,Hydraulics,96,2025-10-29
1871,829,Blocked,Critical,Hull,36,2025-12-01
1872,305,Blocked,Critical,Power,109,2026-05-10
1873,62,Closed,High,Comms,72,2026-01-25
1874,398,Closed,Medium,Software,106,2026-03-08
1875,890,In Progress,Critical,Hull,77,2026-06-07
1876,671,Closed,Low,Hull,106,2026-05-27
1877,620,In Progress,High,Power,50,2025-11-17
1878,1079,Open,Critical,Power,120,2025-11-03
1879,527,In Progress,Critical,Software,79,2025-11-17
1880,686,Open,Medium,Power,43,2025-08-13
1881,896,Blocked,Critical,Comms,19,2026-03-04
1882,402,Open,High,Hydraulics,81,2025-07-02
1883,776,Closed,Low,Power,99,2025-11-17
1884,796,Closed,Critical,Comms,104,2025-12-16
1885,1064,Open,Low,Comms,69,2025-07-04
1886,373,In Progress,Medium,Hydraulics,86,2025-09-11
1887,280,Closed,High,Software,63,2026-01-24
1888,282,Open,Medium,Hydraulics,60,2025-09-03
1889,426,Closed,Medium,Comms,72,2025-11-01
1890,553,Closed,Low,Comms,92,2026-04-25
1891,132,Closed,Medium,Hull,118,2025-12-11
1892,617,Closed,High,Software,32,2025-09-18
1893,106,Blocked,High,Power,75,2026-04-22
1894,789,Closed,High,Comms,52,2025-06-29
1895,762,Closed,Critical,Software,87,2026-03-12
1896,5,Blocked,Low,Power,9,2026-06-14
1897,270,Closed,Critical,Comms,55,2026-01-06
1898,535,Blocked,High,Hydraulics,54,2025-08-30
1899,460,Closed,Medium,Avionics,48,2025-12-05
1900,842,Blocked,Low,Hull,46,2025-07-31
1901,396,Blocked,High,Hydraulics,6,2026-03-25
1902,126,In Progress,High,Avionics,88,2025-07-27
1903,1045,Closed,Critical,Power,59,2025-08-23
1904,205,In Progress,High,Avionics,32,2026-03-01
1905,668,Open,Low,Software,68,2026-05-12
1906,712,Blocked,Low,Hull,48,2025-09-04
1907,208,In Progress,Medium,Power,113,2026-05-17
1908,1121,Open,High,Software,12,2025-09-25
1909,539,In Progress,Medium,Hydraulics,91,2026-01-30
1910,1153,Closed,Critical,Hull,91,2025-09-14
1911,420,Closed,Medium,Comms,76,2026-03-13
1912,98,In Progress,High,Hydraulics,27,2025-12-20
1913,1123,Open,Low,Hull,6,2025-12-08
1914,1036,Closed,Low,Avionics,5,2026-02-21
1915,745,In Progress,Medium,Software,11,2026-05-18
1916,1083,Blocked,High,Hull,116,2025-12-11
1917,606,Blocked,Critical,Software,77,2026-02-22
1918,43,In Progress,High,Hull,3,2026-05-19
1919,370,Closed,High,Avionics,15,2026-04-10
1920,594,Blocked,Medium,Software,106,2026-05-17
1921,397,Blocked,Low,Avionics,81,2025-09-02
1922,992,Blocked,Critical,Avionics,29,2026-02-14
1923,83,Open,Critical,Avionics,77,2025-11-23
1924,314,Open,Medium,Hull,71,2025-11-08
1925,934,Blocked,High,Hydraulics,106,2026-05-11
1926,942,Blocked,Low,Hull,31,2026-02-28
1927,318,Blocked,Low,Hydraulics,11,2025-07-22
1928,259,Blocked,Critical,Hydraulics,103,2026-05-28
1929,179,Closed,Medium,Hull,53,2026-05-23
1930,720,Open,Critical,Hydraulics,29,2025-12-07
1931,413,Open,Critical,Hull,46,2026-04-01
1932,696,Closed,Low,Hydraulics,33,2025-12-15
1933,930,Blocked,High,Power,20,2026-05-13
1934,863,In Progress,Critical,Avionics,87,2026-01-30
1935,496,Closed,Critical,Comms,8,2025-12-25
1936,295,Blocked,Critical,Avionics,1,2025-12-20
1937,16,Closed,High,Software,63,2025-10-06
1938,86,Open,Critical,Power,60,2026-04-24
1939,156,In Progress,Low,Avionics,90,2026-01-31
1940,1071,Closed,Low,Hull,112,2026-03-08
1941,415,In Progress,Medium,Power,103,2026-01-29
1942,385,In Progress,Medium,Avionics,81,2026-05-03
1943,759,Blocked,High,Comms,75,2025-12-03
1944,655,Closed,Low,Power,61,2026-01-15
1945,115,Blocked,Critical,Hydraulics,19,2025-07-18
1946,222,Open,Medium,Hydraulics,35,2025-10-01
1947,362,Blocked,Critical,Hull,96,2026-01-21
1948,1083,Blocked,High,Comms,15,2025-12-01
1949,1175,In Progress,Low,Comms,5,2026-06-03
1950,624,Open,Low,Power,91,2026-04-20
1951,625,Blocked,Low,Avionics,7,2025-11-16
1952,454,Blocked,Medium,Hull,100,2026-02-08
1953,748,In Progress,Medium,Hull,26,2026-01-26
1954,488,Blocked,Low,Hull,91,2026-05-22
1955,755,In Progress,High,Hull,90,2026-01-17
1956,109,Blocked,Low,Avionics,52,2026-05-14
1957,540,Closed,Medium,Hull,5,2025-08-20
1958,301,Closed,Low,Avionics,107,2025-09-07
1959,553,Open,Critical,Avionics,105,2026-03-05
1960,377,In Progress,High,Software,116,2026-04-06
1961,459,Closed,Medium,Avionics,58,2025-07-22
1962,1105,Closed,High,Software,14,2025-12-30
1963,930,Closed,Critical,Power,5,2026-02-08
1964,727,Closed,Low,Comms,31,2026-04-25
1965,1153,Open,Medium,Comms,9,2026-03-29
1966,118,Blocked,High,Software,11,2026-05-15
1967,776,In Progress,Medium,Comms,84,2026-05-29
1968,151,In Progress,Critical,Hull,37,2026-03-22
1969,1024,Blocked,Low,Comms,39,2026-02-16
1970,89,Blocked,Critical,Comms,92,2026-06-03
1971,607,In Progress,High,Comms,43,2025-11-07
1972,1170,Blocked,Medium,Hull,3,2026-04-25
1973,1019,Blocked,Critical,Avionics,74,2025-12-31
1974,535,In Progress,Critical,Avionics,61,2026-02-13
1975,1102,Closed,High,Hydraulics,84,2026-01-24
1976,374,Open,Critical,Software,85,2025-12-25
1977,328,Open,Critical,Hydraulics,120,2025-08-09
1978,785,Open,Low,Software,56,2025-06-24
1979,1050,Open,Low,Avionics,78,2025-08-24
1980,452,Open,Critical,Software,84,2025-11-04
1981,140,Open,High,Software,9,2026-04-08
1982,958,Open,Low,Hydraulics,18,2025-07-09
1983,1024,In Progress,Critical,Software,4,2025-09-08
1984,706,Closed,Critical,Hull,109,2025-07-05
1985,1016,Open,Low,Power,86,2025-10-10
1986,951,Closed,Medium,Software,17,2025-08-07
1987,206,Blocked,Low,Hull,83,2025-07-21
1988,822,Closed,High,Avionics,63,2025-09-24
1989,921,Blocked,Medium,Software,47,2025-08-17
1990,800,In Progress,Low,Hydraulics,5,2026-03-12
1991,726,In Progress,Low,Power,52,2026-06-16
1992,492,Blocked,Critical,Comms,68,2025-10-31
1993,358,Open,High,Avionics,64,2025-07-21
1994,731,Closed,Low,Hull,96,2026-04-07
1995,545,Closed,Critical,Hydraulics,47,2025-09-03
1996,1109,In Progress,Low,Comms,15,2025-08-20
1997,1004,Blocked,Critical,Software,58,2026-01-08
1998,578,Closed,Critical,Software,31,2026-01-22
1999,766,Blocked,High,Hydraulics,69,2025-12-07
2000,482,Closed,High,Software,75,2025-07-06
2001,962,In Progress,Low,Power,19,2026-03-03
2002,74,In Progress,Low,Avionics,90,2026-02-02
2003,779,Closed,High,Comms,74,2026-01-10
2004,253,Closed,Medium,Hull,15,2026-04-27
2005,1183,Closed,Low,Software,74,2025-07-12
2006,388,Blocked,Medium,Hydraulics,87,2025-06-28
2007,77,Open,Medium,Hydraulics,98,2025-09-23
2008,1137,In Progress,Critical,Avionics,42,2026-06-07
2009,806,Closed,Medium,Power,30,2026-02-02
2010,483,Blocked,High,Hydraulics,55,2026-01-10
2011,352,In Progress,Low,Software,87,2026-03-19
2012,567,Blocked,Critical,Hull,65,2026-01-18
2013,254,In Progress,Low,Software,21,2025-07-06
2014,826,Blocked,Medium,Comms,48,2026-03-26
2015,251,In Progress,Critical,Software,22,2025-08-31
2016,262,In Progress,Medium,Avionics,57,2026-06-01
2017,943,Blocked,Critical,Avionics,102,2026-01-01
2018,501,Closed,High,Power,108,2025-11-09
2019,114,Blocked,High,Hull,89,2025-08-08
2020,1014,Open,Critical,Hull,39,2026-03-18
2021,418,In Progress,Low,Comms,39,2025-11-27
2022,434,Blocked,High,Hydraulics,45,2025-12-13
2023,508,Open,Low,Comms,43,2025-08-11
2024,1014,Open,High,Software,19,2026-05-29
2025,941,Open,Medium,Software,35,2026-05-26
2026,1056,In Progress,Low,Hull,76,2025-08-27
2027,765,Blocked,Critical,Hull,24,2025-10-04
2028,526,In Progress,Medium,Software,13,2025-10-12
2029,834,Closed,Critical,Avionics,104,2026-03-17
2030,1067,Blocked,High,Avionics,52,2026-06-14
2031,1173,In Progress,High,Software,83,2026-03-07
2032,559,Open,High,Avionics,101,2026-06-12
2033,139,Blocked,Low,Hydraulics,110,2025-07-30
2034,997,Blocked,Critical,Software,25,2026-03-14
2035,715,In Progress,High,Avionics,118,2026-05-24
2036,3,Open,Low,Software,70,2026-05-17
2037,852,In Progress,Low,Hydraulics,98,2026-01-31
2038,503,Closed,High,Power,27,2026-02-21
2039,1083,Open,High,Avionics,12,2025-10-06
2040,666,Open,Critical,Hydraulics,39,2026-04-13
2041,939,Closed,High,Avionics,83,2026-02-05
2042,190,Blocked,Critical,Comms,21,2026-04-29
2043,788,Blocked,Medium,Power,117,2026-03-04
2044,663,Closed,High,Hydraulics,1,2025-10-27
2045,365,In Progress,Low,Power,91,2026-06-09
2046,514,In Progress,Critical,Hydraulics,85,2025-07-11
2047,512,Open,High,Hull,108,2026-04-30
2048,171,In Progress,Critical,Comms,38,2026-05-15
2049,470,Closed,High,Hull,117,2025-06-28
2050,128,Blocked,High,Hull,88,2026-03-23
2051,102,Closed,Low,Avionics,102,2026-01-13
2052,512,Open,Low,Hull,74,2025-07-02
2053,733,Closed,Low,Hydraulics,44,2025-07-04
2054,274,Blocked,Low,Comms,98,2026-03-28
2055,175,Open,Medium,Hydraulics,22,2026-04-29
2056,597,Closed,Low,Power,52,2025-09-27
2057,138,Open,Critical,Software,44,2026-06-08
2058,894,Open,High,Software,94,2025-11-28
2059,688,Open,High,Hydraulics,28,2025-09-03
2060,404,Closed,Critical,Power,94,2026-03-05
2061,26,Blocked,Medium,Software,103,2025-08-22
2062,138,Closed,High,Comms,98,2025-09-13
2063,655,Closed,Low,Comms,79,2025-12-13
2064,203,Closed,High,Software,22,2025-09-15
2065,1159,Blocked,Low,Hydraulics,95,2025-07-15
2066,623,In Progress,Medium,Avionics,105,2025-10-04
2067,1198,Open,Low,Comms,37,2026-02-03
2068,328,Open,High,Power,15,2025-10-08
2069,583,Open,Low,Hydraulics,105,2025-10-01
2070,1052,Closed,High,Software,75,2026-01-31
2071,389,Blocked,Low,Hydraulics,53,2025-08-01
2072,659,Open,Medium,Avionics,107,2025-12-21
2073,333,Open,Low,Hull,39,2026-05-10
2074,88,Open,Medium,Software,116,2026-04-30
2075,1037,Blocked,High,Hull,80,2025-11-07
2076,1031,Closed,Critical,Power,80,2026-04-21
2077,609,In Progress,Low,Hull,24,2026-03-21
2078,256,Closed,Medium,Hull,114,2026-03-30
2079,670,Closed,Low,Power,35,2025-12-05
2080,1182,Blocked,Low,Hydraulics,102,2026-04-24
2081,307,Open,Low,Avionics,13,2026-02-12
2082,391,Blocked,Low,Hydraulics,28,2026-03-11
2083,210,Closed,High,Software,99,2026-05-28
2084,350,Blocked,Medium,Hydraulics,70,2026-03-09
2085,514,In Progress,Low,Hydraulics,113,2026-06-03
2086,516,In Progress,Critical,Hull,62,2026-02-06
2087,168,In Progress,Medium,Avionics,18,2025-08-20
2088,642,Blocked,Medium,Hydraulics,31,2025-06-29
2089,1100,Closed,Critical,Avionics,105,2025-07-24
2090,918,Closed,Critical,Avionics,40,2025-08-05
2091,276,Closed,Medium,Comms,91,2026-05-08
2092,874,Closed,Critical,Power,7,2025-12-31
2093,1105,Closed,Critical,Hydraulics,10,2025-08-04
2094,82,Blocked,Critical,Hydraulics,102,2026-03-02
2095,599,Open,Low,Hydraulics,107,2026-05-09
2096,448,Blocked,Low,Avionics,3,2026-05-12
2097,1010,Blocked,Medium,Hull,103,2026-03-23
2098,282,Blocked,High,Hydraulics,56,2026-06-11
2099,710,Open,High,Hull,96,2026-03-11
2100,1090,In Progress,Medium,Hull,109,2025-12-12
2101,890,Blocked,Medium,Comms,24,2026-01-10
2102,450,In Progress,Low,Software,74,2025-09-11
2103,391,In Progress,Critical,Comms,81,2025-09-07
2104,341,Closed,Critical,Software,3,2025-09-24
2105,980,Blocked,Low,Hydraulics,84,2025-07-09
2106,476,Closed,High,Comms,30,2026-04-29
2107,162,In Progress,High,Avionics,106,2026-05-23
2108,166,In Progress,Critical,Comms,11,2026-01-17
2109,392,In Progress,High,Power,91,2026-04-11
2110,958,Blocked,Low,Avionics,105,2026-01-30
2111,962,Closed,Low,Hull,48,2025-11-17
2112,13,Blocked,High,Comms,74,2026-02-07
2113,819,Blocked,Medium,Hull,49,2026-02-03
2114,1034,Closed,Critical,Hydraulics,99,2025-07-20
2115,145,Open,Medium,Power,117,2025-11-08
2116,1186,Open,High,Software,100,2025-08-18
2117,527,Blocked,High,Power,96,2025-07-20
2118,351,Blocked,Medium,Software,43,2025-10-23
2119,690,In Progress,Low,Hydraulics,91,2025-07-05
2120,71,Open,High,Power,38,2025-11-18
2121,198,In Progress,Critical,Comms,89,2026-05-20
2122,726,Open,Low,Avionics,77,2025-12-27
2123,842,Blocked,Critical,Power,14,2026-02-23
2124,472,In Progress,Critical,Hull,97,2026-03-28
2125,729,Blocked,Low,Comms,4,2025-11-23
2126,516,Closed,Low,Hydraulics,64,2026-04-18
2127,292,In Progress,Medium,Power,18,2026-05-19
2128,860,Closed,Critical,Avionics,91,2025-09-03
2129,407,In Progress,Medium,Comms,106,2025-12-20
2130,1117,In Progress,Low,Software,11,2026-02-26
2131,904,In Progress,Low,Power,111,2025-11-27
2132,630,Blocked,Critical,Hydraulics,106,2025-07-22
2133,246,In Progress,Low,Hull,96,2026-05-05
2134,650,In Progress,Critical,Hull,115,2025-12-03
2135,446,Open,Low,Power,78,2025-08-20
2136,422,Open,Medium,Avionics,69,2026-01-12
2137,1032,In Progress,Critical,Hydraulics,7,2026-01-11
2138,885,Blocked,High,Comms,107,2025-08-27
2139,54,In Progress,Low,Software,13,2026-02-25
2140,1044,In Progress,Low,Comms,54,2026-05-01
2141,610,Open,High,Comms,5,2026-03-31
2142,92,Open,Medium,Software,20,2025-12-13
2143,624,Blocked,Low,Avionics,70,2026-03-07
2144,179,Open,Critical,Hydraulics,67,2025-12-08
2145,537,Open,Critical,Hull,82,2026-02-15
2146,1127,Closed,Critical,Comms,102,2026-03-18
2147,393,Open,Medium,Power,73,2025-12-12
2148,1176,Open,Critical,Hydraulics,86,2025-06-21
2149,263,Blocked,Low,Hydraulics,83,2025-08-02
2150,638,Blocked,Critical,Hydraulics,93,2026-02-08
2151,420,Blocked,High,Hydraulics,14,2026-01-13
2152,89,Blocked,Critical,Avionics,112,2025-11-18
2153,93,Blocked,Low,Hull,1,2025-08-14
2154,135,Blocked,Low,Avionics,26,2025-09-25
2155,250,Blocked,Medium,Power,43,2025-10-17
2156,933,In Progress,High,Avionics,93,2025-11-25
2157,968,In Progress,Medium,Comms,30,2026-06-13
2158,732,Closed,Critical,Hydraulics,85,2025-09-30
2159,175,Closed,Critical,Avionics,91,2025-08-27
2160,1071,Closed,Critical,Hull,55,2026-02-27
2161,976,Blocked,Critical,Avionics,28,2025-06-20
2162,1025,Closed,Critical,Comms,10,2026-01-24
2163,264,Open,Medium,Software,74,2025-12-15
2164,458,In Progress,Critical,Avionics,36,2026-02-04
2165,1038,In Progress,Critical,Avionics,36,2025-07-01
2166,740,Blocked,Low,Power,44,2026-06-12
2167,1027,Open,Critical,Comms,95,2026-06-04
2168,935,Blocked,Medium,Avionics,69,2025-11-18
2169,1138,Closed,Low,Software,85,2026-05-30
2170,825,Open,High,Hydraulics,81,2026-04-17
2171,220,Closed,High,Power,66,2025-10-07
2172,679,Open,Medium,Software,82,2026-01-20
2173,667,Closed,Medium,Comms,18,2026-02-12
2174,68,Blocked,High,Power,77,2026-04-25
2175,392,In Progress,Medium,Hull,11,2025-11-15
2176,1155,Blocked,High,Avionics,53,2026-02-07
2177,467,Closed,High,Hull,2,2026-04-13
2178,288,Closed,Low,Comms,10,2025-10-05
2179,728,Closed,Medium,Software,85,2026-02-09
2180,572,Open,Medium,Comms,115,2025-12-11
2181,710,Blocked,High,Comms,44,2025-09-24
2182,449,Blocked,High,Power,120,2026-03-03
2183,74,Closed,Critical,Hull,60,2026-02-27
2184,1031,In Progress,Medium,Avionics,98,2025-06-19
2185,65,Closed,Low,Hydraulics,87,2026-03-07
2186,19,Open,High,Software,40,2025-08-07
2187,1013,Open,Low,Hydraulics,38,2025-11-02
2188,825,Closed,Low,Power,86,2026-04-26
2189,1008,Blocked,Low,Avionics,114,2025-11-10
2190,48,Closed,High,Hull,62,2025-12-05
2191,168,Blocked,Critical,Power,20,2026-02-08
2192,888,Blocked,Medium,Power,106,2025-08-31
2193,1020,Blocked,Low,Software,71,2025-10-28
2194,849,Open,Critical,Avionics,104,2026-06-06
2195,33,Closed,Low,Hull,100,2026-03-13
2196,29,In Progress,Medium,Hydraulics,42,2025-12-13
2197,949,Blocked,Low,Comms,38,2025-10-29
2198,460,Closed,Low,Hydraulics,18,2026-04-26
2199,631,Closed,Critical,Software,73,2025-10-14
2200,989,Open,High,Hydraulics,82,2026-03-01
2201,117,In Progress,High,Software,13,2026-05-10
2202,951,In Progress,Critical,Power,52,2026-05-06
2203,1175,Blocked,Medium,Hull,3,2025-09-03
2204,579,Open,Low,Comms,25,2026-01-14
2205,122,Closed,Low,Power,32,2025-09-20
2206,279,Open,Medium,Power,119,2026-05-30
2207,732,Blocked,Critical,Avionics,66,2025-09-30
2208,256,Closed,Medium,Power,77,2025-06-23
2209,166,Open,Critical,Avionics,32,2025-12-18
2210,556,Closed,Medium,Power,26,2025-09-06
2211,317,Closed,High,Comms,61,2025-08-10
2212,607,Blocked,Low,Hydraulics,49,2025-10-21
2213,283,Open,High,Comms,86,2025-12-02
2214,318,Open,Medium,Avionics,106,2025-06-23
2215,690,Open,High,Comms,9,2025-07-14
2216,233,In Progress,Low,Avionics,49,2025-08-15
2217,24,Open,Critical,Hydraulics,95,2025-11-07
2218,824,Open,Medium,Avionics,47,2026-03-18
2219,264,Open,Medium,Comms,40,2026-02-24
2220,543,Closed,Medium,Hull,84,2025-10-31
2221,501,In Progress,High,Software,34,2026-03-21
2222,279,Closed,High,Avionics,16,2026-01-11
2223,839,Blocked,Low,Comms,98,2026-04-18
2224,1170,Blocked,High,Comms,19,2025-10-10
2225,847,Blocked,Low,Power,41,2026-06-05
2226,430,Blocked,Critical,Software,20,2026-02-08
2227,823,Blocked,Medium,Avionics,69,2025-11-25
2228,219,Blocked,High,Avionics,24,2025-07-22
2229,393,In Progress,Medium,Power,72,2026-03-25
2230,759,Blocked,Medium,Software,8,2025-08-11
2231,423,In Progress,High,Software,67,2026-06-01
2232,62,Open,High,Hull,41,2025-11-17
2233,94,Open,Critical,Software,88,2025-08-09
2234,924,Blocked,Medium,Power,101,2026-02-12
2235,604,Blocked,Medium,Hydraulics,36,2025-12-13
2236,970,Closed,Critical,Hull,33,2025-11-20
2237,585,Closed,High,Power,102,2025-08-29
2238,503,Blocked,Low,Hull,37,2026-01-05
2239,109,Closed,Low,Avionics,50,2026-04-06
2240,1164,Closed,Medium,Power,70,2026-06-04
2241,890,Closed,Medium,Power,104,2025-07-08
2242,748,Closed,Medium,Hull,76,2026-06-03
2243,467,Blocked,High,Comms,103,2025-07-09
2244,778,Open,Low,Hydraulics,16,2025-08-08
2245,46,Open,High,Hull,21,2025-10-10
2246,739,Blocked,High,Comms,26,2026-03-25
2247,892,Open,Low,Hull,8,2026-03-05
2248,1175,In Progress,Medium,Comms,96,2026-02-19
2249,518,Open,Critical,Hull,73,2025-11-20
2250,294,In Progress,Critical,Power,86,2025-07-28
2251,214,Blocked,Critical,Hydraulics,16,2025-12-01
2252,808,In Progress,Low,Hydraulics,48,2026-01-17
2253,121,Blocked,Medium,Hydraulics,87,2026-01-21
2254,1042,Blocked,High,Hydraulics,59,2026-04-18
2255,1141,In Progress,High,Comms,119,2026-01-26
2256,498,Open,Critical,Hull,76,2026-01-23
2257,542,Blocked,Critical,Power,119,2026-02-12
2258,628,Blocked,High,Hull,94,2026-03-20
2259,1039,In Progress,Low,Hull,93,2026-03-31
2260,396,Closed,Low,Comms,112,2025-09-06
2261,590,Closed,Medium,Comms,14,2026-04-03
2262,1084,In Progress,Medium,Hydraulics,120,2026-03-23
2263,574,In Progress,Low,Hydraulics,77,2025-09-14
2264,428,In Progress,Critical,Hull,50,2025-08-27
2265,210,Closed,Critical,Power,91,2025-08-27
2266,63,Open,High,Power,94,2025-11-26
2267,798,Blocked,High,Avionics,11,2025-11-20
2268,335,In Progress,Critical,Software,11,2025-12-21
2269,252,Blocked,Low,Avionics,18,2026-01-04
2270,269,Open,Medium,Hull,100,2026-04-03
2271,598,Blocked,High,Hydraulics,102,2025-12-24
2272,1078,Closed,Medium,Hull,63,2026-04-01
2273,987,In Progress,High,Hydraulics,80,2025-08-10
2274,431,Blocked,High,Hydraulics,117,2025-12-21
2275,470,In Progress,Critical,Comms,101,2026-06-02
2276,273,In Progress,Critical,Software,54,2025-09-01
2277,1185,Open,Medium,Power,16,2026-04-30
2278,85,In Progress,Low,Hull,1,2025-11-22
2279,1003,In Progress,Critical,Avionics,33,2025-12-30
2280,397,Closed,High,Software,86,2026-05-15
2281,784,In Progress,High,Hull,9,2025-11-02
2282,740,Closed,High,Hydraulics,15,2025-08-21
2283,54,In Progress,High,Avionics,72,2025-08-07
2284,1163,Open,Medium,Software,59,2025-10-16
2285,455,Blocked,Low,Avionics,61,2025-12-13
2286,430,Closed,Medium,Hull,109,2026-04-15
2287,467,In Progress,Low,Software,61,2026-01-23
2288,395,Open,High,Comms,40,2026-03-03
2289,1060,Open,High,Hydraulics,88,2026-01-27
2290,930,Open,High,Software,20,2025-12-09
2291,844,Open,Low,Software,8,2026-06-07
2292,967,In Progress,Medium,Avionics,72,2025-09-09
2293,979,In Progress,Low,Avionics,67,2026-02-02
2294,1197,Blocked,High,Hydraulics,32,2025-08-04
2295,663,Open,Critical,Hydraulics,31,2026-01-14
2296,430,Blocked,Low,Software,117,2025-12-24
2297,1057,Blocked,Critical,Avionics,59,2025-11-01
2298,739,Open,Critical,Hydraulics,22,2025-12-22
2299,403,Open,Low,Hull,111,2026-05-20
2300,7,Open,High,Hull,44,2026-01-20
2301,25,Blocked,Medium,Avionics,29,2025-06-28
2302,50,Closed,Low,Software,81,2025-08-27
2303,1119,Closed,Critical,Comms,45,2025-09-01
2304,1057,Blocked,Critical,Power,88,2025-09-30
2305,1109,Open,High,Software,44,2026-01-19
2306,1178,Blocked,Low,Power,6,2026-04-18
2307,608,In Progress,Critical,Hydraulics,51,2026-01-28
2308,845,Closed,High,Hydraulics,58,2025-10-23
2309,365,Blocked,Critical,Avionics,70,2025-12-31
2310,256,In Progress,High,Avionics,40,2025-12-03
2311,463,Blocked,High,Avionics,88,2026-06-16
2312,531,In Progress,Critical,Avionics,63,2025-08-12
2313,791,In Progress,High,Power,78,2026-02-13
2314,413,Open,High,Hull,101,2025-11-22
2315,774,Blocked,Critical,Avionics,57,2025-12-29
2316,1139,Blocked,Critical,Software,41,2026-05-10
2317,915,Open,High,Avionics,7,2025-11-28
2318,810,Closed,Critical,Comms,20,2025-11-24
2319,879,Open,High,Software,58,2026-03-14
2320,484,Blocked,Critical,Hydraulics,59,2025-11-26
2321,969,Open,Low,Hydraulics,36,2026-03-26
2322,1178,Open,Medium,Hull,95,2026-04-24
2323,545,In Progress,High,Power,32,2026-06-03
2324,899,Blocked,Low,Hull,1,2026-02-16
2325,600,Closed,Low,Comms,76,2025-09-08
2326,412,Blocked,Critical,Avionics,103,2026-01-22
2327,1043,Blocked,Critical,Hull,101,2025-07-14
2328,1188,Closed,Medium,Comms,116,2026-06-15
2329,286,In Progress,Low,Comms,93,2026-06-10
2330,326,In Progress,Critical,Power,100,2025-07-03
2331,1017,In Progress,Low,Power,50,2026-02-10
2332,991,Open,Medium,Hydraulics,110,2025-11-23
2333,511,Open,Low,Software,100,2026-05-14
2334,700,Blocked,Critical,Software,15,2025-12-17
2335,753,In Progress,Medium,Comms,40,2026-03-31
2336,372,Closed,High,Hull,3,2026-05-09
2337,15,Blocked,Low,Hull,104,2025-09-08
2338,1102,Closed,Medium,Comms,78,2025-06-29
2339,95,Open,Medium,Hydraulics,116,2025-09-03
2340,551,In Progress,Low,Comms,52,2025-12-11
2341,693,In Progress,Medium,Software,66,2025-07-02
2342,662,Blocked,Critical,Software,114,2025-11-18
2343,909,Open,Critical,Comms,64,2026-06-07
2344,90,Open,Critical,Avionics,64,2025-08-07
2345,558,Open,Critical,Power,101,2025-07-29
2346,491,Closed,Medium,Avionics,7,2026-03-02
2347,569,Closed,Low,Power,115,2025-09-13
2348,582,Closed,Medium,Software,57,2025-09-27
2349,169,In Progress,Critical,Software,117,2026-01-05
2350,939,In Progress,Critical,Avionics,117,2025-12-06
2351,733,Closed,Critical,Power,107,2025-08-24
2352,13,Blocked,High,Power,107,2025-10-22
2353,1028,Closed,Critical,Avionics,68,2025-12-26
2354,306,Closed,High,Power,9,2025-09-24
2355,562,Closed,Medium,Software,47,2026-01-24
2356,479,Blocked,Low,Avionics,93,2026-01-27
2357,1031,In Progress,Critical,Hull,27,2026-04-13
2358,529,Open,Medium,Comms,21,2026-03-19
2359,280,In Progress,Medium,Software,112,2025-07-16
2360,1199,Open,Medium,Power,73,2025-08-07
2361,49,Closed,Low,Comms,106,2025-10-04
2362,252,In Progress,Medium,Comms,90,2025-11-10
2363,14,Blocked,High,Software,34,2026-05-27
2364,720,Closed,Critical,Hull,10,2026-06-06
2365,745,Open,High,Comms,60,2025-08-22
2366,778,Open,Critical,Power,41,2025-12-04
2367,856,Open,Medium,Avionics,52,2026-04-22
2368,636,Closed,High,Comms,52,2026-01-21
2369,1007,Closed,Critical,Power,105,2025-10-22
2370,971,Closed,Critical,Hull,111,2026-03-23
2371,516,Closed,Critical,Avionics,72,2026-04-07
2372,723,Open,Medium,Software,86,2026-02-13
2373,701,Closed,Medium,Power,43,2025-12-25
2374,657,Open,Medium,Hull,47,2025-06-29
2375,128,Closed,High,Software,18,2025-12-03
2376,1144,In Progress,Critical,Hull,47,2026-01-04
2377,613,In Progress,High,Hydraulics,1,2026-02-19
2378,883,Blocked,Low,Comms,6,2025-10-04
2379,849,Closed,Medium,Comms,30,2025-09-07
2380,1078,Blocked,Critical,Avionics,8,2026-02-08
2381,779,In Progress,Critical,Power,54,2026-02-25
2382,885,Open,Medium,Hydraulics,21,2025-12-25
2383,180,In Progress,High,Avionics,25,2026-05-01
2384,183,In Progress,Medium,Hydraulics,106,2025-06-20
2385,41,Open,Low,Avionics,103,2026-01-14
2386,1042,Open,High,Hull,46,2026-04-09
2387,516,Blocked,High,Software,64,2026-05-16
2388,655,In Progress,High,Comms,38,2025-11-20
2389,729,Closed,Medium,Avionics,44,2026-05-11
2390,154,In Progress,High,Hull,78,2026-05-23
2391,937,Blocked,High,Hull,91,2026-01-10
2392,1072,Blocked,Medium,Avionics,120,2026-03-30
2393,928,Closed,Medium,Comms,119,2026-06-08
2394,183,Blocked,Medium,Power,51,2026-02-07
2395,869,In Progress,Critical,Comms,27,2026-05-02
2396,1112,Closed,High,Comms,33,2025-10-09
2397,140,In Progress,Critical,Power,88,2025-06-22
2398,793,Open,Low,Software,79,2025-10-14
2399,1195,Closed,Low,Hydraulics,34,2026-05-01
2400,870,Closed,High,Hull,91,2026-01-27
2401,345,Closed,Medium,Comms,120,2025-10-08
2402,1100,In Progress,High,Hull,68,2026-03-19
2403,742,Closed,Low,Software,59,2026-03-16
2404,392,Closed,Critical,Software,94,2025-10-20
2405,100,Open,Low,Hydraulics,84,2026-01-24
2406,1013,Open,Low,Comms,101,2025-10-31
2407,641,Open,Medium,Hydraulics,70,2025-09-07
2408,931,Open,Medium,Hydraulics,16,2025-09-29
2409,749,Open,Low,Comms,36,2026-04-03
2410,721,In Progress,Critical,Power,105,2025-09-10
2411,555,In Progress,Critical,Hydraulics,5,2025-11-03
2412,193,Blocked,Critical,Hull,53,2025-10-02
2413,445,In Progress,Medium,Comms,46,2026-01-09
2414,75,Blocked,Medium,Hydraulics,94,2025-07-23
2415,270,In Progress,Critical,Power,31,2025-07-09
2416,1103,Blocked,Low,Avionics,31,2025-12-16
2417,110,Blocked,Critical,Power,110,2026-05-18
2418,1080,Open,High,Comms,36,2026-01-23
2419,327,In Progress,Low,Power,68,2025-11-26
2420,610,Blocked,Medium,Avionics,63,2025-08-07
2421,574,Open,High,Comms,77,2025-08-14
2422,435,In Progress,Medium,Software,7,2026-02-26
2423,1197,Open,Critical,Hydraulics,34,2025-10-07
2424,553,Blocked,Low,Hydraulics,12,2026-05-14
2425,50,Closed,Low,Hull,13,2026-03-10
2426,1142,In Progress,Medium,Comms,43,2025-07-17
2427,495,Closed,Medium,Hull,81,2026-06-13
2428,452,Closed,Critical,Power,44,2026-05-24
2429,527,Closed,Critical,Avionics,57,2025-09-11
2430,261,Blocked,Critical,Hull,29,2025-06-29
2431,692,Blocked,High,Software,119,2025-08-09
2432,219,Closed,High,Avionics,24,2025-06-21
2433,798,Closed,Critical,Avionics,44,2025-12-01
2434,506,In Progress,Medium,Software,35,2025-10-27
2435,368,Open,Critical,Hydraulics,9,2025-07-08
2436,709,Open,Low,Hydraulics,114,2026-04-22
2437,522,In Progress,Medium,Software,7,2026-04-20
2438,895,Closed,Medium,Software,110,2026-04-06
2439,1106,In Progress,High,Power,104,2026-06-11
2440,915,In Progress,Critical,Hydraulics,91,2026-01-26
2441,1158,In Progress,Low,Software,111,2026-03-22
2442,89,Closed,Medium,Avionics,89,2026-02-24
2443,225,Closed,Medium,Power,77,2026-02-25
2444,497,Blocked,High,Hull,86,2025-09-13
2445,180,In Progress,High,Avionics,102,2025-12-30
2446,184,In Progress,Critical,Hydraulics,5,2025-07-01
2447,802,Open,High,Avionics,1,2025-10-11
2448,566,In Progress,High,Hull,33,2025-09-17
2449,442,Blocked,Critical,Power,33,2025-09-12
2450,431,Closed,Medium,Software,12,2026-01-05
2451,518,In Progress,Medium,Comms,98,2026-02-08
2452,16,Closed,Low,Comms,20,2026-02-19
2453,339,Closed,Critical,Comms,65,2025-07-29
2454,490,In Progress,High,Hull,66,2025-11-22
2455,97,Blocked,Critical,Comms,62,2026-05-08
2456,218,In Progress,Low,Hydraulics,70,2025-07-12
2457,763,Open,Medium,Avionics,6,2026-03-22
2458,89,Closed,Low,Hydraulics,82,2026-05-06
2459,288,Closed,High,Comms,61,2025-12-15
2460,914,Blocked,High,Hull,48,2026-05-01
2461,1130,Open,Critical,Hull,22,2025-07-06
2462,1133,Closed,High,Comms,4,2025-11-10
2463,495,Blocked,High,Hull,82,2026-04-26
2464,444,In Progress,Medium,Comms,37,2026-05-13
2465,776,Closed,High,Software,37,2026-02-21
2466,134,Blocked,High,Comms,53,2026-05-30
2467,412,Open,High,Hull,41,2025-10-28
2468,1014,Blocked,Medium,Avionics,105,2026-05-05
2469,1055,Open,High,Comms,108,2025-10-21
2470,1024,Closed,Critical,Power,91,2026-01-10
2471,1160,Closed,High,Power,102,2026-04-29
2472,844,Open,Low,Comms,118,2026-05-09
2473,469,Closed,Medium,Comms,41,2025-08-13
2474,315,Closed,Medium,Comms,35,2025-08-08
2475,1057,In Progress,High,Avionics,2,2025-09-19
2476,1155,In Progress,Medium,Hydraulics,42,2025-10-11
2477,190,Blocked,High,Power,62,2026-05-27
2478,755,Closed,Medium,Comms,17,2025-10-18
2479,471,Closed,Critical,Hull,6,2025-09-02
2480,560,Blocked,Low,Hydraulics,120,2025-08-02
2481,880,In Progress,High,Avionics,24,2025-10-05
2482,967,Open,Low,Hydraulics,102,2026-06-06
2483,997,In Progress,Medium,Software,72,2026-06-11
2484,293,Open,Low,Software,100,2025-10-07
2485,411,In Progress,High,Power,115,2026-03-23
2486,390,In Progress,Medium,Software,82,2025-08-25
2487,757,Open,Low,Comms,87,2026-04-05
2488,626,In Progress,Critical,Software,34,2026-01-11
2489,53,Closed,Critical,Comms,83,2025-10-31
2490,673,Open,Medium,Software,60,2025-07-18
2491,1103,Blocked,Medium,Hull,52,2025-11-27
2492,938,Open,Low,Hull,65,2026-01-08
2493,320,Blocked,High,Hull,56,2025-08-28
2494,804,Blocked,Critical,Comms,72,2026-05-25
2495,455,Open,Critical,Comms,73,2025-09-12
2496,634,Closed,Medium,Software,21,2025-07-15
2497,730,Blocked,Low,Power,75,2025-11-22
2498,371,Closed,High,Hydraulics,74,2025-10-14
2499,977,Closed,Medium,Hull,73,2026-05-15
2500,300,In Progress,Medium,Power,58,2025-12-09
2501,326,In Progress,Critical,Comms,39,2025-10-22
2502,846,Closed,Medium,Avionics,94,2026-02-12
2503,554,In Progress,Critical,Hydraulics,100,2026-03-22
2504,494,Blocked,High,Hull,54,2026-01-21
2505,815,Open,Low,Power,13,2026-03-02
2506,611,Open,Critical,Software,7,2025-06-21
2507,776,In Progress,Critical,Software,105,2025-11-21
2508,1125,Closed,Critical,Software,22,2026-04-11
2509,557,Blocked,High,Avionics,97,2025-11-14
2510,504,Open,High,Software,55,2025-07-27
2511,664,Open,Critical,Hydraulics,86,2026-03-30
2512,614,Open,High,Software,70,2026-04-07
2513,467,Open,Medium,Software,32,2025-12-23
2514,1116,Open,Low,Hull,75,2025-12-10
2515,391,Closed,High,Hull,75,2025-07-01
2516,140,In Progress,Medium,Hull,64,2026-04-07
2517,508,Open,Low,Comms,113,2026-02-08
2518,324,Open,Medium,Avionics,50,2025-07-10
2519,441,Blocked,Low,Hydraulics,4,2026-04-15
2520,13,In Progress,Medium,Software,13,2026-06-10
2521,746,In Progress,Medium,Avionics,119,2026-02-22
2522,400,Closed,Medium,Comms,98,2026-01-13
2523,445,Blocked,Low,Avionics,76,2026-01-22
2524,1134,Open,Medium,Hydraulics,63,2026-04-16
2525,94,In Progress,Medium,Avionics,71,2025-08-09
2526,874,In Progress,Critical,Avionics,107,2025-09-25
2527,231,Blocked,Medium,Software,3,2025-08-04
2528,502,Closed,Low,Hull,82,2025-11-24
2529,656,Open,Critical,Avionics,90,2026-06-16
2530,12,Open,Low,Hull,49,2025-12-23
2531,702,In Progress,Medium,Power,109,2026-01-22
2532,633,Blocked,Medium,Hydraulics,101,2026-01-14
2533,1046,Open,Critical,Power,117,2026-01-09
2534,149,Blocked,High,Comms,64,2025-08-05
2535,624,Open,Critical,Avionics,60,2026-01-13
2536,120,Open,Critical,Hydraulics,62,2026-05-25
2537,289,Open,Medium,Power,7,2025-06-19
2538,96,Open,Medium,Software,120,2026-02-06
2539,414,Open,High,Hydraulics,108,2026-01-04
2540,420,Open,Medium,Hull,86,2025-07-07
2541,26,Blocked,Low,Software,112,2025-08-08
2542,440,Blocked,Medium,Comms,10,2025-12-17
2543,1119,In Progress,Medium,Comms,95,2025-07-04
2544,718,Closed,Medium,Hull,21,2025-11-03
2545,740,Open,Medium,Hydraulics,12,2025-07-06
2546,452,Open,Low,Hull,60,2026-05-24
2547,1156,Blocked,High,Hydraulics,68,2026-03-15
2548,441,Closed,Medium,Hull,87,2026-01-11
2549,55,Open,Low,Hull,58,2025-08-10
2550,1036,Open,Low,Hull,119,2025-11-13
2551,960,In Progress,Critical,Software,1,2025-09-20
2552,368,Open,High,Power,25,2026-03-10
2553,1039,Blocked,Critical,Hydraulics,56,2025-10-24
2554,907,Open,Medium,Hydraulics,22,2026-06-16
2555,84,Open,High,Hull,88,2026-01-10
2556,693,Open,Medium,Power,87,2025-10-13
2557,25,In Progress,High,Avionics,78,2026-01-26
2558,1069,Open,High,Avionics,86,2026-01-04
2559,702,Closed,Low,Power,102,2026-01-02
2560,655,Blocked,Low,Software,41,2025-09-24
2561,336,Closed,High,Hull,58,2026-06-02
2562,128,Closed,Medium,Software,33,2026-01-19
2563,894,Closed,Critical,Avionics,94,2025-09-13
2564,15,Open,Medium,Comms,58,2026-05-27
2565,805,Blocked,High,Avionics,44,2026-04-15
2566,1045,Blocked,Medium,Power,92,2025-10-23
2567,16,Closed,Low,Hydraulics,57,2025-10-07
2568,343,Closed,Critical,Hydraulics,120,2025-07-12
2569,282,Open,Medium,Avionics,109,2026-03-25
2570,1121,In Progress,Medium,Avionics,47,2026-05-13
2571,222,In Progress,Low,Avionics,106,2026-02-06
2572,396,Open,High,Hull,115,2026-05-26
2573,401,Open,Critical,Avionics,114,2026-02-22
2574,81,Open,High,Hydraulics,39,2025-10-31
2575,85,Blocked,Critical,Avionics,9,2025-12-20
2576,961,Closed,High,Avionics,93,2025-10-06
2577,182,Open,Critical,Comms,51,2025-12-06
2578,557,Closed,High,Software,56,2025-10-17
2579,1045,In Progress,Critical,Comms,85,2025-11-02
2580,184,Blocked,Medium,Avionics,58,2025-09-07
2581,52,Blocked,High,Software,88,2026-04-26
2582,165,Open,Medium,Software,8,2026-05-21
2583,255,Blocked,Low,Power,90,2025-07-04
2584,834,Closed,Critical,Hull,57,2025-10-30
2585,853,Blocked,Low,Hydraulics,35,2026-06-15
2586,1157,Open,Critical,Avionics,62,2026-01-16
2587,80,Open,Medium,Hull,55,2026-06-16
2588,628,Open,High,Hull,112,2025-09-24
2589,956,In Progress,Low,Hydraulics,86,2025-11-06
2590,422,Blocked,Low,Comms,45,2025-07-26
2591,472,Closed,High,Software,112,2025-06-20
2592,333,Closed,Critical,Comms,18,2025-07-22
2593,661,In Progress,Medium,Avionics,80,2026-04-19
2594,724,Blocked,Medium,Software,73,2026-05-14
2595,1138,In Progress,Critical,Power,91,2026-02-17
2596,1029,In Progress,Critical,Hull,22,2026-03-08
2597,390,Blocked,Medium,Comms,61,2026-05-17
2598,33,Blocked,Medium,Avionics,115,2025-07-06
2599,498,Closed,Critical,Hydraulics,92,2025-11-08
2600,1083,Closed,High,Power,69,2025-10-31
2601,586,In Progress,High,Comms,59,2025-11-01
2602,509,Blocked,Medium,Comms,98,2026-04-18
2603,805,In Progress,High,Comms,31,2026-04-21
2604,159,Closed,Critical,Hull,22,2026-04-15
2605,319,In Progress,Critical,Power,111,2025-06-27
2606,463,Blocked,Medium,Avionics,50,2025-10-22
2607,324,Open,Low,Hull,55,2025-06-24
2608,399,Blocked,Medium,Avionics,15,2025-12-20
2609,537,Open,Medium,Power,51,2025-10-26
2610,402,Blocked,High,Hydraulics,112,2025-10-31
2611,852,Closed,Medium,Hydraulics,103,2025-12-01
2612,1082,In Progress,Critical,Hydraulics,25,2025-10-15
2613,747,Open,Critical,Power,36,2025-12-30
2614,546,Blocked,High,Comms,16,2026-01-12
2615,628,Blocked,Medium,Power,120,2026-04-14
2616,302,Open,Low,Avionics,60,2025-12-07
2617,696,Blocked,High,Power,73,2026-02-27
2618,681,Blocked,Critical,Hydraulics,98,2025-09-15
2619,166,In Progress,High,Comms,99,2025-07-22
2620,615,In Progress,Critical,Software,15,2026-01-22
2621,752,In Progress,Low,Software,15,2025-12-11
2622,252,Blocked,Critical,Hull,83,2025-09-07
2623,356,Closed,High,Power,23,2025-08-11
2624,1027,In Progress,Critical,Power,57,2026-01-09
2625,419,In Progress,High,Comms,117,2026-01-19
2626,1082,Blocked,Critical,Comms,73,2026-03-01
2627,243,In Progress,High,Avionics,8,2025-10-13
2628,952,Open,High,Power,48,2025-08-11
2629,155,Blocked,Medium,Hull,114,2026-02-25
2630,1165,In Progress,Medium,Avionics,44,2026-03-23
2631,954,Blocked,Medium,Power,95,2026-01-09
2632,403,Open,Low,Comms,65,2026-05-21
2633,188,Blocked,Medium,Hull,39,2025-11-05
2634,489,Closed,Critical,Hydraulics,40,2026-04-22
2635,422,Open,Low,Power,81,2026-01-19
2636,852,Closed,Low,Hull,95,2025-06-26
2637,798,Open,Low,Hull,104,2025-11-30
2638,847,Closed,Medium,Power,78,2026-05-13
2639,210,Open,Medium,Software,117,2025-09-24
2640,1006,Closed,Low,Power,2,2025-07-13
2641,870,Blocked,Low,Hull,11,2026-03-22
2642,717,Open,Low,Avionics,116,2026-04-30
2643,338,Open,High,Hydraulics,94,2025-08-24
2644,392,Closed,Low,Avionics,1,2026-02-18
2645,521,In Progress,Low,Hull,22,2025-09-08
2646,1143,In Progress,Critical,Comms,18,2025-07-16
2647,232,Open,Medium,Software,51,2025-07-14
2648,164,Blocked,High,Hydraulics,48,2026-02-02
2649,76,Closed,Critical,Hull,80,2025-07-04
2650,928,In Progress,High,Avionics,120,2025-11-23
2651,127,Blocked,Low,Avionics,36,2025-11-16
2652,553,Blocked,Medium,Hull,2,2026-02-17
2653,975,Closed,Medium,Hydraulics,32,2025-09-10
2654,1093,Open,Critical,Comms,46,2025-11-28
2655,1186,In Progress,High,Software,91,2026-06-14
2656,660,Closed,High,Power,85,2026-05-23
2657,964,In Progress,Critical,Hull,90,2025-07-26
2658,1032,In Progress,Medium,Avionics,44,2025-09-05
2659,644,Closed,Critical,Software,61,2026-04-25
2660,1095,Closed,Medium,Hull,56,2025-09-16
2661,33,Blocked,Critical,Comms,81,2026-01-26
2662,205,Blocked,Low,Software,28,2026-06-10
2663,559,Blocked,Low,Avionics,99,2025-09-13
2664,575,Open,Medium,Hydraulics,44,2026-06-15
2665,889,In Progress,Low,Software,46,2025-10-30
2666,1130,Closed,Critical,Hull,92,2025-08-15
2667,31,In Progress,Critical,Power,40,2025-12-13
2668,959,Open,Critical,Hull,42,2026-05-19
2669,168,Open,Medium,Avionics,12,2026-04-03
2670,1025,In Progress,High,Hull,22,2025-08-31
2671,281,Blocked,Critical,Comms,37,2025-11-04
2672,213,In Progress,Low,Power,45,2026-04-05
2673,1193,Open,High,Software,45,2026-03-13
2674,480,Closed,High,Power,31,2025-08-21
2675,689,Blocked,Medium,Comms,32,2025-11-25
2676,964,Blocked,Critical,Avionics,106,2026-02-03
2677,916,Blocked,Critical,Power,59,2026-04-06
2678,458,Blocked,Critical,Software,104,2025-11-16
2679,723,Blocked,Medium,Avionics,22,2025-11-11
2680,350,Blocked,High,Hull,59,2026-05-11
2681,106,Closed,Low,Power,99,2026-01-04
2682,348,Closed,Medium,Software,97,2025-11-15
2683,359,Closed,High,Power,113,2025-12-27
2684,332,Closed,Medium,Hull,33,2026-03-16
2685,1198,In Progress,Low,Avionics,105,2026-06-01
2686,459,Blocked,High,Avionics,57,2026-05-18
2687,2,Blocked,Low,Avionics,44,2025-07-01
2688,1169,In Progress,Low,Power,19,2025-07-05
2689,850,Closed,High,Power,29,2025-10-26
2690,1113,Open,High,Comms,26,2026-01-06
2691,988,In Progress,Critical,Power,21,2026-02-12
2692,583,Open,Critical,Power,17,2026-05-19
2693,890,Open,Medium,Power,8,2026-02-27
2694,1047,In Progress,High,Avionics,51,2025-09-03
2695,504,Blocked,Medium,Hull,10,2025-07-29
2696,142,Closed,Critical,Hydraulics,58,2025-12-05
2697,295,Closed,Medium,Power,78,2025-10-30
2698,387,Open,Medium,Power,14,2026-05-08
2699,136,Open,Critical,Hull,7,2026-05-16
2700,503,In Progress,Medium,Avionics,65,2026-04-24
2701,766,Blocked,High,Avionics,68,2025-09-23
2702,618,Closed,Medium,Comms,103,2026-02-21
2703,881,In Progress,Low,Comms,3,2026-06-12
2704,408,In Progress,Low,Hull,117,2026-03-16
2705,1134,In Progress,Low,Comms,117,2026-06-06
2706,137,In Progress,Low,Hull,63,2025-11-29
2707,847,Closed,Critical,Hull,59,2025-07-25
2708,492,Blocked,Critical,Hull,49,2026-02-04
2709,638,Blocked,High,Power,43,2026-06-02
2710,120,Blocked,Medium,Software,15,2025-11-29
2711,678,In Progress,High,Power,99,2026-06-04
2712,228,Open,Low,Hydraulics,49,2026-03-04
2713,419,Blocked,High,Hydraulics,31,2025-09-24
2714,101,In Progress,Medium,Comms,32,2026-05-21
2715,387,In Progress,Low,Power,87,2026-05-18
2716,144,Blocked,High,Power,96,2026-04-04
2717,59,Open,Critical,Hydraulics,49,2026-05-04
2718,513,Closed,Low,Hydraulics,103,2026-06-09
2719,866,Closed,Low,Hull,37,2026-05-01
2720,218,Open,High,Comms,106,2025-07-28
2721,609,Closed,High,Hull,21,2026-02-16
2722,220,Blocked,Critical,Software,32,2026-04-20
2723,523,Closed,Medium,Comms,113,2026-06-10
2724,1186,In Progress,Critical,Avionics,23,2026-04-19
2725,1195,Open,High,Hull,73,2026-05-31
2726,671,In Progress,Critical,Power,22,2025-09-23
2727,69,In Progress,Medium,Comms,103,2025-11-12
2728,740,Closed,Medium,Hull,99,2026-05-07
2729,229,Blocked,Medium,Software,24,2026-02-12
2730,1100,Open,High,Software,86,2025-10-19
2731,615,Open,High,Hull,87,2025-07-27
2732,684,Blocked,Low,Power,108,2025-07-21
2733,807,Blocked,High,Hull,33,2025-06-18
2734,659,In Progress,Medium,Software,1,2026-04-17
2735,62,Open,High,Power,22,2026-05-18
2736,621,Closed,Medium,Hull,69,2025-11-15
2737,749,Blocked,High,Hull,114,2025-08-07
2738,20,Closed,Low,Hull,77,2025-11-08
2739,710,Open,Low,Comms,39,2025-11-20
2740,770,Open,Critical,Comms,120,2026-01-04
2741,468,Closed,Critical,Hydraulics,98,2025-10-01
2742,704,In Progress,Low,Software,90,2026-03-30
2743,58,Blocked,Low,Comms,10,2026-02-15
2744,946,Open,Critical,Comms,64,2025-09-10
2745,495,Closed,High,Avionics,87,2026-05-01
2746,509,Closed,Low,Avionics,29,2026-02-22
2747,611,Closed,Low,Software,80,2025-09-05
2748,262,Closed,Low,Power,45,2026-05-22
2749,986,In Progress,High,Hull,45,2025-12-15
2750,592,In Progress,Medium,Hydraulics,98,2025-11-22
2751,1151,Closed,Critical,Comms,116,2026-01-23
2752,1029,Open,High,Power,88,2026-05-07
2753,107,Closed,Critical,Software,120,2026-01-28
2754,1041,Blocked,Low,Power,96,2025-07-03
2755,959,Blocked,Low,Power,107,2026-02-13
2756,852,Open,Critical,Hull,54,2025-09-25
2757,1147,Open,High,Software,31,2026-05-19
2758,862,Closed,Medium,Power,53,2026-04-04
2759,29,Blocked,High,Power,16,2025-09-10
2760,847,Open,Low,Hydraulics,27,2026-04-05
2761,685,In Progress,Critical,Hydraulics,17,2025-07-24
2762,535,Open,High,Software,20,2025-11-20
2763,765,Closed,Critical,Avionics,76,2025-08-23
2764,264,In Progress,Low,Comms,91,2025-11-20
2765,880,Blocked,Critical,Software,108,2025-09-23
2766,795,Blocked,Critical,Software,62,2026-04-21
2767,1170,In Progress,Critical,Avionics,74,2026-01-27
2768,871,Open,Medium,Power,21,2025-07-26
2769,1014,Blocked,Low,Comms,27,2026-02-08
2770,797,In Progress,Medium,Power,105,2025-07-22
2771,1154,Closed,Low,Power,18,2025-11-04
2772,482,Open,Low,Hydraulics,62,2025-08-14
2773,577,Open,Critical,Avionics,63,2025-12-22
2774,800,Open,Medium,Software,12,2025-11-11
2775,1169,In Progress,Critical,Hull,88,2026-03-04
2776,35,Blocked,High,Hydraulics,104,2025-12-30
2777,796,Closed,Low,Hydraulics,23,2025-07-08
2778,395,Closed,Low,Hydraulics,45,2025-10-31
2779,855,In Progress,Critical,Comms,95,2025-08-31
2780,723,Closed,Critical,Power,51,2025-07-18
2781,593,Blocked,Medium,Avionics,1,2025-10-26
2782,611,Open,Low,Hydraulics,110,2026-02-01
2783,327,In Progress,Critical,Avionics,28,2025-07-15
2784,262,In Progress,High,Comms,57,2026-06-09
2785,624,In Progress,Critical,Comms,102,2025-10-21
2786,666,In Progress,Medium,Power,108,2025-07-28
2787,847,Open,Low,Software,66,2025-07-26
2788,310,In Progress,Low,Software,1,2025-11-26
2789,880,Closed,High,Hydraulics,85,2025-06-18
2790,138,In Progress,High,Comms,86,2025-12-11
2791,132,Open,Low,Comms,120,2025-09-30
2792,336,Closed,Low,Hull,102,2025-08-24
2793,62,Closed,Medium,Hull,50,2025-10-06
2794,806,Closed,Medium,Comms,93,2026-06-08
2795,623,In Progress,Critical,Software,10,2026-01-13
2796,505,Closed,Medium,Power,75,2025-08-25
2797,1056,Blocked,High,Avionics,25,2025-08-18
2798,412,Open,Critical,Comms,23,2025-08-20
2799,570,In Progress,Low,Hull,47,2026-03-24
2800,448,In Progress,High,Comms,96,2026-05-07
2801,221,In Progress,Medium,Comms,33,2026-03-16
2802,703,Closed,Medium,Comms,43,2025-12-10
2803,850,Open,Critical,Software,81,2025-11-02
2804,702,In Progress,Low,Avionics,48,2026-01-25
2805,825,Open,Critical,Hull,102,2026-06-06
2806,138,Closed,Medium,Power,20,2025-11-12
2807,582,Open,High,Software,46,2025-08-14
2808,328,In Progress,Medium,Avionics,117,2025-08-18
2809,152,Open,High,Power,76,2025-12-24
2810,957,Closed,Critical,Hull,35,2025-10-19
2811,1177,In Progress,Low,Hull,93,2026-05-28
2812,174,Blocked,Critical,Hull,53,2026-06-13
2813,710,In Progress,Medium,Hydraulics,91,2026-05-23
2814,793,Blocked,Low,Comms,35,2025-09-24
2815,1155,In Progress,Low,Software,40,2025-08-27
2816,1151,Blocked,High,Hydraulics,86,2025-09-03
2817,525,Closed,High,Hull,107,2026-03-01
2818,839,Open,Critical,Comms,113,2025-10-09
2819,487,Blocked,Critical,Comms,44,2026-02-20
2820,34,Open,Low,Comms,48,2025-12-14
2821,710,Closed,Critical,Software,25,2025-06-22
2822,291,Blocked,Medium,Software,97,2025-11-27
2823,386,Open,Critical,Avionics,75,2025-11-27
2824,584,In Progress,Low,Comms,59,2025-06-27
2825,63,Closed,Critical,Avionics,72,2025-11-28
2826,671,Closed,Medium,Avionics,91,2026-01-25
2827,1088,Open,Critical,Hull,18,2025-08-11
2828,2,Open,Medium,Hydraulics,119,2026-02-01
2829,440,Open,Low,Hydraulics,2,2025-07-25
2830,1184,Closed,Critical,Hull,55,2025-12-11
2831,451,In Progress,Critical,Avionics,26,2025-11-12
2832,909,Blocked,Medium,Power,65,2025-11-24
2833,459,Blocked,Critical,Hull,62,2026-01-18
2834,2,Open,Critical,Software,81,2026-04-08
2835,6,Closed,High,Comms,110,2025-07-07
2836,668,Blocked,Critical,Hydraulics,76,2025-08-01
2837,836,Closed,Critical,Avionics,41,2026-05-10
2838,534,Closed,Critical,Hydraulics,77,2026-03-14
2839,500,Closed,Low,Power,93,2025-09-20
2840,12,Blocked,High,Hull,115,2025-10-15
2841,1126,In Progress,Critical,Comms,85,2025-07-18
2842,103,Closed,High,Software,16,2025-06-30
2843,120,Blocked,Medium,Hydraulics,13,2025-10-10
2844,280,Closed,Medium,Hull,17,2025-10-16
2845,648,Closed,High,Software,115,2025-07-15
2846,100,Blocked,Low,Software,7,2026-05-10
2847,627,Open,Low,Power,50,2026-02-13
2848,251,Closed,High,Comms,2,2025-09-30
2849,84,Open,Low,Software,86,2025-10-29
2850,114,Closed,Low,Hydraulics,67,2025-08-03
2851,1038,Blocked,High,Hull,57,2026-06-01
2852,475,Closed,High,Power,32,2025-09-11
2853,824,Open,Medium,Software,78,2026-01-02
2854,566,In Progress,Low,Avionics,74,2025-06-19
2855,1088,Closed,High,Hull,9,2026-06-03
2856,1073,In Progress,Medium,Avionics,26,2026-04-21
2857,28,Blocked,High,Hydraulics,120,2025-07-18
2858,1110,In Progress,High,Power,81,2025-11-28
2859,139,Open,Low,Software,84,2026-05-08
2860,86,Blocked,Medium,Software,39,2026-02-09
2861,30,In Progress,High,Comms,74,2025-11-02
2862,579,In Progress,Low,Power,73,2026-01-24
2863,919,In Progress,Low,Hydraulics,32,2025-07-29
2864,1143,Closed,Critical,Hull,50,2025-10-06
2865,882,Closed,Low,Hydraulics,108,2025-09-02
2866,1073,Open,High,Hydraulics,100,2025-09-14
2867,635,In Progress,Low,Software,79,2026-02-23
2868,964,Closed,Medium,Power,38,2025-10-22
2869,399,Open,Low,Software,26,2025-08-21
2870,835,In Progress,Medium,Comms,97,2025-07-22
2871,1165,Closed,Medium,Comms,2,2025-10-26
2872,370,Closed,Critical,Hydraulics,66,2026-01-26
2873,342,Closed,Low,Avionics,45,2025-09-25
2874,633,Blocked,Low,Avionics,29,2026-05-26
2875,458,Open,Low,Hull,66,2025-07-26
2876,850,Blocked,Low,Hull,107,2026-02-21
2877,920,Closed,Critical,Hull,10,2025-10-04
2878,280,Open,Medium,Hydraulics,8,2025-07-14
2879,320,Blocked,Critical,Hull,35,2026-05-04
2880,69,In Progress,High,Hydraulics,87,2025-09-08
2881,27,Closed,Medium,Avionics,49,2025-12-07
2882,897,Closed,Critical,Avionics,77,2026-05-09
2883,348,Closed,High,Comms,119,2025-12-22
2884,359,Blocked,Critical,Power,97,2025-06-19
2885,954,In Progress,Low,Hull,37,2026-01-28
2886,1181,Closed,Critical,Power,90,2025-08-29
2887,745,Blocked,Low,Power,30,2025-07-13
2888,927,In Progress,High,Power,57,2025-12-13
2889,616,In Progress,High,Power,18,2025-07-12
2890,859,Open,Low,Software,47,2026-01-28
2891,214,Open,Low,Power,95,2025-12-11
2892,887,In Progress,Critical,Hydraulics,70,2026-01-12
2893,706,Blocked,Low,Hull,55,2025-12-09
2894,588,Closed,Critical,Avionics,84,2025-07-24
2895,755,Closed,Low,Software,2,2026-06-01
2896,1116,In Progress,Medium,Avionics,111,2026-05-12
2897,1194,Blocked,Medium,Hull,42,2025-07-24
2898,124,Closed,Medium,Power,66,2026-01-15
2899,878,In Progress,Low,Comms,39,2025-07-23
2900,705,In Progress,Critical,Comms,31,2026-01-15
2901,424,In Progress,Medium,Power,80,2026-02-24
2902,737,Blocked,Medium,Power,58,2025-10-26
2903,110,Open,High,Power,111,2025-12-28
2904,691,In Progress,Critical,Hull,25,2025-08-25
2905,1097,In Progress,Low,Hydraulics,35,2025-12-11
2906,298,Open,Critical,Hull,15,2025-09-02
2907,1076,In Progress,Critical,Comms,119,2026-01-03
2908,1048,Closed,Critical,Comms,33,2026-05-31
2909,986,In Progress,Critical,Hydraulics,81,2025-12-04
2910,962,In Progress,Low,Comms,72,2026-01-20
2911,706,Closed,High,Software,97,2025-11-19
2912,910,Closed,Medium,Software,13,2025-07-15
2913,1169,Open,Medium,Software,20,2026-04-30
2914,367,Open,High,Comms,23,2025-07-05
2915,457,Open,Medium,Hull,24,2025-09-18
2916,714,Blocked,Medium,Comms,13,2026-05-09
2917,1028,Blocked,High,Power,48,2025-12-23
2918,570,In Progress,Low,Power,69,2025-07-12
2919,1086,Open,Medium,Power,99,2026-04-15
2920,8,In Progress,Low,Power,52,2025-10-08
2921,461,In Progress,Low,Hydraulics,65,2025-08-07
2922,309,Closed,Critical,Hydraulics,42,2025-12-04
2923,621,Blocked,Low,Hull,75,2025-08-18
2924,1120,Blocked,Critical,Hull,13,2025-08-27
2925,874,In Progress,Critical,Avionics,25,2026-05-06
2926,303,Open,High,Software,54,2026-04-13
2927,354,Blocked,Critical,Hull,38,2026-01-23
2928,431,Closed,High,Hull,7,2025-11-30
2929,1073,In Progress,Medium,Avionics,74,2025-06-23
2930,349,Closed,High,Hydraulics,67,2025-10-08
2931,593,Closed,Critical,Comms,28,2026-05-25
2932,805,Open,Medium,Hull,26,2025-09-25
2933,500,Blocked,Low,Hull,6,2025-10-19
2934,212,In Progress,Critical,Comms,51,2025-09-11
2935,312,In Progress,Low,Hydraulics,90,2026-02-13
2936,830,Open,High,Software,106,2025-11-01
2937,582,Blocked,Critical,Software,11,2025-06-17
2938,185,In Progress,Critical,Power,110,2025-10-25
2939,456,In Progress,Low,Avionics,8,2026-03-08
2940,201,Closed,Critical,Hydraulics,99,2026-02-18
2941,769,In Progress,Critical,Hydraulics,68,2026-01-27
2942,562,Blocked,High,Power,10,2025-12-20
2943,595,Blocked,Low,Hull,79,2026-04-19
2944,775,In Progress,Medium,Software,46,2025-12-08
2945,156,Open,Low,Software,40,2025-09-02
2946,1080,Open,Critical,Avionics,49,2025-06-27
2947,850,Open,Low,Hydraulics,111,2025-12-13
2948,798,Blocked,Low,Hull,76,2026-04-13
2949,37,Closed,Low,Power,79,2025-09-12
2950,688,Open,Medium,Comms,49,2026-06-15
2951,275,Blocked,High,Avionics,4,2026-04-07
2952,853,Closed,Critical,Software,70,2025-11-30
2953,590,Closed,High,Hydraulics,109,2025-08-16
2954,303,Closed,Low,Power,8,2026-03-29
2955,364,In Progress,High,Hydraulics,100,2025-09-06
2956,1075,Blocked,Medium,Power,96,2025-11-19
2957,521,Closed,Low,Avionics,103,2026-04-25
2958,139,Closed,Low,Hydraulics,79,2025-07-08
2959,1057,Open,High,Hydraulics,32,2026-04-16
2960,53,Open,High,Hull,56,2025-08-09
2961,911,Blocked,Low,Software,44,2026-02-08
2962,480,In Progress,Medium,Avionics,64,2026-05-08
2963,166,Closed,High,Software,98,2025-10-16
2964,649,Blocked,High,Comms,104,2025-07-04
2965,136,In Progress,Medium,Power,97,2025-12-03
2966,1186,In Progress,Medium,Avionics,106,2025-10-25
2967,369,Blocked,Low,Comms,24,2025-10-14
2968,98,In Progress,High,Avionics,109,2025-08-07
2969,903,Open,Critical,Avionics,105,2025-11-16
2970,324,Closed,Critical,Hydraulics,43,2026-04-13
2971,94,Open,High,Hull,95,2026-05-15
2972,467,Blocked,Medium,Comms,118,2025-09-19
2973,130,Blocked,Medium,Hydraulics,7,2025-08-31
2974,506,Blocked,Medium,Avionics,95,2026-06-04
2975,345,Blocked,Critical,Software,51,2026-04-10
2976,312,In Progress,Medium,Software,37,2025-10-20
2977,606,In Progress,Low,Hull,83,2025-09-01
2978,805,Blocked,High,Hydraulics,77,2026-06-01
2979,1197,In Progress,High,Comms,72,2025-12-04
2980,730,In Progress,Low,Hydraulics,4,2025-08-25
2981,1071,Blocked,Critical,Avionics,37,2025-10-06
2982,1140,In Progress,Critical,Hydraulics,76,2025-10-29
2983,96,Open,High,Power,8,2025-08-27
2984,558,Open,Critical,Power,75,2026-02-12
2985,57,Open,High,Software,17,2026-04-08
2986,433,Closed,Critical,Hydraulics,14,2026-01-17
2987,122,Closed,Low,Power,37,2025-10-03
2988,527,In Progress,Critical,Software,14,2025-11-17
2989,147,Open,Critical,Hull,33,2026-02-03
2990,21,In Progress,Low,Comms,33,2026-04-13
2991,731,Blocked,Critical,Software,51,2026-03-04
2992,675,In Progress,Critical,Hull,38,2026-01-25
2993,570,Closed,Critical,Hull,1,2026-01-30
2994,907,In Progress,Medium,Hull,49,2025-12-01
2995,119,Closed,High,Power,14,2025-12-04
2996,304,Open,Low,Software,1,2026-05-05
2997,396,In Progress,Critical,Software,82,2026-02-27
2998,316,In Progress,High,Software,87,2025-07-19
2999,1200,Open,High,Power,28,2026-02-10
3000,1190,Blocked,Medium,Avionics,52,2025-09-13
3001,38,Closed,Medium,Software,100,2026-05-17
3002,673,Closed,Critical,Power,17,2025-11-05
3003,882,Blocked,Critical,Software,120,2025-07-20
3004,106,Open,Medium,Hull,26,2025-07-12
3005,820,Open,Critical,Hull,41,2026-01-27
3006,307,Open,High,Hydraulics,44,2025-07-19
3007,500,Closed,Critical,Power,21,2025-08-29
3008,1056,In Progress,Medium,Avionics,27,2025-10-29
3009,733,Blocked,Medium,Hydraulics,95,2025-10-08
3010,814,Blocked,Low,Hydraulics,24,2025-07-05
3011,1145,In Progress,Critical,Power,91,2026-02-05
3012,62,Open,Low,Power,80,2026-03-21
3013,1002,Closed,High,Power,35,2026-02-26
3014,1003,Closed,Medium,Hull,5,2026-05-20
3015,565,Closed,Low,Hull,69,2026-05-06
3016,139,Blocked,High,Hull,111,2025-08-19
3017,689,Closed,Critical,Hydraulics,79,2025-07-01
3018,789,Open,Low,Comms,26,2025-11-14
3019,514,Blocked,Low,Hull,27,2025-12-31
3020,823,Open,Low,Software,111,2026-02-07
3021,42,Open,High,Comms,87,2026-02-12
3022,1018,Closed,High,Software,82,2025-08-17
3023,570,Open,Medium,Hull,110,2025-12-24
3024,331,Closed,Low,Comms,59,2025-08-30
3025,140,Open,Critical,Hull,41,2026-04-23
3026,1037,In Progress,Critical,Hydraulics,53,2026-01-25
3027,507,Open,High,Avionics,5,2026-01-27
3028,541,Closed,High,Software,118,2025-12-30
3029,860,Open,Critical,Hydraulics,50,2026-01-20
3030,672,In Progress,Critical,Software,107,2026-05-20
3031,137,Open,Medium,Hydraulics,109,2025-10-04
3032,1005,In Progress,High,Power,74,2026-05-02
3033,1193,Closed,Low,Avionics,82,2026-01-08
3034,1086,Open,High,Comms,90,2025-08-17
3035,713,Blocked,High,Hydraulics,60,2025-10-14
3036,465,Blocked,Low,Hydraulics,59,2026-02-05
3037,853,Open,Medium,Software,42,2025-09-26
3038,755,Closed,Critical,Avionics,64,2025-12-11
3039,253,Blocked,Critical,Power,71,2025-08-20
3040,196,Blocked,High,Avionics,1,2025-09-23
3041,122,Open,High,Hull,48,2025-11-26
3042,841,In Progress,Low,Hydraulics,100,2025-10-24
3043,252,Closed,Low,Power,100,2025-10-28
3044,83,Closed,Critical,Hydraulics,75,2025-07-24
3045,842,In Progress,Medium,Comms,72,2025-12-21
3046,1031,Blocked,High,Hydraulics,59,2026-03-27
3047,423,Blocked,High,Software,92,2025-12-21
3048,995,Blocked,Medium,Avionics,103,2026-05-06
3049,984,Closed,Medium,Hull,81,2026-02-17
3050,659,Closed,High,Comms,47,2026-06-15
3051,1042,In Progress,Critical,Comms,62,2025-08-29
3052,138,Blocked,Low,Hydraulics,76,2025-08-24
3053,293,Open,High,Hull,89,2025-12-13
3054,1015,Open,Critical,Software,42,2025-11-18
3055,400,Open,Critical,Comms,14,2026-03-25
3056,974,In Progress,High,Comms,3,2025-07-08
3057,527,In Progress,Low,Power,49,2025-07-16
3058,121,Blocked,Low,Avionics,26,2025-06-18
3059,204,Closed,Critical,Hull,60,2025-08-17
3060,722,Closed,Medium,Avionics,57,2026-02-01
3061,227,Closed,Medium,Software,91,2025-09-14
3062,960,Closed,Low,Hull,28,2026-02-07
3063,668,Closed,Low,Power,23,2026-05-23
3064,940,Open,Medium,Comms,38,2026-06-04
3065,432,Closed,Low,Comms,53,2025-12-13
3066,946,In Progress,Critical,Hydraulics,109,2026-03-30
3067,898,In Progress,Low,Comms,45,2026-02-05
3068,639,Open,Medium,Hull,82,2026-02-20
3069,476,Blocked,Low,Software,40,2025-09-20
3070,863,Closed,High,Hydraulics,43,2025-07-13
3071,858,Blocked,Low,Hull,104,2025-09-29
3072,958,Open,Medium,Comms,27,2025-12-20
3073,893,Closed,Low,Comms,117,2026-04-13
3074,221,Blocked,High,Avionics,85,2025-10-17
3075,379,Open,Critical,Hydraulics,33,2026-02-18
3076,61,In Progress,Critical,Avionics,111,2026-03-20
3077,277,Open,Medium,Comms,56,2026-03-19
3078,787,Closed,Critical,Hull,42,2025-11-29
3079,587,Blocked,Low,Hydraulics,95,2026-01-08
3080,367,In Progress,High,Comms,84,2025-12-26
3081,234,Blocked,Critical,Hydraulics,43,2026-02-01
3082,459,Closed,Medium,Avionics,60,2026-01-28
3083,1127,Blocked,Low,Software,114,2026-05-06
3084,139,Open,Medium,Power,58,2026-06-06
3085,460,Open,Medium,Hydraulics,49,2026-01-08
3086,909,Blocked,Critical,Power,43,2025-08-02
3087,763,Closed,Medium,Avionics,41,2025-08-11
3088,245,Closed,Low,Avionics,95,2026-04-29
3089,713,Closed,High,Avionics,47,2025-09-03
3090,321,Open,High,Software,52,2026-01-30
3091,1089,Blocked,Critical,Power,12,2025-08-26
3092,260,Blocked,Medium,Comms,76,2025-10-19
3093,1194,In Progress,Critical,Power,72,2025-09-15
3094,814,Closed,Medium,Hydraulics,41,2026-03-19
3095,883,Open,Low,Hull,83,2025-08-19
3096,384,Blocked,High,Avionics,47,2025-07-10
3097,179,Closed,Critical,Comms,47,2025-07-10
3098,155,Closed,Medium,Software,33,2025-08-27
3099,686,Open,Medium,Hydraulics,59,2026-06-11
3100,406,Blocked,High,Power,68,2026-04-01
3101,41,Closed,Low,Hull,89,2025-11-17
3102,327,In Progress,Low,Power,54,2026-04-23
3103,183,Blocked,Critical,Comms,49,2026-05-26
3104,158,In Progress,High,Comms,103,2025-11-21
3105,884,In Progress,High,Hydraulics,104,2025-12-28
3106,290,Blocked,Medium,Hull,6,2026-01-12
3107,1045,Open,Low,Avionics,35,2026-01-09
3108,1082,In Progress,Low,Software,93,2026-03-04
3109,907,Blocked,Low,Avionics,100,2026-06-10
3110,1138,In Progress,High,Hull,99,2026-06-06
3111,619,In Progress,Low,Hull,66,2025-09-18
3112,226,In Progress,Critical,Avionics,94,2025-07-24
3113,30,Blocked,Low,Software,70,2025-10-25
3114,25,Open,High,Software,16,2026-03-28
3115,549,In Progress,Low,Hydraulics,37,2025-11-15
3116,52,Open,High,Software,108,2025-07-25
3117,231,Blocked,Low,Hull,91,2026-01-02
3118,454,Closed,High,Software,76,2026-02-14
3119,78,Open,Medium,Hydraulics,9,2025-07-15
3120,200,Closed,Critical,Software,39,2026-04-05
3121,857,In Progress,Low,Comms,10,2026-04-12
3122,330,Closed,High,Hull,107,2025-08-15
3123,865,In Progress,High,Software,15,2026-05-07
3124,306,In Progress,High,Hull,100,2026-03-05
3125,326,Closed,Low,Power,80,2025-09-01
3126,1043,Blocked,High,Software,10,2025-10-18
3127,353,Open,Critical,Software,20,2025-10-27
3128,1,In Progress,Medium,Avionics,93,2025-08-21
3129,532,Blocked,Critical,Hull,88,2026-04-26
3130,725,Open,Critical,Hull,51,2025-11-16
3131,726,Open,Critical,Hydraulics,3,2025-12-20
3132,585,Open,High,Power,31,2025-08-05
3133,1027,Blocked,Critical,Comms,13,2025-08-11
3134,815,Blocked,High,Avionics,68,2025-10-24
3135,790,Blocked,Medium,Hydraulics,102,2025-09-19
3136,267,In Progress,Medium,Avionics,61,2025-09-20
3137,303,Closed,High,Hull,33,2025-08-02
3138,193,Closed,Medium,Avionics,115,2025-08-15
3139,446,Blocked,High,Hull,33,2026-04-11
3140,657,Open,Critical,Software,96,2026-02-01
3141,28,In Progress,High,Software,32,2025-11-14
3142,640,In Progress,Low,Power,35,2026-06-16
3143,572,Closed,Medium,Software,68,2025-08-02
3144,723,In Progress,Low,Avionics,56,2025-10-02
3145,785,Closed,High,Software,26,2025-10-11
3146,365,Closed,High,Hydraulics,59,2026-05-14
3147,893,In Progress,Medium,Hydraulics,54,2025-07-25
3148,1104,Open,Medium,Hydraulics,61,2026-02-07
3149,698,Blocked,Medium,Avionics,69,2025-09-22
3150,422,Blocked,High,Comms,61,2025-08-01
3151,1149,In Progress,Low,Hydraulics,115,2026-01-28
3152,1053,Open,Low,Hull,64,2025-12-12
3153,166,Closed,Low,Hydraulics,73,2026-04-27
3154,607,Open,High,Hydraulics,96,2025-12-14
3155,792,Blocked,High,Hull,29,2025-12-16
3156,748,Blocked,Medium,Avionics,113,2025-06-28
3157,578,Open,Medium,Avionics,96,2026-04-15
3158,445,In Progress,Medium,Comms,90,2025-07-15
3159,254,Closed,Critical,Hull,110,2025-08-01
3160,1174,Closed,Low,Hull,82,2025-10-23
3161,997,Closed,High,Hull,83,2026-01-24
3162,279,Open,Low,Avionics,85,2025-08-31
3163,126,Open,High,Software,30,2025-11-18
3164,1044,In Progress,High,Comms,60,2025-10-03
3165,1143,Closed,Medium,Avionics,102,2025-08-27
3166,174,Closed,Critical,Comms,61,2025-08-19
3167,709,In Progress,Medium,Comms,120,2026-02-22
3168,579,In Progress,Medium,Power,28,2025-08-25
3169,463,In Progress,Medium,Power,17,2025-10-24
3170,738,Closed,Critical,Hull,99,2025-09-23
3171,372,Closed,Critical,Power,47,2026-01-25
3172,914,Open,High,Hydraulics,14,2025-07-01
3173,1068,In Progress,High,Avionics,13,2025-08-26
3174,578,Closed,High,Avionics,30,2025-11-05
3175,776,In Progress,Medium,Software,106,2026-03-12
3176,812,Blocked,Critical,Hydraulics,104,2026-03-01
3177,33,Closed,High,Power,116,2025-07-18
3178,1148,Blocked,Medium,Comms,65,2026-05-02
3179,638,Closed,Critical,Avionics,113,2026-04-24
3180,786,In Progress,Medium,Software,44,2025-11-26
3181,495,Open,Medium,Hydraulics,120,2026-01-10
3182,650,Closed,High,Avionics,110,2025-09-15
3183,860,Blocked,Critical,Hull,96,2025-08-29
3184,912,Open,Critical,Software,98,2026-01-03
3185,1167,In Progress,Critical,Comms,54,2025-10-24
3186,161,Blocked,Medium,Software,92,2025-10-19
3187,596,In Progress,High,Comms,9,2025-08-06
3188,236,Closed,High,Hydraulics,30,2026-06-04
3189,681,Open,Low,Software,36,2026-05-25
3190,944,Closed,Medium,Hull,74,2026-03-10
3191,866,Closed,Medium,Comms,26,2025-11-23
3192,1035,Blocked,Critical,Power,99,2026-03-28
3193,1153,Closed,Critical,Software,11,2026-02-01
3194,981,In Progress,Medium,Avionics,6,2025-06-19
3195,1127,Open,Low,Avionics,13,2025-08-22
3196,524,Closed,Medium,Comms,54,2025-09-03
3197,119,In Progress,Critical,Power,11,2025-11-20
3198,660,Blocked,Critical,Software,44,2025-06-24
3199,221,Open,High,Software,90,2026-02-18
3200,815,Open,Critical,Comms,90,2025-09-09
3201,29,Open,Low,Comms,34,2026-01-30
3202,724,In Progress,Critical,Power,21,2026-03-21
3203,358,Blocked,Critical,Comms,89,2025-12-28
3204,808,Blocked,Critical,Comms,85,2025-12-19
3205,264,In Progress,High,Avionics,45,2026-06-09
3206,236,Open,Critical,Software,60,2026-01-21
3207,319,Open,High,Hydraulics,84,2025-10-31
3208,445,In Progress,High,Hydraulics,42,2025-12-09
3209,476,Closed,Critical,Power,87,2026-01-07
3210,917,Closed,Critical,Hull,28,2025-12-14
3211,514,Closed,Medium,Power,69,2026-01-10
3212,988,Open,High,Hydraulics,86,2025-11-07
3213,143,Blocked,Low,Comms,83,2026-01-11
3214,897,Blocked,Low,Avionics,61,2026-01-09
3215,978,In Progress,Low,Software,4,2026-02-15
3216,846,Open,Low,Hull,108,2026-05-30
3217,542,Closed,Critical,Comms,53,2026-06-16
3218,1019,Closed,High,Hydraulics,102,2026-06-16
3219,185,Open,Critical,Hydraulics,38,2025-08-01
3220,472,Closed,High,Hull,65,2026-05-09
3221,502,In Progress,Low,Hydraulics,45,2026-01-10
3222,404,Blocked,Critical,Comms,19,2026-01-08
3223,743,Closed,High,Comms,95,2026-04-11
3224,778,In Progress,Critical,Power,94,2026-02-20
3225,22,Open,Critical,Comms,8,2025-09-24
3226,1023,In Progress,Medium,Comms,77,2025-07-29
3227,610,Closed,Critical,Power,93,2025-09-10
3228,851,In Progress,Low,Comms,49,2026-02-12
3229,181,In Progress,High,Comms,52,2026-01-21
3230,485,Closed,Low,Hydraulics,111,2026-02-13
3231,904,Closed,High,Comms,39,2025-06-30
3232,524,Open,Medium,Software,41,2025-09-30
3233,131,Closed,High,Hull,28,2025-10-27
3234,34,Closed,Low,Hydraulics,50,2025-07-28
3235,298,Open,Low,Power,87,2026-04-22
3236,159,Blocked,Critical,Avionics,58,2025-10-14
3237,1046,Open,Critical,Power,108,2026-03-21
3238,1027,Open,Low,Hydraulics,95,2026-05-13
3239,746,Closed,Medium,Comms,81,2026-05-11
3240,505,Blocked,Critical,Hydraulics,62,2026-05-19
3241,335,Closed,High,Hull,59,2025-09-01
3242,961,Blocked,Low,Power,39,2025-08-30
3243,1059,Closed,Low,Avionics,24,2025-08-16
3244,787,Blocked,Low,Power,91,2025-12-06
3245,1125,Closed,Medium,Avionics,7,2025-08-03
3246,261,In Progress,Medium,Comms,106,2026-03-26
3247,215,In Progress,Medium,Hull,66,2026-01-19
3248,1172,Closed,Medium,Power,54,2025-11-10
3249,41,Open,Medium,Hydraulics,56,2026-06-03
3250,1117,Open,High,Power,64,2025-12-17
3251,988,In Progress,Low,Comms,78,2026-04-08
3252,139,In Progress,High,Comms,81,2026-05-24
3253,767,Blocked,Low,Hull,97,2025-10-29
3254,175,Closed,Critical,Comms,117,2025-12-30
3255,747,In Progress,High,Hydraulics,29,2026-03-16
3256,755,In Progress,High,Comms,70,2025-09-02
3257,662,Open,Critical,Hull,25,2025-07-19
3258,12,In Progress,Medium,Software,100,2025-08-14
3259,364,In Progress,Medium,Power,19,2025-07-11
3260,1113,Closed,Critical,Avionics,48,2026-03-04
3261,398,Closed,High,Power,63,2026-02-25
3262,321,Blocked,Critical,Comms,64,2025-10-24
3263,545,Blocked,Critical,Comms,47,2026-04-22
3264,658,Closed,Low,Comms,20,2025-07-17
3265,1065,Open,Medium,Avionics,119,2026-02-27
3266,252,Open,High,Software,70,2025-09-17
3267,101,Blocked,Critical,Hull,95,2025-12-02
3268,636,Open,High,Comms,87,2026-03-31
3269,694,Open,Low,Power,68,2026-05-24
3270,22,Open,Low,Software,116,2026-03-11
3271,1139,Closed,Critical,Software,63,2026-02-21
3272,533,Closed,High,Hull,11,2025-09-30
3273,435,Closed,Critical,Hull,25,2025-08-29
3274,787,Closed,High,Power,32,2025-06-23
3275,450,Blocked,Medium,Hull,57,2025-10-24
3276,567,In Progress,Critical,Hydraulics,62,2025-12-14
3277,1183,In Progress,Medium,Comms,56,2026-02-14
3278,349,Open,Low,Power,1,2026-05-23
3279,372,Closed,Medium,Power,27,2026-02-20
3280,1126,In Progress,Critical,Power,41,2026-06-16
3281,103,In Progress,High,Avionics,77,2026-03-25
3282,594,Blocked,Low,Comms,1,2025-12-02
3283,518,In Progress,Critical,Hull,4,2026-01-12
3284,980,In Progress,Critical,Software,10,2025-07-02
3285,553,Closed,High,Hull,31,2026-05-19
3286,840,Open,Critical,Software,69,2026-01-02
3287,650,Open,Low,Hull,97,2026-01-14
3288,611,In Progress,Critical,Hull,56,2025-10-15
3289,748,Closed,Medium,Comms,68,2025-11-03
3290,1080,Closed,High,Power,65,2025-11-28
3291,710,Closed,High,Avionics,32,2025-08-25
3292,232,Blocked,High,Power,102,2025-10-16
3293,800,Closed,Low,Hydraulics,109,2025-12-24
3294,1157,In Progress,High,Power,62,2025-08-30
3295,514,Closed,Critical,Hull,36,2026-05-12
3296,486,In Progress,Critical,Avionics,19,2025-08-24
3297,456,Closed,High,Hull,48,2025-09-20
3298,786,Open,Low,Software,97,2025-09-25
3299,1153,Blocked,Critical,Power,64,2025-10-16
3300,1102,In Progress,Medium,Comms,24,2026-03-14
3301,83,Open,Low,Power,76,2025-08-17
3302,26,Blocked,High,Power,95,2026-03-02
3303,233,In Progress,Critical,Hull,42,2026-06-04
3304,1128,Blocked,High,Avionics,42,2026-01-03
3305,1162,In Progress,Low,Power,39,2025-07-03
3306,379,Closed,High,Hydraulics,111,2025-08-06
3307,962,In Progress,Low,Hydraulics,79,2026-06-05
3308,480,Open,Medium,Hull,44,2025-06-18
3309,485,Blocked,Medium,Hydraulics,113,2026-01-30
3310,755,Blocked,Critical,Software,86,2025-12-20
3311,1110,Closed,Low,Hydraulics,65,2026-01-04
3312,381,Closed,Low,Avionics,68,2026-02-20
3313,1004,Blocked,Critical,Comms,61,2025-07-04
3314,1033,Closed,Medium,Hydraulics,60,2026-01-12
3315,871,Open,Medium,Software,120,2026-04-30
3316,961,In Progress,Critical,Software,83,2026-03-10
3317,1056,Closed,Medium,Hull,53,2026-04-15
3318,56,Closed,Critical,Software,104,2026-01-16
3319,668,Open,High,Avionics,88,2025-10-10
3320,599,Blocked,High,Comms,6,2026-04-04
3321,909,Closed,Medium,Hydraulics,79,2025-10-05
3322,56,Open,Low,Hull,79,2025-07-24
3323,474,In Progress,Medium,Hull,46,2025-06-17
3324,303,In Progress,Critical,Power,38,2026-03-31
3325,791,Open,Medium,Power,80,2026-01-06
3326,624,Blocked,Low,Hull,64,2025-06-22
3327,248,Closed,Low,Hull,41,2025-07-15
3328,417,In Progress,Critical,Power,103,2025-09-13
3329,647,Closed,Low,Comms,5,2025-09-22
3330,1037,Open,High,Hull,43,2026-02-01
3331,646,Open,Medium,Power,26,2026-03-05
3332,803,Closed,High,Hydraulics,56,2026-06-06
3333,1069,Blocked,Medium,Avionics,99,2026-02-23
3334,929,Blocked,Low,Avionics,103,2026-05-14
3335,389,Closed,Low,Software,54,2026-03-30
3336,919,Open,Medium,Hydraulics,69,2025-09-17
3337,219,Closed,High,Software,32,2026-05-07
3338,1133,Open,Critical,Hydraulics,62,2025-08-18
3339,1067,In Progress,High,Hull,73,2025-11-14
3340,1141,Open,Medium,Power,93,2025-11-29
3341,1175,Blocked,Medium,Avionics,29,2025-10-11
3342,969,Closed,Low,Hydraulics,1,2025-09-22
3343,873,Open,Medium,Software,48,2025-09-05
3344,1087,Open,Medium,Hull,72,2026-01-12
3345,535,Closed,Medium,Software,119,2026-04-28
3346,254,Closed,Critical,Hydraulics,26,2025-09-29
3347,1098,Closed,Critical,Power,86,2025-09-02
3348,848,Closed,Low,Hull,62,2026-05-21
3349,761,Blocked,High,Hull,101,2025-11-09
3350,499,Blocked,High,Avionics,104,2026-04-22
3351,7,Closed,High,Hull,116,2025-08-02
3352,268,Open,High,Power,6,2025-06-26
3353,367,Open,High,Avionics,81,2026-05-31
3354,1108,Blocked,High,Software,58,2025-11-29
3355,310,Blocked,Medium,Hull,65,2026-03-02
3356,598,Closed,High,Comms,20,2025-09-25
3357,96,In Progress,Low,Power,15,2025-10-29
3358,34,Open,High,Power,8,2025-09-11
3359,957,In Progress,High,Avionics,52,2026-01-11
3360,777,Open,Low,Hull,99,2026-02-28
3361,235,Blocked,Low,Comms,47,2026-03-11
3362,784,Open,Critical,Hydraulics,83,2026-04-23
3363,583,Blocked,Low,Hull,85,2025-12-26
3364,730,Open,Low,Avionics,112,2025-10-18
3365,639,Blocked,High,Avionics,83,2026-01-31
3366,1135,In Progress,Medium,Comms,62,2025-11-29
3367,48,Open,Critical,Comms,50,2026-04-09
3368,636,In Progress,High,Power,56,2026-06-15
3369,714,In Progress,Low,Comms,51,2025-12-17
3370,433,Closed,Medium,Power,63,2025-08-20
3371,287,Blocked,Medium,Power,42,2026-01-10
3372,1045,Closed,Low,Avionics,68,2026-01-03
3373,453,Blocked,Medium,Avionics,101,2026-01-03
3374,608,Blocked,Medium,Power,83,2025-08-16
3375,834,In Progress,Critical,Comms,78,2025-10-06
3376,73,Open,Low,Power,46,2026-06-09
3377,434,Blocked,Low,Comms,112,2025-11-04
3378,1127,Closed,Critical,Comms,22,2025-07-31
3379,648,Blocked,Low,Avionics,88,2025-09-19
3380,1179,Open,Critical,Comms,57,2025-08-14
3381,105,In Progress,Critical,Avionics,64,2026-03-23
3382,29,Closed,Low,Hull,69,2025-07-01
3383,1149,In Progress,Low,Avionics,30,2026-04-06
3384,1118,Closed,High,Software,14,2025-06-17
3385,370,Blocked,Low,Avionics,13,2025-06-19
3386,781,Blocked,High,Power,119,2026-03-22
3387,838,In Progress,Critical,Power,57,2025-12-04
3388,475,In Progress,Low,Power,29,2026-03-01
3389,864,In Progress,Low,Hull,52,2026-01-24
3390,1026,Closed,Critical,Hydraulics,99,2026-02-18
3391,332,Closed,High,Comms,82,2025-10-25
3392,1197,Closed,High,Power,47,2026-05-16
3393,77,Closed,Low,Avionics,60,2026-04-16
3394,475,Open,Medium,Power,100,2026-02-22
3395,1016,Closed,Low,Avionics,115,2026-01-30
3396,569,Closed,Medium,Avionics,34,2025-07-14
3397,518,Open,Critical,Hull,43,2025-10-19
3398,76,Blocked,High,Avionics,48,2025-09-02
3399,380,Blocked,Critical,Power,45,2025-07-29
3400,1025,Closed,Medium,Comms,77,2025-07-07
3401,586,Blocked,High,Avionics,85,2026-02-16
3402,1175,In Progress,Low,Comms,105,2025-10-22
3403,949,Blocked,Low,Software,65,2025-08-30
3404,994,In Progress,Critical,Avionics,78,2025-12-16
3405,388,Closed,Medium,Hydraulics,77,2025-12-06
3406,804,In Progress,High,Power,116,2025-12-27
3407,356,Closed,Critical,Avionics,91,2025-07-05
3408,996,Open,High,Power,56,2026-05-10
3409,536,Open,High,Hydraulics,56,2025-09-11
3410,254,Blocked,Medium,Hydraulics,37,2026-03-22
3411,318,Blocked,High,Power,50,2026-05-19
3412,177,In Progress,Medium,Hull,93,2026-01-03
3413,313,In Progress,Low,Software,33,2025-08-21
3414,252,Blocked,High,Avionics,108,2025-10-29
3415,19,Blocked,High,Hydraulics,112,2025-12-04
3416,742,Closed,Medium,Power,1,2025-12-13
3417,754,Open,Critical,Software,116,2025-06-29
3418,561,Open,Medium,Hull,21,2025-07-28
3419,965,In Progress,Low,Hull,25,2025-09-09
3420,421,Open,High,Comms,85,2025-09-07
3421,378,Closed,Medium,Software,120,2025-06-19
3422,216,In Progress,Medium,Hull,61,2026-05-20
3423,325,In Progress,Critical,Hydraulics,20,2025-08-24
3424,839,Closed,Medium,Hull,118,2026-05-30
3425,880,Blocked,Critical,Hull,113,2026-01-13
3426,688,Blocked,Low,Hull,69,2026-04-07
3427,915,Blocked,Critical,Software,88,2025-09-24
3428,310,Blocked,High,Software,79,2026-03-22
3429,398,In Progress,Low,Hull,63,2026-05-17
3430,710,In Progress,Critical,Comms,97,2025-07-11
3431,826,Blocked,Critical,Comms,105,2026-05-20
3432,10,In Progress,High,Hull,84,2025-09-11
3433,866,In Progress,Critical,Hydraulics,5,2026-05-19
3434,392,Closed,Low,Avionics,116,2025-10-25
3435,423,Closed,Low,Hull,77,2026-01-20
3436,31,In Progress,High,Power,6,2025-12-17
3437,425,In Progress,Medium,Hydraulics,14,2026-01-25
3438,654,Open,Low,Avionics,51,2026-06-12
3439,825,Open,High,Hydraulics,32,2026-03-17
3440,868,Open,Medium,Avionics,112,2026-02-24
3441,455,In Progress,High,Avionics,15,2025-08-13
3442,725,In Progress,High,Software,62,2025-11-14
3443,1115,Blocked,Low,Hull,32,2025-11-21
3444,533,Blocked,Low,Software,103,2025-07-18
3445,173,Closed,Low,Hull,2,2025-10-05
3446,1025,In Progress,Critical,Hydraulics,92,2025-09-02
3447,779,Open,High,Power,51,2026-01-19
3448,78,Closed,Medium,Comms,23,2026-04-17
3449,294,Closed,High,Software,82,2025-06-27
3450,270,Blocked,Medium,Avionics,82,2025-08-31
3451,1127,Closed,Medium,Comms,13,2026-06-03
3452,502,Open,High,Hull,17,2026-05-27
3453,134,Blocked,Low,Avionics,10,2026-02-24
3454,662,Closed,Critical,Comms,3,2025-07-29
3455,809,Open,Medium,Avionics,73,2025-07-14
3456,979,In Progress,High,Hull,68,2026-04-12
3457,811,Blocked,Critical,Avionics,69,2026-02-05
3458,440,Open,Critical,Hull,72,2025-08-27
3459,336,Blocked,Low,Avionics,57,2026-04-12
3460,463,In Progress,Critical,Avionics,68,2025-11-02
3461,929,Blocked,Low,Hydraulics,75,2025-12-15
3462,37,Open,Medium,Software,115,2025-08-31
3463,318,Open,Low,Power,109,2025-10-06
3464,802,Closed,Medium,Avionics,62,2026-05-04
3465,15,Blocked,Medium,Hull,37,2026-03-01
3466,1052,Closed,High,Software,67,2025-10-14
3467,1095,Open,Medium,Hydraulics,22,2026-03-16
3468,946,Open,Medium,Power,23,2025-10-05
3469,313,In Progress,Medium,Hydraulics,74,2025-08-17
3470,929,Blocked,Medium,Power,5,2025-12-21
3471,230,In Progress,High,Software,88,2026-02-05
3472,606,Blocked,Critical,Power,31,2025-09-02
3473,175,Blocked,Critical,Power,77,2026-05-04
3474,550,Open,Critical,Avionics,61,2026-02-22
3475,1176,Blocked,Medium,Hull,28,2026-04-16
3476,819,In Progress,Critical,Hull,108,2025-12-20
3477,718,Blocked,High,Comms,3,2025-10-12
3478,574,In Progress,High,Software,64,2025-08-24
3479,740,Open,Low,Comms,64,2026-03-05
3480,952,Open,Low,Comms,25,2025-11-27
3481,237,In Progress,Critical,Avionics,81,2026-01-26
3482,160,Blocked,Medium,Software,91,2025-09-02
3483,1025,Blocked,Low,Hydraulics,27,2025-09-18
3484,485,Blocked,Low,Comms,54,2026-04-22
3485,1190,Blocked,Critical,Avionics,15,2025-10-24
3486,100,Blocked,Low,Hull,4,2025-11-23
3487,186,In Progress,Medium,Power,24,2025-10-10
3488,15,In Progress,Critical,Hydraulics,104,2025-09-12
3489,785,In Progress,Low,Avionics,50,2026-02-06
3490,566,Closed,Medium,Hull,108,2025-10-21
3491,465,Open,Medium,Hull,13,2025-07-30
3492,600,In Progress,Low,Hydraulics,14,2026-01-24
3493,16,Closed,Low,Avionics,89,2025-06-17
3494,920,Blocked,Low,Power,60,2026-02-21
3495,513,Blocked,Low,Avionics,78,2025-10-02
3496,1173,Open,High,Software,10,2026-05-31
3497,24,Blocked,Low,Hull,99,2025-09-30
3498,904,Blocked,Medium,Hydraulics,103,2025-08-08
3499,855,Blocked,Medium,Software,48,2026-05-22
3500,179,Closed,Critical,Hydraulics,47,2026-05-28
3501,373,Open,High,Hydraulics,84,2026-03-13
3502,58,In Progress,Medium,Software,101,2025-07-14
3503,771,Open,Critical,Avionics,51,2025-09-27
3504,849,Closed,High,Avionics,22,2025-08-12
3505,604,In Progress,Medium,Power,114,2025-09-20
3506,913,Closed,Critical,Power,11,2025-12-01
3507,617,Blocked,Low,Hull,11,2025-08-30
3508,1021,In Progress,High,Hydraulics,17,2026-05-05
3509,1016,Blocked,Critical,Hydraulics,51,2025-11-29
3510,250,Closed,High,Software,80,2025-10-16
3511,1074,Closed,Low,Comms,71,2025-07-26
3512,511,Closed,Low,Avionics,41,2025-08-27
3513,233,Open,Low,Power,21,2025-12-15
3514,539,In Progress,Low,Power,90,2025-06-24
3515,1026,Blocked,High,Power,54,2025-08-25
3516,901,Open,Medium,Comms,120,2025-09-23
3517,418,Open,Critical,Comms,61,2025-07-28
3518,541,Open,Low,Comms,53,2025-07-24
3519,824,Blocked,High,Power,84,2025-06-23
3520,110,Closed,High,Comms,105,2025-10-21
3521,11,Blocked,Medium,Avionics,115,2025-11-02
3522,251,Closed,Low,Hull,114,2026-01-23
3523,183,Open,Critical,Hull,14,2025-11-08
3524,423,Open,Low,Avionics,87,2026-04-12
3525,258,In Progress,Critical,Software,29,2025-11-14
3526,186,Closed,Low,Hydraulics,4,2025-10-03
3527,501,Closed,High,Software,49,2025-12-03
3528,733,Blocked,Critical,Avionics,4,2025-08-11
3529,131,Blocked,Low,Power,110,2025-07-14
3530,266,Open,Critical,Comms,115,2026-05-15
3531,897,Blocked,Medium,Avionics,16,2025-11-12
3532,863,In Progress,High,Power,98,2026-05-28
3533,354,Open,High,Avionics,33,2026-02-21
3534,969,Blocked,High,Comms,51,2026-05-26
3535,894,Blocked,Medium,Software,19,2025-08-29
3536,260,Open,Medium,Comms,55,2025-12-11
3537,602,Open,Medium,Avionics,55,2025-12-20
3538,1047,Closed,High,Avionics,29,2026-05-27
3539,1062,Open,High,Comms,90,2025-12-09
3540,693,In Progress,Medium,Power,118,2026-06-01
3541,866,Blocked,Critical,Hydraulics,9,2025-12-08
3542,1015,Closed,High,Power,42,2025-10-06
3543,386,Open,Medium,Hull,97,2025-12-08
3544,554,Open,High,Hull,5,2026-04-25
3545,663,Open,High,Avionics,89,2025-08-23
3546,437,Open,Critical,Hydraulics,83,2026-01-20
3547,596,In Progress,Critical,Comms,14,2025-11-13
3548,25,Open,Critical,Comms,62,2025-08-26
3549,1097,Blocked,Critical,Hull,96,2026-05-08
3550,770,Open,Low,Software,103,2025-07-19
3551,1080,Open,Medium,Power,14,2025-09-09
3552,661,Blocked,High,Hull,40,2025-09-05
3553,1021,In Progress,Medium,Power,90,2025-12-12
3554,457,Closed,High,Hydraulics,56,2026-03-26
3555,979,Open,Low,Comms,55,2026-03-12
3556,1029,In Progress,High,Power,108,2026-05-27
3557,495,Closed,Low,Power,7,2026-01-03
3558,521,In Progress,Low,Hull,3,2025-08-05
3559,170,Blocked,Low,Software,51,2025-07-21
3560,1141,Blocked,Critical,Comms,3,2025-11-29
3561,735,Open,Medium,Power,93,2025-08-18
3562,726,Blocked,Low,Hull,118,2026-05-29
3563,1169,Open,Medium,Software,35,2026-02-15
3564,916,Closed,Medium,Hull,65,2025-12-10
3565,102,In Progress,Critical,Comms,113,2026-01-23
3566,353,Open,High,Hull,82,2025-11-04
3567,195,Blocked,Low,Power,5,2025-10-03
3568,781,Closed,Medium,Software,83,2026-01-23
3569,54,Closed,Low,Software,103,2026-01-30
3570,413,Open,Low,Hydraulics,86,2026-04-25
3571,242,Blocked,Critical,Software,18,2025-10-23
3572,1136,In Progress,Medium,Hydraulics,31,2025-10-07
3573,167,Blocked,Medium,Hull,63,2025-12-01
3574,1021,Blocked,Medium,Avionics,106,2025-11-18
3575,439,Closed,High,Avionics,55,2025-07-31
3576,359,Open,Critical,Power,12,2025-11-15
3577,389,In Progress,High,Hull,84,2025-07-02
3578,1013,In Progress,Medium,Hydraulics,41,2025-09-01
3579,1008,Closed,Medium,Power,24,2025-09-28
3580,208,In Progress,High,Avionics,78,2026-05-29
3581,518,Open,Medium,Hull,77,2026-06-07
3582,489,Blocked,Critical,Avionics,48,2025-08-10
3583,1041,Open,Critical,Software,91,2025-06-27
3584,589,Blocked,Medium,Avionics,111,2025-11-16
3585,675,Blocked,Medium,Hydraulics,112,2026-05-04
3586,5,Blocked,High,Comms,109,2026-04-19
3587,1122,Closed,Critical,Software,103,2026-06-06
3588,459,Blocked,Critical,Comms,101,2025-12-01
3589,374,In Progress,Critical,Hull,75,2025-10-09
3590,714,In Progress,Critical,Hydraulics,67,2025-11-11
3591,204,Open,Critical,Hydraulics,75,2025-10-06
3592,305,In Progress,Low,Power,14,2025-07-17
3593,209,In Progress,Low,Comms,27,2025-06-20
3594,104,Open,Low,Hull,43,2026-05-16
3595,385,Open,High,Hydraulics,112,2025-11-03
3596,533,Blocked,Critical,Software,107,2026-02-17
3597,591,In Progress,Low,Hydraulics,18,2025-10-29
3598,259,In Progress,Medium,Hydraulics,117,2025-08-17
3599,69,In Progress,Critical,Software,97,2026-05-04
3600,659,Open,Critical,Comms,74,2025-08-13
3601,624,Open,Medium,Hydraulics,62,2025-10-18
3602,25,Closed,High,Software,27,2026-05-29
3603,983,Open,Medium,Hydraulics,15,2025-12-26
3604,869,In Progress,Medium,Hull,84,2025-07-03
3605,111,In Progress,Low,Hull,9,2026-01-02
3606,763,In Progress,Low,Avionics,119,2025-10-17
3607,920,Blocked,High,Comms,77,2026-05-06
3608,1116,Open,Medium,Hydraulics,57,2025-11-18
3609,570,In Progress,Critical,Software,16,2025-06-22
3610,197,In Progress,Medium,Hull,8,2025-07-07
3611,513,Closed,High,Hydraulics,40,2026-02-28
3612,751,Blocked,High,Avionics,57,2026-03-25
3613,1000,Open,Low,Power,117,2025-09-29
3614,477,Blocked,High,Comms,65,2026-03-17
3615,1063,In Progress,Medium,Power,71,2025-12-10
3616,208,Open,Low,Comms,72,2026-04-18
3617,367,Blocked,Medium,Avionics,104,2026-03-10
3618,280,Closed,High,Hull,76,2026-03-21
3619,1134,Blocked,Medium,Software,63,2025-07-12
3620,726,Closed,Medium,Avionics,48,2025-08-23
3621,873,Open,High,Power,114,2025-08-06
3622,481,Open,Medium,Hull,99,2025-09-02
3623,34,Closed,Critical,Hull,88,2026-04-16
3624,1011,Closed,Low,Hydraulics,98,2026-02-09
3625,478,Open,Low,Software,101,2026-05-12
3626,142,Open,Critical,Avionics,76,2026-05-01
3627,681,In Progress,High,Avionics,77,2026-01-31
3628,502,In Progress,Critical,Comms,15,2026-06-02
3629,390,Open,High,Hydraulics,63,2026-02-05
3630,1010,Closed,Low,Avionics,100,2026-04-16
3631,441,In Progress,Critical,Avionics,54,2026-02-28
3632,200,Open,Medium,Avionics,37,2026-04-12
3633,760,Open,Medium,Hull,19,2026-02-25
3634,198,In Progress,Critical,Power,58,2025-08-06
3635,612,Blocked,Medium,Hull,72,2026-01-31
3636,553,In Progress,Critical,Hydraulics,47,2026-06-10
3637,658,Closed,Low,Power,107,2025-06-29
3638,276,Blocked,Low,Comms,115,2025-08-11
3639,449,Closed,Critical,Software,82,2025-08-27
3640,246,Open,Medium,Hull,21,2026-04-01
3641,71,Closed,High,Software,105,2025-09-13
3642,47,Blocked,Medium,Comms,90,2026-03-12
3643,658,Open,Low,Software,78,2025-08-10
3644,849,Blocked,High,Power,56,2025-09-06
3645,669,Open,Critical,Comms,58,2025-12-31
3646,540,In Progress,High,Avionics,41,2026-02-18
3647,534,Blocked,Low,Avionics,115,2025-07-11
3648,758,Closed,High,Hull,103,2026-02-27
3649,575,In Progress,Low,Avionics,15,2026-06-01
3650,807,Blocked,Critical,Software,95,2026-01-31
3651,498,Open,Low,Avionics,29,2026-06-14
3652,528,Blocked,Low,Avionics,45,2026-01-15
3653,1104,Closed,Low,Comms,62,2026-03-22
3654,40,Blocked,Low,Power,56,2025-12-05
3655,736,Blocked,High,Avionics,7,2026-04-03
3656,28,Blocked,Low,Avionics,3,2025-12-31
3657,600,Blocked,Critical,Power,33,2026-02-13
3658,947,In Progress,Critical,Power,94,2026-01-22
3659,1097,Blocked,Critical,Hydraulics,47,2025-11-24
3660,833,Blocked,Low,Software,75,2026-06-13
3661,291,Closed,High,Hull,18,2025-11-06
3662,648,Closed,Critical,Avionics,11,2025-11-23
3663,395,Closed,Low,Software,43,2025-12-28
3664,163,Open,Low,Hydraulics,86,2025-08-13
3665,219,Blocked,Critical,Hydraulics,88,2025-11-06
3666,764,Open,Low,Power,73,2026-02-03
3667,676,Blocked,Low,Hydraulics,14,2026-03-04
3668,693,Closed,Low,Avionics,100,2025-08-22
3669,1019,Open,High,Comms,56,2026-01-19
3670,563,Closed,Critical,Comms,85,2025-11-03
3671,794,Open,Medium,Comms,6,2026-05-01
3672,469,In Progress,Medium,Avionics,75,2026-04-22
3673,940,Closed,Critical,Avionics,21,2025-11-12
3674,742,Closed,High,Avionics,53,2025-07-24
3675,1045,Blocked,High,Power,49,2025-09-18
3676,859,Blocked,High,Comms,65,2025-09-19
3677,369,Blocked,High,Avionics,86,2025-12-19
3678,1111,In Progress,Medium,Software,115,2025-10-18
3679,138,In Progress,Low,Hull,81,2025-09-23
3680,261,Blocked,High,Hull,120,2025-06-25
3681,322,Blocked,Critical,Software,12,2025-11-11
3682,546,Blocked,High,Avionics,114,2026-04-12
3683,11,Closed,High,Power,109,2025-11-03
3684,1115,Closed,High,Hydraulics,113,2025-07-10
3685,1188,Blocked,Medium,Software,95,2026-02-18
3686,1031,Open,Critical,Comms,62,2026-06-07
3687,500,Closed,Critical,Comms,82,2026-01-06
3688,978,Blocked,Critical,Software,61,2025-10-04
3689,422,Open,Critical,Power,32,2026-01-09
3690,562,Blocked,Medium,Avionics,73,2026-01-31
3691,205,Open,Critical,Hull,17,2026-01-17
3692,1103,Blocked,Critical,Hull,56,2026-02-28
3693,938,Closed,Critical,Comms,52,2025-08-07
3694,118,Open,Low,Software,25,2025-08-19
3695,748,Closed,Medium,Power,17,2026-01-18
3696,702,Open,Medium,Hull,56,2025-07-15
3697,1187,Open,Critical,Software,102,2025-09-01
3698,728,Closed,Critical,Power,74,2026-03-21
3699,240,Blocked,Low,Comms,56,2025-12-22
3700,436,Closed,Critical,Avionics,85,2025-09-11
3701,621,Closed,High,Hull,62,2026-02-08
3702,228,Open,High,Power,104,2026-01-16
3703,923,Open,Critical,Hydraulics,47,2026-06-16
3704,38,Blocked,Low,Power,37,2026-05-10
3705,525,Open,High,Comms,107,2026-01-14
3706,1103,Closed,High,Power,17,2026-01-03
3707,759,In Progress,Critical,Hull,34,2026-03-19
3708,548,Blocked,High,Power,94,2025-07-14
3709,690,Closed,Critical,Comms,53,2026-06-02
3710,432,Blocked,Medium,Comms,35,2025-11-23
3711,377,Blocked,Low,Avionics,73,2025-11-13
3712,700,Open,Medium,Comms,58,2026-05-08
3713,329,Closed,Critical,Hydraulics,68,2025-06-24
3714,293,Closed,Critical,Software,42,2025-10-18
3715,1040,Open,Critical,Comms,72,2025-06-17
3716,1191,In Progress,High,Comms,113,2025-11-29
3717,874,Open,Critical,Hydraulics,53,2026-05-30
3718,868,In Progress,Low,Hull,56,2026-01-11
3719,628,In Progress,High,Comms,116,2025-10-19
3720,585,Blocked,Medium,Avionics,8,2026-04-29
3721,988,Open,Critical,Hull,46,2025-09-28
3722,459,Closed,Critical,Hull,88,2026-04-22
3723,1077,In Progress,High,Power,63,2025-08-18
3724,218,Blocked,Critical,Software,9,2025-07-22
3725,229,In Progress,Critical,Comms,55,2026-04-19
3726,1192,Open,High,Comms,61,2025-08-16
3727,356,In Progress,High,Power,5,2026-01-06
3728,203,Open,Critical,Power,55,2026-02-09
3729,976,Closed,Low,Software,66,2025-06-19
3730,291,Open,Medium,Hull,86,2026-03-01
3731,95,Open,Low,Hydraulics,28,2025-09-27
3732,631,In Progress,Low,Hydraulics,99,2026-05-30
3733,984,In Progress,High,Hydraulics,107,2025-09-21
3734,886,Blocked,Medium,Software,37,2026-05-20
3735,201,Open,Low,Comms,49,2026-04-03
3736,1183,Open,High,Avionics,83,2025-11-13
3737,358,Closed,High,Power,6,2026-02-18
3738,507,Open,Low,Software,20,2026-01-19
3739,1134,Open,Critical,Power,56,2026-06-09
3740,732,Open,High,Avionics,84,2026-06-02
3741,298,In Progress,Low,Hydraulics,73,2026-04-08
3742,122,Closed,High,Hull,88,2025-09-24
3743,887,In Progress,High,Hydraulics,74,2025-07-08
3744,595,In Progress,Medium,Comms,62,2026-03-14
3745,732,In Progress,High,Software,65,2026-03-23
3746,615,In Progress,Critical,Hull,93,2026-06-10
3747,982,Blocked,Medium,Comms,71,2025-07-28
3748,665,In Progress,Low,Avionics,105,2026-05-08
3749,368,Closed,Critical,Hydraulics,88,2026-02-09
3750,163,In Progress,Critical,Avionics,52,2025-09-09
3751,325,Open,High,Power,46,2025-09-12
3752,406,Closed,Medium,Hull,80,2025-07-24
3753,299,Blocked,High,Comms,100,2025-12-12
3754,1047,Closed,Medium,Hydraulics,51,2026-06-09
3755,1144,Closed,Critical,Software,114,2026-03-12
3756,493,Open,High,Hydraulics,110,2025-12-10
3757,1079,Closed,Critical,Hydraulics,65,2026-02-14
3758,999,Blocked,Critical,Hull,101,2025-07-14
3759,1103,Open,Critical,Avionics,38,2025-09-13
3760,37,Closed,Critical,Comms,112,2025-11-13
3761,339,Closed,Critical,Power,24,2025-08-13
3762,577,Blocked,Low,Hull,29,2025-11-15
3763,153,In Progress,Low,Avionics,37,2026-03-10
3764,42,Open,High,Comms,115,2026-01-22
3765,17,Open,Critical,Software,9,2025-07-31
3766,276,In Progress,High,Comms,32,2025-10-14
3767,935,In Progress,Low,Hull,47,2025-10-26
3768,897,Blocked,Low,Software,51,2026-05-03
3769,455,Blocked,High,Avionics,11,2025-12-28
3770,1193,Blocked,Medium,Hydraulics,116,2025-12-26
3771,130,Open,Low,Avionics,93,2025-07-17
3772,663,Blocked,High,Hull,57,2025-11-21
3773,462,In Progress,Low,Hull,8,2025-10-09
3774,95,Closed,Low,Power,73,2025-12-22
3775,391,Closed,Low,Power,54,2026-06-14
3776,57,In Progress,Critical,Avionics,24,2025-07-30
3777,213,In Progress,Critical,Hull,28,2025-09-28
3778,484,Open,Critical,Avionics,108,2026-03-27
3779,12,Blocked,Low,Software,22,2026-03-04
3780,848,Open,Medium,Software,79,2025-11-13
3781,324,Blocked,Medium,Avionics,1,2025-12-16
3782,852,In Progress,Low,Software,49,2026-04-07
3783,686,Closed,High,Hull,7,2025-07-25
3784,351,Open,High,Power,32,2025-08-25
3785,700,Blocked,Low,Hull,11,2026-02-21
3786,132,Open,Low,Power,44,2026-01-29
3787,108,Blocked,Low,Comms,32,2026-04-02
3788,144,Blocked,Low,Software,117,2025-07-23
3789,833,In Progress,Low,Hull,52,2025-07-08
3790,391,Closed,High,Hull,78,2025-08-20
3791,896,Open,Critical,Power,33,2026-01-23
3792,1029,Closed,High,Hydraulics,41,2025-07-23
3793,968,Open,High,Power,22,2025-10-18
3794,368,Closed,High,Power,97,2026-03-25
3795,117,Blocked,Critical,Comms,96,2026-05-20
3796,1025,Open,Critical,Comms,98,2026-02-18
3797,1008,Blocked,High,Avionics,95,2025-10-19
3798,1062,Closed,Medium,Hull,14,2025-07-31
3799,238,Open,High,Hull,8,2025-07-22
3800,756,Open,Low,Software,64,2025-10-29
3801,677,Closed,High,Avionics,72,2025-07-16
3802,349,Closed,Critical,Comms,71,2025-07-31
3803,782,Open,High,Power,35,2026-05-27
3804,594,Blocked,Low,Power,96,2025-07-21
3805,282,In Progress,High,Comms,52,2025-11-04
3806,1012,Open,Low,Comms,45,2025-08-04
3807,90,Blocked,Low,Avionics,30,2026-03-23
3808,898,In Progress,Critical,Hull,66,2025-10-30
3809,517,Open,Critical,Power,19,2026-05-07
3810,522,Closed,Low,Comms,73,2026-02-03
3811,1035,Blocked,Low,Hydraulics,112,2026-01-19
3812,12,Closed,Critical,Comms,69,2025-11-08
3813,161,Open,Critical,Avionics,55,2025-08-15
3814,1096,Blocked,Low,Hydraulics,55,2026-01-19
3815,738,In Progress,Critical,Comms,120,2025-07-22
3816,463,Closed,Critical,Hull,95,2025-09-23
3817,215,Blocked,Low,Power,16,2025-07-04
3818,941,Blocked,Low,Avionics,4,2025-07-28
3819,1013,Open,Critical,Avionics,89,2025-08-07
3820,937,Open,High,Comms,96,2025-09-13
3821,1100,Open,Low,Hull,117,2025-11-20
3822,970,In Progress,High,Software,37,2026-04-09
3823,754,Closed,High,Hull,14,2025-11-09
3824,1085,Closed,Critical,Hull,103,2026-04-11
3825,94,Closed,Critical,Hull,17,2025-11-08
3826,190,In Progress,Medium,Software,98,2025-08-08
3827,477,Open,High,Power,27,2025-07-21
3828,22,Open,Medium,Power,21,2026-01-07
3829,927,Blocked,Medium,Software,63,2025-08-21
3830,1096,In Progress,Medium,Hull,107,2025-12-26
3831,950,Open,High,Software,87,2026-02-03
3832,1181,In Progress,Low,Comms,99,2026-01-05
3833,93,Blocked,High,Power,89,2026-04-30
3834,953,Open,Critical,Avionics,23,2025-12-21
3835,339,Closed,High,Hydraulics,8,2026-02-22
3836,1090,Closed,Medium,Avionics,96,2025-12-01
3837,30,In Progress,Low,Power,63,2025-07-19
3838,79,Closed,Low,Comms,22,2025-07-15
3839,97,In Progress,Critical,Hull,8,2026-01-27
3840,464,Blocked,High,Software,46,2026-04-20
3841,217,Open,High,Hull,57,2025-12-28
3842,776,Closed,Low,Comms,53,2025-10-07
3843,311,Blocked,Critical,Software,111,2026-02-16
3844,813,Closed,Medium,Avionics,17,2025-11-25
3845,737,Closed,Medium,Software,63,2025-07-03
3846,386,Open,Medium,Software,19,2026-06-07
3847,365,Blocked,High,Power,6,2025-06-21
3848,1126,Closed,Low,Software,35,2026-04-11
3849,38,Closed,Critical,Hydraulics,106,2026-03-14
3850,1145,Open,Critical,Software,118,2025-09-18
3851,410,Open,High,Avionics,7,2025-09-09
3852,10,Closed,Critical,Power,70,2025-06-17
3853,600,In Progress,High,Comms,97,2026-01-31
3854,1155,Open,Medium,Avionics,36,2025-06-28
3855,882,In Progress,Low,Comms,104,2026-06-16
3856,642,Open,Critical,Comms,69,2025-08-16
3857,1017,Closed,Low,Power,73,2025-07-21
3858,502,Blocked,Critical,Software,102,2025-07-28
3859,11,Blocked,High,Hull,114,2025-07-15
3860,105,In Progress,High,Avionics,34,2025-10-03
3861,963,In Progress,Low,Hull,84,2025-12-20
3862,1085,In Progress,Low,Hull,55,2025-10-08
3863,539,Open,High,Hydraulics,1,2026-05-06
3864,98,Open,High,Avionics,115,2025-07-20
3865,1118,Closed,High,Power,39,2026-03-13
3866,988,Open,Medium,Software,37,2026-03-13
3867,369,Blocked,Critical,Avionics,49,2025-06-24
3868,328,Blocked,Medium,Avionics,57,2026-03-21
3869,336,Blocked,High,Hydraulics,24,2025-10-07
3870,27,In Progress,High,Software,47,2026-01-09
3871,150,Blocked,High,Avionics,15,2025-12-28
3872,387,In Progress,High,Power,60,2026-01-17
3873,166,Closed,Low,Software,66,2025-08-09
3874,971,Open,High,Comms,47,2025-10-14
3875,251,Open,Medium,Software,82,2025-11-14
3876,548,Open,Low,Power,96,2025-10-04
3877,190,Open,High,Hydraulics,3,2026-05-23
3878,7,Blocked,Critical,Comms,119,2026-03-17
3879,86,Blocked,High,Avionics,43,2026-03-21
3880,877,In Progress,Medium,Hydraulics,61,2026-05-22
3881,834,Closed,Medium,Software,74,2026-01-18
3882,1196,Closed,High,Hydraulics,66,2025-11-17
3883,954,Open,Medium,Software,120,2026-03-06
3884,309,In Progress,High,Hydraulics,78,2026-01-25
3885,100,Open,Critical,Power,53,2025-09-15
3886,407,Open,Critical,Hull,11,2025-10-26
3887,305,Open,High,Hydraulics,62,2025-07-09
3888,421,Open,High,Hydraulics,83,2025-07-24
3889,641,In Progress,Low,Hull,50,2025-10-27
3890,1185,In Progress,High,Hull,39,2026-02-15
3891,426,Blocked,Critical,Comms,89,2025-08-28
3892,400,Blocked,Low,Comms,41,2025-07-02
3893,574,Closed,High,Software,98,2025-06-26
3894,241,Open,High,Software,75,2026-03-27
3895,655,Blocked,Low,Hull,90,2026-04-26
3896,477,Closed,Low,Software,71,2025-07-12
3897,1186,Closed,Critical,Hydraulics,31,2025-06-18
3898,95,In Progress,Medium,Avionics,36,2026-02-28
3899,319,In Progress,Medium,Hydraulics,89,2025-07-25
3900,1062,Open,Medium,Comms,73,2026-02-22
3901,792,In Progress,Low,Power,4,2025-11-10
3902,315,Open,Critical,Power,1,2026-03-11
3903,50,In Progress,High,Software,118,2026-04-25
3904,892,Closed,Critical,Software,39,2025-10-08
3905,958,Closed,Low,Comms,20,2026-02-23
3906,797,In Progress,Low,Hull,41,2026-02-18
3907,977,Closed,Critical,Hydraulics,53,2025-08-05
3908,1032,Blocked,Low,Hydraulics,63,2026-02-05
3909,397,In Progress,Low,Hydraulics,25,2025-06-28
3910,89,Open,Critical,Avionics,78,2026-01-21
3911,1190,Blocked,Medium,Hull,64,2025-12-12
3912,104,Blocked,Critical,Avionics,68,2025-12-27
3913,812,Open,Medium,Avionics,73,2026-03-24
3914,1039,In Progress,Critical,Hull,59,2026-05-18
3915,1081,Open,Medium,Hull,70,2026-05-06
3916,1176,Open,Critical,Avionics,49,2025-12-20
3917,818,In Progress,Low,Hull,76,2025-12-29
3918,97,In Progress,High,Power,22,2026-01-12
3919,1115,Closed,High,Power,65,2026-01-23
3920,48,Open,Critical,Comms,58,2025-09-07
3921,275,Blocked,Medium,Avionics,86,2025-09-27
3922,935,Open,Critical,Hydraulics,16,2026-05-10
3923,85,In Progress,Low,Power,72,2025-07-07
3924,9,Blocked,High,Power,117,2025-10-30
3925,1087,Open,Critical,Power,115,2025-08-07
3926,1094,In Progress,Medium,Power,54,2026-05-20
3927,652,Closed,Critical,Comms,82,2025-12-15
3928,278,Open,Critical,Hydraulics,13,2025-12-02
3929,444,Open,Low,Hull,91,2025-07-17
3930,866,Blocked,Critical,Avionics,41,2025-09-06
3931,1184,Blocked,Critical,Hydraulics,82,2026-01-11
3932,50,Open,Critical,Comms,28,2026-04-24
3933,912,Blocked,Medium,Comms,119,2026-02-09
3934,494,Open,Critical,Hydraulics,54,2025-11-11
3935,1078,Open,Critical,Power,115,2025-06-26
3936,165,Blocked,High,Hull,70,2026-06-06
3937,202,Closed,Medium,Hydraulics,92,2025-07-14
3938,160,In Progress,High,Avionics,108,2025-06-19
3939,979,Closed,High,Hydraulics,35,2026-02-13
3940,985,Blocked,High,Hydraulics,26,2025-09-24
3941,228,In Progress,Critical,Hull,29,2026-02-19
3942,80,Closed,High,Hull,56,2025-10-02
3943,277,Blocked,Low,Avionics,118,2025-07-26
3944,903,Closed,High,Power,115,2026-03-12
3945,28,Blocked,Low,Hull,58,2025-08-13
3946,603,Closed,Critical,Hydraulics,15,2025-08-26
3947,995,Closed,High,Power,81,2026-05-09
3948,257,Blocked,High,Comms,110,2025-06-27
3949,616,Blocked,Medium,Power,72,2025-11-24
3950,865,Closed,Critical,Hydraulics,79,2026-02-27
3951,366,Closed,Low,Hydraulics,18,2025-11-06
3952,861,Blocked,Critical,Avionics,56,2026-06-12
3953,49,Blocked,Low,Power,14,2025-12-26
3954,467,Closed,Medium,Comms,119,2025-11-01
3955,478,In Progress,Critical,Hydraulics,79,2026-04-11
3956,277,Closed,Medium,Hydraulics,20,2025-08-04
3957,734,Closed,High,Comms,65,2026-02-26
3958,863,Closed,Medium,Hull,12,2026-04-02
3959,124,Blocked,Medium,Hull,48,2026-03-31
3960,1019,Open,High,Software,117,2026-01-13
3961,640,Closed,Medium,Comms,119,2026-04-20
3962,163,In Progress,High,Hull,19,2025-12-21
3963,986,Blocked,Medium,Avionics,83,2025-09-16
3964,817,Open,Low,Comms,10,2026-03-06
3965,305,Closed,Critical,Power,110,2026-03-18
3966,800,Closed,Low,Avionics,37,2025-07-05
3967,75,Open,Low,Avionics,77,2026-04-06
3968,218,Closed,Critical,Power,107,2025-12-09
3969,662,Blocked,High,Power,120,2026-03-28
3970,510,Open,Low,Avionics,61,2026-05-21
3971,1063,Closed,High,Hydraulics,84,2026-02-25
3972,1006,In Progress,High,Avionics,117,2025-07-19
3973,645,In Progress,Medium,Power,86,2026-05-10
3974,1127,In Progress,Critical,Avionics,64,2025-08-14
3975,407,Open,Medium,Hull,51,2025-11-16
3976,765,Open,Critical,Avionics,96,2025-11-05
3977,917,Closed,Low,Avionics,111,2025-10-21
3978,242,Open,Critical,Hydraulics,86,2026-04-25
3979,518,In Progress,Low,Power,5,2026-02-24
3980,46,Blocked,Critical,Hydraulics,19,2025-07-23
3981,939,Blocked,Critical,Hydraulics,40,2025-11-20
3982,1179,Closed,High,Power,18,2025-11-08
3983,883,Open,High,Power,25,2025-11-17
3984,583,Closed,Critical,Comms,109,2025-07-21
3985,540,Open,Low,Hull,2,2025-12-01
3986,322,Blocked,High,Hydraulics,92,2026-04-02
3987,1126,Blocked,Critical,Power,77,2025-07-27
3988,1149,Blocked,Critical,Software,120,2025-07-17
3989,384,Blocked,Low,Comms,9,2025-07-30
3990,706,In Progress,High,Software,95,2025-07-01
3991,338,Open,Medium,Avionics,52,2025-12-14
3992,561,Open,Medium,Comms,32,2025-07-25
3993,275,Closed,Critical,Comms,36,2026-02-23
3994,604,In Progress,High,Hydraulics,100,2025-06-23
3995,298,Blocked,High,Comms,59,2025-10-18
3996,1076,Closed,Critical,Comms,83,2025-12-26
3997,579,Blocked,Low,Hull,59,2026-01-09
3998,266,Closed,High,Comms,36,2026-03-23
3999,985,In Progress,Medium,Comms,100,2026-01-10
4000,606,Open,Low,Hull,58,2025-12-13
4001,153,Open,Low,Software,74,2026-01-18
4002,906,Blocked,High,Hydraulics,79,2025-08-23
4003,1041,In Progress,Medium,Avionics,49,2026-05-29
4004,532,Open,Medium,Hydraulics,65,2025-11-13
4005,260,Blocked,Critical,Software,45,2025-10-26
4006,963,In Progress,Low,Power,67,2026-05-01
4007,147,Blocked,Low,Comms,47,2025-08-06
4008,962,Blocked,Low,Software,96,2025-12-02
4009,535,Blocked,Medium,Comms,45,2025-07-15
4010,776,Open,High,Comms,19,2025-06-27
4011,457,In Progress,High,Power,36,2026-03-04
4012,115,Open,Critical,Software,99,2026-04-22
4013,42,In Progress,Critical,Avionics,94,2026-05-03
4014,491,Blocked,High,Hydraulics,42,2025-08-24
4015,922,Blocked,High,Software,3,2026-05-01
4016,968,Open,Medium,Hydraulics,67,2026-01-24
4017,335,Open,Low,Avionics,24,2026-02-01
4018,806,In Progress,High,Avionics,85,2026-02-07
4019,1047,Blocked,Low,Power,34,2025-12-29
4020,1016,Closed,Medium,Comms,59,2026-04-19
4021,107,Open,Critical,Power,110,2025-11-16
4022,58,Open,Critical,Software,48,2025-12-17
4023,41,In Progress,Critical,Hull,86,2026-02-17
4024,446,Closed,Medium,Hull,23,2026-02-16
4025,523,In Progress,Medium,Hull,43,2026-02-04
4026,928,Open,Medium,Hull,78,2026-03-14
4027,1076,Blocked,Low,Comms,63,2025-08-25
4028,83,In Progress,Critical,Hull,78,2025-06-20
4029,1060,Closed,Critical,Comms,43,2025-09-17
4030,334,Closed,Medium,Hydraulics,50,2025-09-27
4031,1159,Blocked,Low,Power,36,2025-08-08
4032,549,In Progress,Low,Software,118,2026-01-19
4033,743,In Progress,Critical,Software,22,2026-05-02
4034,819,Open,Medium,Avionics,54,2026-04-19
4035,721,Blocked,Low,Software,93,2025-12-31
4036,1183,In Progress,High,Hull,119,2025-09-04
4037,582,Closed,Critical,Avionics,47,2026-04-14
4038,679,In Progress,Medium,Hydraulics,10,2025-08-01
4039,914,Open,Medium,Comms,28,2026-02-23
4040,612,Blocked,Critical,Hull,113,2025-07-10
4041,131,Open,Critical,Hull,49,2025-09-12
4042,739,In Progress,Low,Avionics,103,2026-05-11
4043,42,Open,Low,Hydraulics,64,2026-01-01
4044,1083,Blocked,Critical,Comms,79,2026-04-14
4045,1154,Closed,High,Avionics,99,2025-06-20
4046,11,Open,High,Comms,17,2025-06-21
4047,667,Open,Medium,Comms,101,2025-06-19
4048,864,Open,Medium,Software,90,2025-09-15
4049,6,In Progress,High,Hull,107,2026-05-23
4050,785,In Progress,Medium,Comms,72,2026-05-02
4051,958,Closed,Medium,Power,87,2025-10-20
4052,789,In Progress,Medium,Hull,117,2025-10-07
4053,1056,Blocked,Critical,Hydraulics,12,2026-03-12
4054,158,In Progress,High,Comms,34,2026-05-09
4055,423,In Progress,Critical,Comms,4,2026-01-10
4056,911,Closed,High,Software,25,2026-04-16
4057,199,Blocked,High,Power,84,2025-07-25
4058,549,Closed,Low,Comms,35,2025-10-05
4059,647,In Progress,Critical,Comms,34,2026-05-02
4060,415,Open,High,Software,120,2025-11-21
4061,289,Closed,Critical,Comms,10,2026-03-12
4062,727,In Progress,Critical,Comms,82,2025-08-10
4063,848,Open,High,Comms,57,2025-10-23
4064,121,Open,High,Software,20,2026-01-03
4065,716,Open,Low,Avionics,25,2025-06-30
4066,184,Closed,Critical,Hydraulics,3,2026-03-13
4067,977,Open,High,Power,36,2026-04-05
4068,765,Closed,Critical,Avionics,80,2025-07-03
4069,836,Closed,Critical,Comms,49,2025-10-13
4070,20,Blocked,Low,Avionics,92,2025-07-07
4071,554,Blocked,Medium,Avionics,99,2026-02-21
4072,167,In Progress,Low,Hull,84,2025-12-02
4073,762,Closed,High,Hull,89,2026-01-22
4074,623,Blocked,Critical,Hull,109,2025-06-19
4075,809,Closed,High,Hydraulics,93,2025-11-06
4076,286,Closed,Critical,Power,11,2025-11-08
4077,121,Open,High,Hull,67,2026-04-26
4078,665,In Progress,Low,Hydraulics,32,2026-03-27
4079,112,Closed,High,Comms,24,2026-03-22
4080,241,Closed,High,Comms,3,2026-05-15
4081,857,Closed,Low,Power,29,2025-12-22
4082,948,Open,Medium,Power,27,2025-08-26
4083,607,Open,Medium,Hull,91,2025-12-24
4084,1082,Closed,Low,Hydraulics,75,2026-05-04
4085,415,Closed,Low,Avionics,46,2025-12-27
4086,116,Open,Critical,Avionics,56,2025-12-31
4087,816,Closed,Low,Software,7,2025-11-02
4088,452,Closed,Critical,Avionics,43,2025-11-13
4089,1181,Blocked,Low,Avionics,16,2026-05-14
4090,943,Closed,Critical,Software,56,2025-11-15
4091,416,Blocked,Low,Hull,57,2025-11-14
4092,67,Open,Critical,Software,60,2025-08-26
4093,556,Open,Critical,Hydraulics,20,2026-05-31
4094,1048,Open,Medium,Software,86,2026-02-17
4095,1004,Closed,High,Hull,109,2025-12-07
4096,1154,Blocked,Medium,Hydraulics,59,2025-07-11
4097,714,Closed,Critical,Software,88,2026-05-17
4098,883,Closed,Medium,Power,118,2025-12-01
4099,1029,In Progress,Medium,Avionics,112,2025-08-23
4100,74,Open,Critical,Power,33,2025-11-14
4101,1000,Blocked,High,Avionics,15,2026-05-19
4102,399,Closed,Medium,Hull,110,2026-01-11
4103,311,Open,Low,Power,49,2025-10-04
4104,914,Blocked,Low,Avionics,69,2026-02-17
4105,327,Blocked,Medium,Hull,40,2025-08-21
4106,244,Closed,Medium,Avionics,54,2025-11-04
4107,668,Blocked,Low,Comms,82,2025-07-23
4108,344,Open,Medium,Power,117,2026-04-24
4109,1168,In Progress,Critical,Hull,69,2026-03-02
4110,176,Open,Medium,Comms,107,2026-02-02
4111,129,Open,High,Software,94,2025-12-02
4112,153,Closed,Medium,Software,103,2025-12-31
4113,48,Blocked,Low,Hull,77,2026-03-10
4114,99,Closed,High,Comms,40,2026-02-17
4115,577,Open,High,Power,88,2025-09-21
4116,1119,Blocked,Low,Avionics,78,2026-02-23
4117,457,In Progress,High,Hull,72,2025-09-19
4118,1157,Open,Low,Software,88,2026-04-16
4119,329,Open,Critical,Avionics,80,2026-04-03
4120,1026,Open,Critical,Comms,55,2026-03-18
4121,1071,Blocked,Low,Power,111,2025-12-06
4122,166,Closed,Critical,Comms,50,2025-10-26
4123,197,Closed,Low,Hull,88,2026-04-02
4124,312,In Progress,High,Avionics,53,2026-04-06
4125,961,Open,Low,Power,95,2025-12-06
4126,1063,In Progress,High,Power,87,2026-05-23
4127,24,Closed,High,Hull,92,2025-07-01
4128,661,In Progress,Critical,Power,1,2025-11-20
4129,69,Open,Medium,Hydraulics,11,2025-09-21
4130,749,Closed,Low,Avionics,58,2026-04-20
4131,712,In Progress,Critical,Hydraulics,88,2025-12-29
4132,636,Closed,High,Hull,34,2026-01-01
4133,206,Blocked,High,Software,120,2026-05-30
4134,434,Blocked,Medium,Avionics,77,2026-04-30
4135,1173,Open,Low,Avionics,18,2026-05-02
4136,827,In Progress,Medium,Power,120,2026-06-09
4137,275,Closed,Medium,Hull,90,2025-12-28
4138,970,Blocked,Low,Software,40,2026-04-12
4139,339,In Progress,Critical,Hydraulics,79,2025-11-04
4140,739,Blocked,High,Hydraulics,89,2025-12-22
4141,570,In Progress,High,Avionics,31,2026-01-18
4142,1071,Open,Low,Avionics,41,2025-10-29
4143,695,Closed,Critical,Software,36,2025-06-26
4144,205,Open,High,Hydraulics,80,2025-09-07
4145,1118,Blocked,High,Hydraulics,21,2026-01-12
4146,420,Blocked,Critical,Avionics,65,2026-05-18
4147,442,In Progress,Critical,Avionics,60,2025-08-29
4148,655,Blocked,Medium,Hydraulics,88,2025-12-02
4149,452,Blocked,Medium,Hydraulics,33,2025-11-23
4150,297,In Progress,Low,Software,45,2025-09-26
4151,989,Blocked,Critical,Hull,22,2026-03-05
4152,1130,Closed,Low,Hydraulics,114,2025-10-04
4153,457,Open,High,Avionics,54,2025-08-17
4154,531,Blocked,High,Comms,67,2025-07-23
4155,91,In Progress,High,Software,115,2025-09-25
4156,600,Closed,Low,Comms,70,2026-01-30
4157,327,In Progress,Critical,Power,95,2026-02-11
4158,712,In Progress,Critical,Software,25,2025-12-30
4159,926,Closed,Low,Hydraulics,81,2025-10-08
4160,740,In Progress,Critical,Hull,3,2026-01-04
4161,1073,Blocked,Low,Power,69,2026-05-06
4162,273,Closed,Medium,Hydraulics,97,2025-08-19
4163,416,Closed,Low,Hull,48,2026-02-14
4164,42,Open,Low,Power,26,2026-05-22
4165,278,Open,Critical,Hydraulics,107,2026-05-24
4166,616,Blocked,Low,Hull,62,2025-10-08
4167,692,Closed,Critical,Hydraulics,95,2025-10-01
4168,999,In Progress,Low,Hull,76,2025-08-20
4169,1101,Open,Critical,Software,4,2025-12-07
4170,682,In Progress,Medium,Software,120,2025-11-23
4171,1195,In Progress,Low,Comms,20,2026-03-09
4172,457,Blocked,Critical,Hull,89,2026-04-03
4173,745,Closed,Medium,Hull,35,2026-04-19
4174,591,Open,High,Hydraulics,81,2026-05-21
4175,672,In Progress,Critical,Hydraulics,20,2025-08-23
4176,25,Blocked,Medium,Hull,107,2025-11-13
4177,526,In Progress,High,Software,73,2025-08-15
4178,792,In Progress,Low,Software,8,2026-05-17
4179,917,Closed,Low,Avionics,118,2025-09-09
4180,886,Blocked,Medium,Power,10,2025-12-17
4181,76,In Progress,Critical,Software,93,2026-01-11
4182,312,Open,Medium,Hull,19,2025-09-13
4183,1193,Open,Critical,Power,89,2025-10-11
4184,380,Blocked,Critical,Comms,64,2025-10-03
4185,217,In Progress,Low,Hull,84,2025-11-08
4186,391,Blocked,Low,Hull,77,2025-12-16
4187,683,In Progress,Critical,Power,81,2026-04-06
4188,71,Blocked,Critical,Avionics,18,2025-09-15
4189,439,In Progress,High,Software,68,2026-03-21
4190,1119,Closed,Low,Avionics,68,2026-04-17
4191,141,Open,Low,Hull,13,2026-06-08
4192,579,In Progress,Medium,Comms,52,2026-05-26
4193,53,Closed,Medium,Software,4,2025-07-02
4194,1040,Blocked,High,Power,101,2026-05-17
4195,558,Closed,Medium,Hydraulics,100,2025-10-12
4196,232,In Progress,Medium,Hull,110,2026-06-01
4197,1013,Closed,Critical,Hydraulics,111,2025-11-05
4198,1145,Open,Medium,Comms,76,2025-11-16
4199,156,Blocked,Low,Hydraulics,66,2025-12-11
4200,609,Open,Medium,Software,61,2026-04-05
4201,1168,Blocked,Critical,Hull,66,2026-02-14
4202,536,Open,Medium,Software,16,2025-07-07
4203,1139,Open,Low,Software,109,2026-05-12
4204,968,Closed,High,Hydraulics,77,2026-01-09
4205,188,Open,Medium,Avionics,21,2025-06-18
4206,792,Closed,High,Power,50,2026-01-29
4207,16,Open,Medium,Hydraulics,88,2026-02-25
4208,436,In Progress,Low,Avionics,63,2026-03-07
4209,1081,Closed,Low,Avionics,40,2026-01-25
4210,364,In Progress,Medium,Hull,110,2026-05-21
4211,645,Open,Low,Software,41,2026-02-03
4212,342,Closed,Low,Hydraulics,4,2026-04-02
4213,536,Closed,Low,Power,17,2026-04-12
4214,929,Closed,Medium,Avionics,71,2026-04-21
4215,1161,Open,Low,Software,45,2026-04-13
4216,462,Open,Low,Avionics,116,2026-05-08
4217,143,In Progress,Critical,Power,9,2025-11-08
4218,462,In Progress,Critical,Hydraulics,25,2025-11-17
4219,1113,Open,Low,Hydraulics,85,2025-12-03
4220,920,In Progress,Low,Avionics,109,2026-01-20
4221,1159,Blocked,Low,Avionics,10,2025-10-30
4222,568,Closed,Critical,Avionics,111,2025-07-20
4223,484,Open,Critical,Hull,64,2025-07-01
4224,293,In Progress,Critical,Avionics,81,2026-03-04
4225,579,Open,High,Comms,92,2025-10-23
4226,1171,Closed,Low,Comms,108,2026-03-10
4227,420,In Progress,High,Hydraulics,27,2025-08-15
4228,743,Open,Low,Hull,91,2025-12-10
4229,384,In Progress,Critical,Power,9,2025-11-09
4230,74,Blocked,High,Hull,16,2025-07-12
4231,994,Open,Medium,Power,86,2026-06-09
4232,153,Open,High,Hydraulics,29,2026-03-09
4233,258,Closed,Low,Hull,26,2026-01-20
4234,113,Blocked,Medium,Avionics,62,2025-08-08
4235,634,In Progress,Low,Power,73,2025-06-26
4236,860,Blocked,Critical,Hydraulics,31,2025-11-29
4237,1154,In Progress,Low,Hull,29,2026-05-17
4238,1060,Closed,High,Power,26,2026-01-18
4239,454,Blocked,Low,Software,3,2026-02-28
4240,24,Blocked,Low,Avionics,51,2025-10-31
4241,291,Closed,Critical,Power,6,2025-06-25
4242,190,Closed,High,Software,31,2025-07-07
4243,249,Closed,High,Power,1,2025-09-18
4244,37,Blocked,Medium,Comms,116,2025-09-25
4245,759,Blocked,High,Hull,111,2025-10-20
4246,589,Open,Medium,Avionics,65,2026-04-23
4247,217,In Progress,Low,Hydraulics,22,2026-04-17
4248,5,Closed,Low,Power,14,2025-11-03
4249,1070,Closed,Low,Comms,3,2025-09-11
4250,230,Blocked,Critical,Avionics,59,2026-05-27
4251,704,In Progress,Low,Hull,105,2025-10-31
4252,946,Blocked,Critical,Avionics,36,2025-11-27
4253,822,Closed,Low,Comms,21,2025-08-13
4254,298,In Progress,High,Comms,78,2025-10-31
4255,884,Closed,High,Software,113,2025-08-12
4256,1143,In Progress,Critical,Avionics,19,2026-05-05
4257,8,Closed,High,Avionics,114,2026-04-30
4258,62,Closed,Medium,Comms,44,2025-06-24
4259,466,Closed,High,Hull,97,2025-07-28
4260,605,Blocked,Low,Power,101,2025-10-11
4261,293,Open,Critical,Comms,117,2026-01-10
4262,1193,Blocked,Critical,Power,28,2026-04-13
4263,132,Blocked,High,Software,48,2026-01-07
4264,728,Open,Low,Avionics,19,2026-01-09
4265,38,Blocked,Critical,Power,61,2025-06-24
4266,401,Closed,High,Power,18,2025-08-26
4267,920,Blocked,Medium,Hydraulics,53,2025-06-27
4268,191,Open,Low,Software,67,2026-03-15
4269,327,Blocked,High,Avionics,83,2026-02-06
4270,1069,Blocked,Low,Comms,56,2026-03-02
4271,609,Open,Critical,Hydraulics,108,2026-02-28
4272,406,Open,Critical,Hull,38,2025-06-27
4273,231,Open,Critical,Hull,2,2026-05-27
4274,343,Blocked,Medium,Hydraulics,43,2025-11-30
4275,662,Open,Medium,Hydraulics,33,2025-06-18
4276,192,Closed,Critical,Hydraulics,24,2026-04-17
4277,1119,Blocked,Low,Power,119,2025-08-11
4278,142,Blocked,Critical,Power,87,2026-03-11
4279,65,Closed,Low,Hydraulics,58,2025-12-23
4280,75,Blocked,High,Software,22,2026-01-24
4281,1134,Closed,Low,Hydraulics,79,2026-04-16
4282,419,Closed,Medium,Software,81,2025-08-07
4283,212,In Progress,Low,Software,55,2026-02-08
4284,725,Open,Critical,Hydraulics,104,2026-05-08
4285,125,Blocked,Critical,Hull,36,2025-12-09
4286,838,Closed,Critical,Power,60,2025-10-28
4287,1137,Closed,High,Hydraulics,43,2025-12-13
4288,98,Blocked,High,Avionics,96,2026-01-26
4289,160,In Progress,High,Software,75,2025-09-23
4290,1157,Blocked,Medium,Hull,113,2025-11-01
4291,32,Closed,Medium,Avionics,2,2026-04-28
4292,296,Blocked,High,Avionics,33,2025-10-13
4293,489,Blocked,Medium,Comms,43,2026-04-16
4294,289,In Progress,Low,Hydraulics,119,2025-09-26
4295,1110,Blocked,Critical,Software,16,2026-06-05
4296,1100,Open,Low,Power,24,2025-10-02
4297,1086,Open,Medium,Power,25,2025-09-28
4298,31,Closed,Critical,Hydraulics,114,2025-11-16
4299,31,Open,Medium,Hydraulics,72,2026-06-08
4300,1080,Open,High,Avionics,95,2026-01-23
4301,883,Closed,Critical,Hull,76,2026-06-06
4302,292,Open,Low,Comms,3,2026-03-09
4303,673,Closed,Low,Avionics,75,2026-05-06
4304,939,Blocked,Low,Hull,38,2025-11-25
4305,628,Blocked,High,Avionics,109,2025-12-07
4306,894,Blocked,Low,Hydraulics,66,2026-02-03
4307,932,Closed,Critical,Hydraulics,71,2025-09-29
4308,626,Open,Medium,Comms,119,2026-04-02
4309,651,Closed,High,Hull,55,2025-12-27
4310,645,In Progress,Critical,Software,49,2026-02-19
4311,369,In Progress,Critical,Hydraulics,92,2025-11-24
4312,975,In Progress,Medium,Power,30,2025-10-30
4313,1002,In Progress,Low,Comms,111,2026-04-12
4314,162,Blocked,Low,Hull,52,2025-10-28
4315,658,Blocked,Low,Avionics,88,2026-03-27
4316,479,In Progress,High,Avionics,115,2026-01-15
4317,919,In Progress,Critical,Hydraulics,74,2025-09-26
4318,1039,Closed,Critical,Comms,71,2025-11-27
4319,176,Open,Critical,Power,104,2025-09-13
4320,178,Closed,Low,Avionics,21,2025-11-04
4321,549,In Progress,Medium,Hull,96,2026-02-20
4322,493,Blocked,Critical,Comms,85,2026-04-22
4323,441,In Progress,Critical,Software,6,2026-01-28
4324,138,Open,Medium,Software,34,2026-01-07
4325,395,Open,High,Hydraulics,45,2025-10-27
4326,987,Closed,Low,Comms,72,2025-11-09
4327,293,Open,Critical,Avionics,14,2025-08-08
4328,588,Closed,Critical,Hydraulics,4,2026-02-15
4329,912,Blocked,Medium,Hull,69,2025-12-13
4330,987,Blocked,Medium,Power,16,2026-05-05
4331,575,Blocked,High,Hull,112,2025-10-14
4332,626,In Progress,Critical,Avionics,84,2025-07-18
4333,201,Blocked,Critical,Software,23,2025-12-04
4334,829,In Progress,Critical,Hull,82,2025-12-27
4335,39,Blocked,Low,Hydraulics,71,2025-09-12
4336,399,Open,Low,Power,71,2026-06-14
4337,750,Open,Critical,Hull,48,2025-07-11
4338,888,Open,Low,Comms,102,2025-09-28
4339,542,Open,Low,Comms,17,2026-05-12
4340,577,Closed,High,Comms,24,2026-02-14
4341,1139,Closed,Medium,Avionics,60,2025-11-25
4342,421,Closed,High,Avionics,119,2025-11-26
4343,1117,In Progress,Critical,Hull,107,2025-11-12
4344,413,Blocked,Low,Software,25,2025-08-27
4345,192,In Progress,Low,Hull,117,2025-11-26
4346,274,In Progress,Medium,Software,96,2026-03-07
4347,15,Blocked,High,Avionics,84,2026-05-31
4348,470,In Progress,Low,Power,73,2026-06-16
4349,230,Closed,Low,Power,63,2025-08-26
4350,845,In Progress,High,Comms,62,2025-12-25
4351,405,Open,Critical,Hydraulics,113,2025-11-24
4352,479,In Progress,Critical,Comms,21,2026-03-27
4353,999,Open,Low,Power,45,2026-06-16
4354,426,Blocked,Medium,Comms,65,2026-04-12
4355,1096,Open,Medium,Hydraulics,12,2025-12-15
4356,410,Closed,Critical,Avionics,53,2026-05-01
4357,106,In Progress,Medium,Software,40,2026-05-29
4358,149,Closed,Critical,Hull,2,2026-06-05
4359,317,Blocked,Critical,Software,2,2026-05-02
4360,967,Closed,Medium,Comms,88,2026-02-15
4361,514,Open,Low,Power,89,2025-12-18
4362,63,Open,Medium,Hull,62,2025-12-24
4363,1100,In Progress,Low,Software,66,2025-11-03
4364,499,In Progress,Critical,Software,83,2026-02-15
4365,1107,In Progress,High,Avionics,100,2026-03-29
4366,1140,In Progress,Medium,Hull,83,2026-03-10
4367,1059,Blocked,Low,Hull,74,2025-08-19
4368,714,Blocked,Medium,Hydraulics,106,2025-06-20
4369,864,In Progress,Medium,Hydraulics,6,2026-02-22
4370,899,Blocked,Medium,Software,54,2025-06-28
4371,204,Blocked,Low,Hull,103,2026-04-12
4372,327,Open,Medium,Comms,50,2025-10-13
4373,1021,Open,Low,Comms,74,2025-12-29
4374,573,Closed,Critical,Avionics,11,2025-10-03
4375,568,In Progress,Low,Software,114,2025-08-20
4376,2,Blocked,High,Hull,14,2026-04-13
4377,325,In Progress,Low,Hull,17,2025-11-11
4378,584,Blocked,Critical,Software,43,2025-09-20
4379,825,In Progress,Medium,Hull,70,2025-11-12
4380,1140,Open,Critical,Hull,119,2025-07-20
4381,454,Closed,Medium,Hull,53,2026-03-07
4382,52,In Progress,Critical,Software,113,2026-04-26
4383,680,In Progress,Low,Hull,72,2026-03-25
4384,1166,Closed,Low,Power,99,2025-10-21
4385,972,Open,High,Comms,53,2025-07-18
4386,1124,In Progress,High,Hull,52,2025-07-10
4387,500,Closed,Medium,Comms,107,2026-05-08
4388,761,Open,Critical,Software,35,2026-02-18
4389,725,Blocked,Medium,Hull,58,2025-09-10
4390,987,Blocked,Critical,Software,18,2025-12-24
4391,567,In Progress,High,Hull,10,2026-02-01
4392,1098,Closed,Medium,Power,40,2025-12-17
4393,1109,In Progress,Medium,Software,114,2026-04-20
4394,773,Blocked,Low,Hydraulics,35,2026-01-30
4395,547,Open,High,Hydraulics,45,2025-12-28
4396,799,Open,Critical,Hydraulics,16,2026-04-16
4397,982,Blocked,Medium,Software,72,2025-11-21
4398,1120,Closed,Low,Avionics,93,2025-12-19
4399,7,Closed,Medium,Comms,53,2025-10-09
4400,427,Blocked,Medium,Avionics,29,2025-07-26
4401,1041,Blocked,Low,Hydraulics,63,2026-02-05
4402,524,In Progress,Low,Hull,79,2025-11-23
4403,1125,Closed,Low,Power,41,2025-11-13
4404,247,Closed,Low,Avionics,79,2025-07-06
4405,948,Closed,Low,Comms,96,2026-03-31
4406,1029,In Progress,Medium,Comms,11,2025-12-14
4407,482,Blocked,Medium,Avionics,22,2026-04-04
4408,965,Blocked,High,Hydraulics,46,2026-03-13
4409,88,Closed,Low,Power,58,2026-01-09
4410,747,Blocked,High,Hull,39,2026-01-27
4411,1068,In Progress,Critical,Comms,20,2025-12-03
4412,1138,Open,Low,Comms,117,2025-07-26
4413,1015,Blocked,Low,Hull,8,2026-05-10
4414,691,Closed,High,Hydraulics,67,2026-02-23
4415,582,Open,Low,Software,52,2025-10-29
4416,14,Closed,Low,Hull,106,2026-04-29
4417,239,Open,Critical,Comms,44,2025-08-23
4418,397,Closed,Low,Hull,52,2025-10-07
4419,43,Blocked,Medium,Power,89,2026-03-13
4420,768,Closed,Critical,Comms,76,2025-09-20
4421,188,Blocked,Low,Hydraulics,30,2025-11-04
4422,793,Blocked,Critical,Hull,43,2026-05-11
4423,742,Closed,High,Avionics,50,2025-10-17
4424,1140,Blocked,Medium,Hydraulics,54,2026-02-23
4425,44,In Progress,High,Hydraulics,112,2026-05-24
4426,1075,Blocked,Medium,Software,91,2026-01-22
4427,892,Closed,Critical,Comms,7,2026-03-06
4428,1120,Closed,Low,Power,67,2026-01-07
4429,1139,Blocked,Low,Avionics,38,2026-06-04
4430,41,Closed,Medium,Hydraulics,40,2026-06-05
4431,1079,Blocked,Critical,Power,14,2025-08-27
4432,283,Open,Critical,Software,113,2025-10-10
4433,494,Open,Critical,Hydraulics,21,2025-11-02
4434,427,Blocked,Low,Power,28,2025-09-12
4435,144,Open,Medium,Hydraulics,36,2025-06-19
4436,663,Closed,High,Software,79,2026-04-10
4437,63,Closed,Low,Hydraulics,44,2025-08-14
4438,822,Closed,Critical,Hydraulics,32,2026-05-05
4439,118,In Progress,Critical,Hull,45,2026-03-05
4440,915,Closed,Medium,Comms,10,2025-07-17
4441,759,Open,Low,Power,13,2026-02-10
4442,484,Closed,Critical,Hull,62,2025-12-16
4443,778,Blocked,Critical,Software,85,2025-07-08
4444,414,In Progress,Medium,Power,112,2025-07-17
4445,785,In Progress,Critical,Hull,11,2025-09-26
4446,864,Blocked,Critical,Power,100,2025-12-23
4447,925,In Progress,Low,Avionics,108,2025-06-28
4448,627,Blocked,High,Comms,4,2026-03-23
4449,335,Blocked,High,Hydraulics,72,2025-12-28
4450,1083,Closed,Medium,Software,58,2025-11-25
4451,827,Open,High,Hydraulics,87,2026-02-22
4452,796,Closed,Critical,Power,99,2026-04-10
4453,1119,Closed,Critical,Software,112,2025-10-16
4454,17,Closed,Critical,Hydraulics,73,2025-11-27
4455,162,Open,High,Software,89,2025-12-11
4456,491,Open,High,Comms,93,2025-09-30
4457,585,Blocked,Low,Power,34,2026-02-07
4458,956,In Progress,High,Hull,7,2025-08-10
4459,928,Blocked,Medium,Power,35,2025-08-21
4460,704,Closed,Medium,Software,53,2026-05-05
4461,131,Blocked,Low,Power,59,2025-07-11
4462,335,Blocked,Critical,Avionics,59,2025-08-02
4463,651,In Progress,Low,Software,16,2026-02-13
4464,518,Open,Critical,Hydraulics,58,2026-06-16
4465,1119,Open,Medium,Hydraulics,41,2026-01-03
4466,848,Open,Low,Software,84,2026-04-13
4467,763,Closed,Critical,Hull,1,2025-09-12
4468,962,Open,High,Avionics,25,2025-11-06
4469,1180,In Progress,Medium,Power,51,2026-04-09
4470,926,Blocked,Critical,Comms,104,2026-06-14
4471,808,Open,Medium,Hull,100,2026-01-30
4472,988,Closed,Low,Hydraulics,53,2025-09-15
4473,833,Closed,Critical,Avionics,52,2026-01-17
4474,477,Closed,Medium,Hydraulics,102,2026-02-06
4475,1094,In Progress,Low,Avionics,26,2025-12-25
4476,292,In Progress,Critical,Power,88,2025-11-06
4477,1057,Blocked,Critical,Avionics,79,2025-12-22
4478,518,Closed,Critical,Power,104,2026-03-19
4479,567,Closed,Critical,Avionics,100,2025-08-31
4480,641,Closed,Medium,Power,35,2026-01-13
4481,509,Blocked,High,Power,14,2026-03-29
4482,271,Closed,Low,Hull,22,2026-05-08
4483,100,Open,Low,Comms,23,2025-12-20
4484,1088,Blocked,Medium,Software,21,2026-03-20
4485,1091,Open,Low,Comms,76,2025-11-19
4486,334,Blocked,Low,Hydraulics,110,2025-12-07
4487,790,Open,High,Power,82,2026-05-11
4488,727,Closed,Critical,Software,54,2025-08-25
4489,81,Open,Low,Software,22,2025-07-06
4490,448,Open,Medium,Power,18,2025-08-08
4491,616,Blocked,Low,Avionics,119,2026-05-16
4492,642,Blocked,Critical,Software,89,2025-11-07
4493,547,Closed,Medium,Hull,67,2026-01-25
4494,855,In Progress,Low,Hull,58,2025-09-25
4495,1169,In Progress,Medium,Hydraulics,31,2026-01-08
4496,674,Blocked,Critical,Hydraulics,3,2026-06-08
4497,192,Blocked,High,Power,58,2026-03-09
4498,807,Open,Critical,Hull,112,2026-01-22
4499,359,Open,High,Comms,54,2025-11-02
4500,577,Open,Low,Hydraulics,10,2026-05-22
4501,1095,Open,High,Comms,84,2025-06-27
4502,998,In Progress,Medium,Comms,53,2025-10-03
4503,755,In Progress,Medium,Power,82,2025-12-25
4504,877,Blocked,High,Power,55,2026-06-07
4505,131,Open,Medium,Hydraulics,98,2026-04-10
4506,1110,Closed,High,Hull,87,2025-08-09
4507,356,Blocked,Critical,Power,87,2026-04-21
4508,107,In Progress,Low,Comms,66,2025-10-01
4509,235,In Progress,High,Power,28,2026-03-06
4510,696,In Progress,High,Power,81,2025-10-16
4511,881,Closed,Medium,Comms,83,2026-05-09
4512,5,Open,Critical,Hydraulics,101,2026-05-19
4513,1038,Closed,High,Power,109,2026-01-18
4514,150,Blocked,Medium,Avionics,60,2025-12-16
4515,560,Blocked,Low,Avionics,48,2026-06-11
4516,1098,Blocked,Medium,Avionics,98,2025-09-22
4517,709,Blocked,High,Hull,92,2025-10-04
4518,720,In Progress,Low,Avionics,52,2026-05-14
4519,48,Open,Critical,Avionics,80,2026-06-06
4520,715,In Progress,Critical,Comms,57,2025-07-16
4521,319,In Progress,High,Avionics,30,2026-03-09
4522,244,Blocked,High,Hull,40,2026-02-21
4523,467,Blocked,High,Hydraulics,71,2026-04-03
4524,34,Blocked,High,Comms,3,2026-02-22
4525,126,In Progress,Medium,Avionics,74,2025-07-02
4526,727,Closed,Low,Software,64,2026-05-28
4527,498,Blocked,Low,Comms,25,2025-12-01
4528,1192,Open,Low,Hydraulics,98,2026-01-16
4529,557,In Progress,Medium,Comms,80,2026-02-22
4530,326,In Progress,Critical,Avionics,115,2026-04-14
4531,678,Blocked,High,Comms,45,2026-01-17
4532,784,Blocked,Medium,Software,64,2025-07-20
4533,761,Blocked,Critical,Comms,119,2025-07-16
4534,907,In Progress,Medium,Software,32,2025-08-06
4535,1189,In Progress,High,Avionics,4,2025-08-22
4536,1185,Open,High,Software,65,2026-03-18
4537,1042,Closed,High,Software,57,2025-10-19
4538,1087,Open,Medium,Comms,109,2025-07-22
4539,1159,Closed,High,Hydraulics,93,2025-08-06
4540,1044,Closed,Medium,Software,26,2026-02-21
4541,25,Closed,Low,Power,81,2025-10-24
4542,1071,Closed,High,Comms,89,2025-09-01
4543,37,Blocked,Critical,Power,112,2025-12-20
4544,860,Blocked,Medium,Comms,96,2025-06-28
4545,773,Open,Critical,Hydraulics,117,2025-10-01
4546,321,Open,Critical,Software,104,2025-07-26
4547,1040,Blocked,Critical,Software,58,2025-11-05
4548,673,Open,Low,Comms,17,2025-10-16
4549,71,Blocked,Critical,Comms,117,2026-06-15
4550,260,Blocked,Low,Hull,102,2025-12-12
4551,1199,Closed,Low,Power,27,2025-06-17
4552,1190,Closed,Low,Power,118,2025-12-30
4553,1092,Closed,High,Hull,25,2026-05-13
4554,344,In Progress,Low,Power,81,2025-12-15
4555,524,Open,High,Comms,62,2025-10-30
4556,483,Closed,Low,Avionics,117,2026-01-27
4557,1109,Open,Low,Avionics,24,2026-03-18
4558,119,Closed,Medium,Hull,117,2025-08-31
4559,369,Closed,Low,Software,104,2025-08-13
4560,518,Closed,Medium,Avionics,82,2026-03-08
4561,804,Closed,Critical,Power,62,2025-06-26
4562,136,Closed,Low,Comms,74,2025-09-13
4563,451,In Progress,High,Hull,44,2026-03-21
4564,861,In Progress,High,Comms,91,2025-12-03
4565,52,Open,Medium,Comms,116,2026-03-16
4566,395,Open,Low,Avionics,95,2025-09-12
4567,792,In Progress,Low,Hydraulics,12,2025-11-19
4568,677,Open,Medium,Avionics,108,2026-05-31
4569,1009,Open,High,Comms,50,2026-05-04
4570,774,In Progress,High,Avionics,71,2025-10-07
4571,774,Blocked,Low,Hydraulics,72,2025-09-24
4572,482,Closed,Low,Hull,18,2026-02-04
4573,435,Blocked,Medium,Hull,108,2025-07-15
4574,517,Closed,High,Avionics,5,2025-07-09
4575,780,Closed,Low,Avionics,56,2026-04-07
4576,931,Closed,Medium,Hull,68,2025-09-01
4577,1089,Open,Medium,Power,16,2025-09-04
4578,1113,Open,Low,Avionics,59,2025-09-09
4579,330,Blocked,Low,Hull,80,2026-05-23
4580,1092,Open,Low,Comms,13,2026-04-07
4581,935,Blocked,Low,Hull,35,2026-04-09
4582,953,Blocked,Critical,Software,81,2025-09-13
4583,759,Blocked,Critical,Hull,76,2026-03-05
4584,44,In Progress,Medium,Hull,81,2026-06-01
4585,945,Blocked,High,Hull,120,2025-12-09
4586,171,In Progress,Low,Comms,106,2025-07-07
4587,990,Closed,High,Power,21,2025-10-24
4588,445,Open,Low,Power,41,2025-10-20
4589,439,Blocked,Medium,Hydraulics,4,2025-08-19
4590,541,Open,Medium,Hull,109,2026-01-29
4591,67,Open,Low,Hydraulics,51,2026-05-06
4592,960,Blocked,High,Power,58,2025-09-26
4593,712,Closed,Medium,Power,102,2025-10-19
4594,184,In Progress,Critical,Software,18,2026-06-02
4595,700,Open,Low,Hull,110,2025-11-17
4596,289,Open,Medium,Hydraulics,108,2025-08-10
4597,715,Open,Medium,Hull,103,2025-09-24
4598,359,In Progress,Critical,Comms,32,2025-07-21
4599,60,Blocked,Low,Software,120,2025-08-05
4600,27,Open,Critical,Avionics,22,2026-02-14
4601,753,Blocked,Low,Power,90,2025-07-16
4602,475,Closed,Low,Power,88,2025-10-24
4603,952,In Progress,Critical,Avionics,13,2026-06-09
4604,274,Open,Critical,Comms,52,2026-05-26
4605,1058,Open,Low,Software,68,2025-12-17
4606,195,Closed,Critical,Hull,30,2025-12-23
4607,753,Open,Medium,Power,20,2026-03-12
4608,857,In Progress,Critical,Comms,58,2025-08-17
4609,235,Open,Low,Hull,98,2025-08-31
4610,14,Closed,Critical,Software,83,2025-12-08
4611,888,Closed,High,Comms,107,2025-07-30
4612,630,Blocked,Low,Hull,114,2025-07-27
4613,482,Blocked,High,Hull,71,2026-05-19
4614,1166,In Progress,High,Comms,60,2026-03-24
4615,598,Blocked,Medium,Hydraulics,41,2025-12-04
4616,941,Closed,Critical,Software,75,2026-02-13
4617,1167,Closed,Critical,Hydraulics,88,2025-11-28
4618,1173,Open,High,Hull,81,2025-07-08
4619,791,In Progress,Low,Comms,21,2025-12-15
4620,511,Open,Critical,Avionics,34,2026-01-29
4621,35,Open,High,Comms,57,2026-02-18
4622,158,Open,High,Software,79,2026-06-06
4623,779,In Progress,Medium,Hydraulics,8,2026-02-09
4624,629,Closed,Critical,Hydraulics,44,2026-02-08
4625,858,Open,Low,Power,82,2026-04-20
4626,706,In Progress,Medium,Software,100,2025-10-04
4627,597,Closed,Low,Hydraulics,119,2026-05-10
4628,1188,Closed,Low,Hydraulics,71,2026-04-11
4629,1043,Blocked,Low,Comms,90,2025-10-04
4630,837,Open,Critical,Comms,107,2026-04-14
4631,396,Open,Low,Power,11,2025-12-05
4632,1070,Blocked,Medium,Hydraulics,36,2026-02-10
4633,1163,Closed,Medium,Hydraulics,42,2026-06-03
4634,892,Closed,Low,Hull,79,2025-07-12
4635,510,Closed,High,Hydraulics,38,2025-09-09
4636,534,Closed,Low,Hull,50,2025-07-27
4637,296,Closed,Low,Comms,38,2026-04-08
4638,495,Closed,Low,Power,64,2026-02-25
4639,618,In Progress,Medium,Hydraulics,51,2025-11-15
4640,1082,Blocked,Medium,Software,62,2025-12-26
4641,50,Blocked,Medium,Avionics,54,2025-12-11
4642,346,Blocked,Low,Power,34,2025-07-29
4643,1078,Closed,Medium,Hydraulics,57,2025-07-02
4644,977,In Progress,Medium,Avionics,111,2025-10-03
4645,384,Open,High,Hydraulics,86,2025-11-05
4646,1148,Closed,Critical,Hull,29,2025-10-02
4647,545,Blocked,Low,Avionics,80,2026-01-22
4648,906,Blocked,High,Hull,55,2026-04-05
4649,699,In Progress,Medium,Power,52,2026-05-06
4650,822,Open,High,Hull,76,2026-01-11
4651,365,Closed,Low,Power,10,2025-09-27
4652,945,In Progress,Low,Power,89,2025-11-20
4653,295,Blocked,High,Power,83,2025-09-29
4654,931,Blocked,Low,Avionics,81,2025-12-21
4655,48,Closed,High,Power,88,2026-03-02
4656,682,Closed,Low,Hull,54,2026-04-07
4657,640,Blocked,Critical,Avionics,29,2026-04-05
4658,1118,Open,Medium,Hydraulics,59,2025-06-22
4659,893,Closed,Low,Software,99,2026-04-25
4660,482,Blocked,Medium,Software,37,2026-01-05
4661,1108,In Progress,Medium,Power,47,2025-10-20
4662,260,Open,High,Hull,112,2026-03-03
4663,32,Blocked,Medium,Hydraulics,40,2025-08-05
4664,221,Closed,Critical,Comms,107,2025-08-25
4665,723,Closed,High,Avionics,104,2025-08-24
4666,537,Open,Low,Comms,99,2026-04-06
4667,1186,Open,Low,Comms,13,2025-10-22
4668,600,In Progress,Critical,Software,83,2026-04-19
4669,163,In Progress,Medium,Power,67,2025-12-13
4670,513,Open,High,Comms,13,2025-07-12
4671,276,Closed,Critical,Avionics,18,2025-08-12
4672,907,Open,Critical,Power,50,2025-10-06
4673,1028,In Progress,High,Software,1,2025-07-27
4674,197,Blocked,Critical,Power,63,2025-06-19
4675,1168,Open,High,Software,1,2025-09-10
4676,394,In Progress,Low,Hydraulics,73,2026-03-29
4677,92,Blocked,Critical,Avionics,78,2026-04-10
4678,797,Blocked,High,Avionics,20,2026-05-22
4679,1158,Closed,Medium,Hull,33,2025-12-22
4680,660,Closed,Medium,Comms,41,2026-04-20
4681,1137,In Progress,Critical,Software,2,2025-06-28
4682,346,Closed,Medium,Power,54,2025-09-16
4683,366,Open,Critical,Avionics,71,2026-06-08
4684,17,Open,High,Comms,112,2026-05-23
4685,247,Open,Low,Comms,32,2026-05-08
4686,1,Blocked,Low,Hydraulics,59,2026-03-04
4687,1102,Closed,Medium,Software,95,2025-10-07
4688,982,In Progress,Medium,Avionics,117,2026-06-03
4689,391,Closed,Low,Avionics,8,2025-07-02
4690,1111,Closed,Low,Software,95,2026-02-08
4691,349,In Progress,Medium,Comms,76,2026-04-13
4692,958,Closed,Critical,Hydraulics,15,2026-01-14
4693,751,Open,High,Power,109,2026-01-29
4694,139,Closed,Low,Avionics,108,2026-03-09
4695,260,In Progress,Critical,Software,85,2026-02-21
4696,342,In Progress,High,Comms,72,2025-07-29
4697,838,Blocked,Medium,Software,99,2026-04-12
4698,487,In Progress,High,Comms,113,2026-02-14
4699,800,Closed,Medium,Comms,84,2026-04-11
4700,552,Blocked,High,Software,12,2025-09-05
4701,109,In Progress,Medium,Hydraulics,47,2026-02-13
4702,744,Closed,High,Hydraulics,115,2026-03-03
4703,1056,Blocked,Medium,Hull,84,2025-10-21
4704,442,Closed,Low,Avionics,85,2025-08-08
4705,55,Blocked,High,Software,63,2026-01-15
4706,749,Open,Medium,Comms,82,2026-03-31
4707,307,Open,Critical,Power,93,2025-08-18
4708,1199,Blocked,Low,Avionics,55,2026-05-07
4709,959,In Progress,High,Comms,6,2026-04-27
4710,384,Open,Critical,Power,43,2026-05-05
4711,540,Open,Low,Software,79,2026-06-12
4712,248,In Progress,Critical,Software,36,2025-12-06
4713,691,Closed,High,Power,76,2026-02-22
4714,528,Open,Low,Software,112,2026-06-02
4715,357,In Progress,Critical,Software,117,2025-07-01
4716,1059,Blocked,Critical,Comms,70,2026-05-01
4717,46,In Progress,Critical,Avionics,107,2025-08-21
4718,115,Blocked,Low,Hull,103,2026-06-12
4719,43,Closed,Low,Power,111,2025-10-26
4720,431,Closed,High,Power,88,2025-08-03
4721,301,Blocked,Medium,Power,105,2025-08-16
4722,766,Open,Critical,Comms,89,2025-12-31
4723,1121,Closed,High,Software,94,2025-09-10
4724,28,Open,Low,Power,89,2026-03-06
4725,1152,In Progress,Low,Hydraulics,49,2025-11-03
4726,313,In Progress,High,Power,80,2026-03-23
4727,585,Open,Critical,Avionics,18,2025-12-27
4728,707,Open,Low,Hull,115,2025-12-26
4729,919,Blocked,Medium,Comms,35,2025-10-01
4730,871,Blocked,Low,Hull,89,2025-11-03
4731,993,Blocked,Medium,Software,62,2026-04-22
4732,993,Closed,High,Hull,32,2025-07-29
4733,112,Blocked,Medium,Hull,17,2026-04-22
4734,1099,Open,Low,Comms,8,2026-04-28
4735,76,In Progress,Critical,Power,83,2025-09-29
4736,943,Open,High,Software,2,2026-04-28
4737,541,Open,Medium,Comms,20,2025-08-22
4738,322,Open,Medium,Power,100,2026-04-08
4739,1155,Blocked,Critical,Hull,32,2026-04-13
4740,440,In Progress,Critical,Software,109,2026-05-10
4741,984,Blocked,Critical,Hull,47,2026-01-27
4742,732,In Progress,High,Power,66,2025-07-23
4743,848,Closed,High,Software,47,2025-07-31
4744,51,Closed,Critical,Power,65,2025-12-11
4745,977,Closed,Medium,Power,112,2026-01-10
4746,1045,Open,Critical,Hydraulics,6,2026-04-01
4747,106,In Progress,Low,Power,46,2025-11-16
4748,535,Blocked,Critical,Power,109,2025-07-08
4749,511,Blocked,Medium,Hull,80,2025-11-11
4750,1044,In Progress,High,Software,34,2025-12-27
4751,1042,Blocked,High,Hull,1,2026-03-09
4752,588,Blocked,Low,Power,5,2025-10-28
4753,674,In Progress,Critical,Hydraulics,62,2026-03-05
4754,83,Blocked,Critical,Comms,14,2026-03-28
4755,135,Closed,Low,Comms,16,2025-08-22
4756,406,Blocked,Critical,Comms,79,2026-05-29
4757,714,Blocked,High,Hydraulics,23,2025-08-27
4758,1178,In Progress,Low,Hydraulics,114,2025-11-19
4759,311,Open,High,Software,86,2025-09-12
4760,943,Open,Critical,Avionics,67,2026-06-12
4761,12,Closed,Low,Hull,90,2025-07-06
4762,944,In Progress,High,Hull,7,2026-02-23
4763,541,Blocked,Low,Software,20,2026-05-11
4764,899,Blocked,Low,Hydraulics,88,2025-10-19
4765,852,Closed,High,Power,78,2025-11-07
4766,421,Closed,High,Hull,90,2026-06-05
4767,1059,Closed,Medium,Avionics,51,2025-08-28
4768,186,Closed,Critical,Hull,40,2026-03-14
4769,648,Blocked,Low,Hydraulics,11,2026-03-30
4770,849,In Progress,High,Comms,9,2026-05-30
4771,916,Open,Low,Power,25,2026-05-23
4772,133,Closed,Medium,Avionics,48,2026-02-25
4773,653,Blocked,Critical,Avionics,18,2025-10-22
4774,1089,Blocked,High,Software,48,2026-04-21
4775,1102,Closed,Critical,Software,42,2025-09-25
4776,767,In Progress,Low,Hull,67,2025-07-19
4777,186,Open,Medium,Hull,67,2026-06-06
4778,496,In Progress,Critical,Avionics,101,2025-11-20
4779,1066,Blocked,Medium,Software,118,2026-04-09
4780,629,In Progress,Low,Comms,31,2026-03-27
4781,536,In Progress,High,Hydraulics,23,2026-02-04
4782,758,In Progress,Low,Power,45,2025-10-09
4783,654,Open,Critical,Avionics,99,2026-05-10
4784,785,Closed,Medium,Power,99,2025-11-03
4785,426,Open,High,Power,77,2025-11-15
4786,258,In Progress,Critical,Hydraulics,64,2025-12-04
4787,113,In Progress,Medium,Avionics,60,2026-03-26
4788,526,In Progress,Low,Software,96,2026-05-23
4789,153,Closed,Low,Avionics,100,2026-03-11
4790,993,In Progress,Critical,Power,36,2025-09-17
4791,426,Blocked,Medium,Comms,54,2026-01-27
4792,5,Closed,Medium,Hydraulics,32,2026-05-25
4793,751,Blocked,Critical,Avionics,91,2025-09-26
4794,827,Closed,Medium,Avionics,104,2026-03-04
4795,351,In Progress,High,Avionics,47,2025-10-06
4796,181,In Progress,High,Power,110,2025-06-23
4797,196,In Progress,Critical,Comms,26,2026-05-24
4798,781,Open,High,Power,94,2026-04-17
4799,639,In Progress,High,Hull,7,2026-04-18
4800,291,Blocked,Medium,Power,84,2025-07-27
4801,964,In Progress,Medium,Power,5,2026-03-21
4802,655,In Progress,High,Avionics,98,2026-06-03
4803,831,Open,Low,Hydraulics,79,2025-09-21
4804,35,Blocked,Low,Power,84,2025-11-27
4805,1088,Closed,Medium,Power,109,2025-09-23
4806,339,Blocked,Medium,Avionics,65,2026-03-11
4807,1008,Blocked,Low,Hull,72,2025-06-23
4808,462,Blocked,Medium,Power,46,2025-12-07
4809,823,Blocked,Medium,Software,72,2025-12-19
4810,130,Blocked,Medium,Hydraulics,79,2025-08-21
4811,1155,Blocked,Critical,Software,102,2026-06-01
4812,798,Open,Low,Power,92,2025-08-09
4813,737,In Progress,Critical,Hydraulics,117,2026-04-22
4814,1075,Closed,Low,Software,95,2026-05-26
4815,258,Closed,Critical,Avionics,74,2026-02-22
4816,592,Blocked,Low,Power,59,2026-02-23
4817,759,Open,Low,Hull,104,2025-09-06
4818,645,Blocked,Low,Hull,87,2025-11-20
4819,803,Blocked,High,Software,77,2026-03-25
4820,80,Blocked,Critical,Software,120,2025-08-16
4821,813,In Progress,Critical,Hydraulics,26,2026-03-10
4822,347,In Progress,High,Avionics,33,2026-04-30
4823,492,Open,Low,Hull,31,2025-09-01
4824,132,Open,Low,Hull,110,2025-09-10
4825,1155,Open,Critical,Comms,109,2025-10-15
4826,505,In Progress,Critical,Power,76,2025-07-29
4827,161,Blocked,Low,Comms,19,2025-09-25
4828,102,Closed,Medium,Avionics,18,2025-12-05
4829,296,In Progress,Medium,Software,53,2025-11-11
4830,248,Open,High,Comms,99,2025-12-02
4831,270,Blocked,High,Power,18,2026-06-16
4832,299,In Progress,High,Hydraulics,37,2026-06-16
4833,492,In Progress,Low,Hydraulics,89,2025-11-23
4834,270,Open,Low,Avionics,13,2025-07-02
4835,391,Closed,Medium,Software,78,2026-02-09
4836,351,Blocked,Medium,Comms,31,2025-06-30
4837,682,Closed,Low,Software,13,2026-05-06
4838,478,In Progress,High,Hydraulics,78,2026-01-21
4839,661,Open,Critical,Comms,63,2026-04-24
4840,842,Blocked,Medium,Comms,90,2025-07-31
4841,1064,Closed,High,Comms,63,2026-05-10
4842,770,Open,High,Software,97,2025-08-15
4843,931,Blocked,Critical,Hydraulics,49,2026-03-11
4844,142,Open,High,Software,25,2025-12-16
4845,1,Open,Critical,Software,7,2026-03-18
4846,804,In Progress,Medium,Hull,8,2026-01-30
4847,264,In Progress,Critical,Avionics,93,2026-01-31
4848,685,Closed,Critical,Comms,21,2025-08-31
4849,864,Closed,Low,Comms,120,2025-10-05
4850,406,In Progress,Critical,Software,19,2026-02-14
4851,597,Closed,High,Comms,58,2025-07-18
4852,932,In Progress,Medium,Comms,39,2025-07-07
4853,398,Open,Medium,Power,56,2025-11-08
4854,341,In Progress,Medium,Hydraulics,21,2026-01-17
4855,1086,In Progress,Medium,Software,93,2026-02-18
4856,170,Blocked,Medium,Hydraulics,93,2026-06-03
4857,335,Blocked,Medium,Software,4,2026-05-09
4858,789,Closed,Medium,Comms,4,2025-07-18
4859,1190,Open,High,Comms,88,2025-10-11
4860,197,Blocked,High,Avionics,22,2026-02-27
4861,638,In Progress,High,Hydraulics,76,2026-02-03
4862,318,Blocked,High,Hull,57,2026-02-18
4863,54,In Progress,Medium,Comms,83,2025-07-04
4864,714,Blocked,Low,Hull,117,2025-06-23
4865,321,In Progress,Medium,Comms,59,2025-12-09
4866,571,Blocked,Low,Hydraulics,110,2025-12-15
4867,701,In Progress,Medium,Comms,67,2025-10-18
4868,916,Open,High,Comms,116,2025-10-14
4869,45,In Progress,High,Avionics,75,2026-05-28
4870,549,Closed,High,Power,74,2025-09-02
4871,708,In Progress,Low,Power,104,2025-12-19
4872,977,In Progress,Medium,Hydraulics,95,2026-03-22
4873,392,Open,Low,Hull,1,2026-03-12
4874,1146,Open,Critical,Software,56,2026-01-04
4875,622,Closed,High,Comms,59,2026-05-25
4876,584,Blocked,Critical,Hydraulics,96,2025-12-13
4877,201,In Progress,High,Comms,47,2026-02-14
4878,780,Open,High,Software,82,2025-12-30
4879,781,In Progress,Medium,Hull,109,2025-09-25
4880,2,Blocked,Medium,Hydraulics,87,2025-11-05
4881,756,Open,High,Avionics,96,2026-05-23
4882,128,Blocked,High,Comms,53,2025-10-11
4883,365,Open,High,Hydraulics,55,2025-07-25
4884,836,Closed,Critical,Comms,65,2025-08-28
4885,54,Open,High,Comms,41,2025-12-31
4886,1165,Blocked,Critical,Hull,5,2025-09-14
4887,509,Closed,Medium,Power,22,2025-10-28
4888,592,In Progress,High,Comms,20,2026-06-12
4889,49,Blocked,Critical,Power,109,2026-02-18
4890,461,Closed,Medium,Comms,9,2026-04-24
4891,605,Blocked,Medium,Avionics,90,2026-01-03
4892,426,Open,Critical,Power,20,2025-10-07
4893,546,Open,Medium,Avionics,78,2026-01-27
4894,134,Closed,High,Software,32,2025-08-14
4895,62,In Progress,High,Comms,10,2025-11-11
4896,382,Blocked,Medium,Hydraulics,95,2025-09-27
4897,823,Closed,High,Power,57,2025-10-12
4898,1125,Open,Critical,Hull,57,2025-07-03
4899,781,Blocked,High,Hydraulics,65,2025-12-05
4900,848,Open,Medium,Hull,85,2026-04-08
4901,62,Open,Critical,Comms,6,2026-06-02
4902,142,Open,Low,Hydraulics,38,2025-11-27
4903,594,Blocked,Low,Hull,78,2025-09-08
4904,609,Open,Medium,Avionics,95,2026-04-30
4905,1043,Blocked,Critical,Comms,76,2026-02-13
4906,41,Blocked,Low,Power,75,2025-07-11
4907,143,Open,Low,Hull,22,2025-11-18
4908,394,Blocked,Low,Software,23,2025-08-26
4909,64,In Progress,High,Avionics,92,2025-07-03
4910,849,Open,High,Power,11,2025-10-02
4911,267,Open,Low,Hull,6,2026-03-08
4912,563,Open,Medium,Avionics,103,2026-01-09
4913,713,Open,High,Hydraulics,12,2025-07-17
4914,747,Blocked,Critical,Avionics,50,2025-12-06
4915,851,Closed,Low,Hull,104,2025-09-10
4916,733,Blocked,Low,Avionics,34,2026-01-31
4917,1070,Blocked,Medium,Avionics,43,2025-12-28
4918,826,Blocked,Low,Avionics,35,2026-05-03
4919,270,Closed,Critical,Avionics,88,2025-08-16
4920,320,Blocked,Low,Hydraulics,70,2026-02-08
4921,796,Open,Low,Power,16,2025-12-04
4922,241,Closed,Low,Hydraulics,111,2025-11-16
4923,965,Blocked,Low,Hydraulics,97,2026-03-26
4924,758,Blocked,Medium,Avionics,5,2026-03-09
4925,805,Closed,Low,Power,2,2026-01-23
4926,522,In Progress,Critical,Power,45,2026-01-27
4927,442,Open,Low,Hull,26,2025-06-17
4928,1023,In Progress,Low,Hydraulics,1,2026-02-25
4929,899,Blocked,Medium,Comms,5,2025-10-04
4930,1118,Blocked,High,Comms,96,2025-12-18
4931,363,Open,High,Software,67,2026-01-27
4932,895,Closed,Low,Comms,76,2025-11-05
4933,263,In Progress,High,Hydraulics,53,2026-01-25
4934,80,Open,Low,Software,95,2025-10-26
4935,1178,Open,Medium,Software,13,2025-11-11
4936,551,Open,Low,Software,79,2026-04-19
4937,1035,In Progress,Low,Comms,111,2025-07-18
4938,926,In Progress,Low,Comms,90,2026-03-13
4939,379,Blocked,Critical,Comms,10,2026-01-05
4940,687,In Progress,High,Power,34,2026-01-03
4941,393,Blocked,High,Avionics,20,2025-08-03
4942,830,Blocked,Critical,Comms,23,2025-07-18
4943,982,Closed,Medium,Comms,77,2025-06-23
4944,807,Blocked,Critical,Software,9,2025-12-09
4945,171,Blocked,Low,Avionics,99,2025-12-17
4946,351,Closed,Medium,Hydraulics,105,2025-10-06
4947,556,Open,Medium,Comms,55,2025-10-26
4948,1010,Closed,Critical,Software,67,2026-04-08
4949,479,Closed,Critical,Hull,65,2025-06-25
4950,137,Closed,Low,Avionics,66,2025-12-13
4951,276,Open,High,Software,79,2025-09-06
4952,457,Open,High,Comms,89,2025-08-28
4953,449,Open,Medium,Power,59,2025-11-01
4954,1181,Open,Medium,Software,24,2025-07-28
4955,510,Closed,Critical,Avionics,107,2025-09-20
4956,794,Open,Medium,Avionics,58,2026-04-28
4957,310,Open,High,Comms,18,2026-05-27
4958,782,Open,Critical,Comms,72,2025-12-17
4959,858,Open,Critical,Avionics,109,2026-01-18
4960,41,Open,High,Comms,31,2026-06-12
4961,56,Closed,Medium,Hull,115,2025-07-21
4962,991,Closed,Medium,Avionics,100,2026-02-22
4963,1083,In Progress,Critical,Hydraulics,28,2025-07-30
4964,1195,Open,High,Hull,51,2025-12-07
4965,829,Closed,Critical,Avionics,102,2026-02-08
4966,698,Open,High,Software,83,2026-01-02
4967,55,Blocked,Low,Avionics,87,2025-09-04
4968,110,Open,Medium,Hull,81,2026-05-12
4969,383,Open,High,Comms,91,2026-02-12
4970,1035,Blocked,Low,Power,115,2026-04-04
4971,883,Blocked,High,Avionics,75,2026-06-02
4972,1176,Open,High,Hydraulics,34,2026-05-24
4973,433,Open,Critical,Hull,7,2026-02-15
4974,762,In Progress,Low,Software,82,2025-08-17
4975,1197,Closed,Low,Hull,12,2025-06-27
4976,1191,Open,Low,Comms,115,2026-04-08
4977,636,Closed,Medium,Hull,67,2026-03-24
4978,540,In Progress,Low,Hydraulics,108,2026-05-08
4979,192,Closed,Critical,Power,73,2026-01-12
4980,192,Closed,Low,Hull,57,2025-08-11
4981,682,Open,High,Comms,86,2026-03-26
4982,84,In Progress,High,Hull,44,2025-12-26
4983,408,Blocked,Low,Hull,46,2025-09-12
4984,271,Blocked,Medium,Avionics,92,2025-06-20
4985,1103,Closed,Medium,Avionics,117,2026-04-04
4986,406,In Progress,Low,Hull,64,2025-10-22
4987,597,Closed,Critical,Power,113,2025-07-08
4988,811,Blocked,Critical,Hydraulics,99,2026-02-28
4989,666,Blocked,Low,Hydraulics,34,2026-01-04
4990,1012,In Progress,High,Software,120,2025-12-01
4991,280,Open,Critical,Software,14,2025-11-12
4992,350,Closed,Low,Software,6,2026-06-11
4993,53,Closed,Medium,Software,12,2025-09-14
4994,5,Open,Low,Hydraulics,82,2026-03-15
4995,294,In Progress,Low,Hydraulics,33,2026-01-28
4996,199,Open,Critical,Software,88,2026-03-06
4997,51,Blocked,Critical,Hull,91,2026-04-27
4998,1066,Open,High,Hull,52,2025-12-19
4999,173,Closed,Low,Hull,34,2025-10-22
5000,640,Open,High,Power,29,2025-09-09
